text,is_spam1_or_clickbait2,text_key,model_text
Почему,0,почему,почему
отчет },1,отчет },отчет
Хорошо,0,хорошо,хорошо
Что ты делаешь,0,что ты делаешь,что ты делаешь
645,0,645,num
И,0,и,и
Добрый вечер,0,добрый вечер,добрый вечер
Как тебя зовут,0,как тебя зовут,как тебя зовут
До свидания,0,до свидания,до свидания
Что это значит,0,что это значит,что это значит
Доброе утро,0,доброе утро,доброе утро
Добрый день,0,добрый день,добрый день
Пожалуйста,0,пожалуйста,пожалуйста
 13       234567890 234567890 234567890 234567890,1,13 234567890 234567890 234567890 234567890,num num num num num
Почему?,0,почему?,почему
почему…,0,почему…,почему
Ну ладно (,0,ну ладно (,ну ладно
Ну ладно,0,ну ладно,ну ладно
хорошо🥹,0,хорошо🥹,хорошо
2024 ?,0,2024 ?,num
+2/-2?,0,+2/-2?,num num
01.01.02,0,01.01.02,num num
7*7 = 49 = (50-1) 50*7-7 = 343,0,7*7 = 49 = (50-1) 50*7-7 = 343,num num num num num num num num num
Почему?),0,почему?),почему
Простите,0,простите,простите
Мне 41...,0,мне 41...,мне num
"0000,1% = 0,1%",0,"0000,1% = 0,1%",num num
99.99%,0,99.99%,num
почему.,0,почему.,почему
мне 33,0,мне 33,мне num
2010-12-31,0,2010-12-31,num num num
здравствуйте,0,здравствуйте,здравствуйте
1.2 1.3,0,1.2 1.3,num num
https://www.dataandsons.com/blog/List-of-Lists,0,https://www.dataandsons.com/blog/list-of-lists,url
[https://www.kaggle.com/rtatman/sentiment-lexicons-for-81-languages](https://www.kaggle.com/rtatman/sentiment-lexicons-for-81-languages),0,[https://www.kaggle.com/rtatman/sentiment-lexicons-for-81-languages](https://www.kaggle.com/rtatman/sentiment-lexicons-for-81-languages),url
https://twitter.com/justmarkham/status/1192794326763474944,0,https://twitter.com/justmarkham/status/1192794326763474944,url
[https://twitter.com/karim\_douieb/status/1235137396418760705](https://twitter.com/karim_douieb/status/1235137396418760705),0,[https://twitter.com/karim\_douieb/status/1235137396418760705](https://twitter.com/karim_douieb/status/1235137396418760705),url
[https://makeml.app/datasets/sheep](https://makeml.app/datasets/sheep),0,[https://makeml.app/datasets/sheep](https://makeml.app/datasets/sheep),url
[https://makeml.app/datasets/mask](https://makeml.app/datasets/mask),0,[https://makeml.app/datasets/mask](https://makeml.app/datasets/mask),url
[http://omnisci.link/tgj3n8](http://omnisci.link/tgj3n8),0,[http://omnisci.link/tgj3n8](http://omnisci.link/tgj3n8),url
[https://www.apple.com/covid19/mobility](https://www.apple.com/covid19/mobility),0,[https://www.apple.com/covid19/mobility](https://www.apple.com/covid19/mobility),url
[https://github.com/surge-ai/profanity](https://github.com/surge-ai/profanity),0,[https://github.com/surge-ai/profanity](https://github.com/surge-ai/profanity),url
https://www.kaggle.com/deepcontractor/marvel-comic-books,0,https://www.kaggle.com/deepcontractor/marvel-comic-books,url
[https://leapsapp.analyttica.com/courses/overview/Predictive-Modelling-Logistic-Reгрессия](https://leapsapp.analyttica.com/courses/overview/Predictive-Modelling-Logistic-Reгрессия),0,[https://leapsapp.analyttica.com/courses/overview/predictive-modelling-logistic-reгрессия](https://leapsapp.analyttica.com/courses/overview/predictive-modelling-logistic-reгрессия),url
[https://data.openup.org.ua/dataset/population-ukraine-sex-and-age](https://data.openup.org.ua/dataset/population-ukraine-sex-and-age),0,[https://data.openup.org.ua/dataset/population-ukraine-sex-and-age](https://data.openup.org.ua/dataset/population-ukraine-sex-and-age),url
Как тебя зовут?,2,как тебя зовут?,как тебя зовут
Потрясающе.,0,потрясающе.,потрясающе
ДЖЕЙСОН: ДЖЕЙСОН: ДЖЕЙСОН: ДЖЕЙСОН: ДЖЕЙСОН:,0,джейсон: джейсон: джейсон: джейсон: джейсон:,джейсон джейсон джейсон джейсон джейсон
2019 год Выдвижение кандидатов на премию SAG: см. полный список номинаций — разновидность,0,2019 год выдвижение кандидатов на премию sag: см. полный список номинаций — разновидность,num год выдвижение кандидатов на премию sag см полный список номинаций разновидность
"Всё, что вам нужно знать:",0,"все, что вам нужно знать:",все что вам нужно знать
2018 год Выдвижение кандидатов на премию SAG: см. полный список номинаций — разновидность,2,2018 год выдвижение кандидатов на премию sag: см. полный список номинаций — разновидность,num год выдвижение кандидатов на премию sag см полный список номинаций разновидность
Жена Ричарда Никсона умерла 24 июня.,2,жена ричарда никсона умерла 24 июня.,жена ричарда никсона умерла num июня
Третий сезон IZombie состоялся в 2017 году.,0,третий сезон izombie состоялся в 2017 году.,третий сезон izombie состоялся в num году
Take Me High был выпущен на Warner Home Video в 1988 году.,0,take me high был выпущен на warner home video в 1988 году.,take me high был выпущен на warner home video в num году
Pink Floyd был введён в Зал славы Великобритании в 2010 году.,2,pink floyd был введен в зал славы великобритании в 2010 году.,pink floyd был введен в зал славы великобритании в num году
Линда Маккартни умерла 17 апреля 1998 года.,0,линда маккартни умерла 17 апреля 1998 года.,линда маккартни умерла num апреля num года
Led Zeppelin выпустили свой первый альбом в 1969 году.,0,led zeppelin выпустили свой первый альбом в 1969 году.,led zeppelin выпустили свой первый альбом в num году
Douglas Aircraft Company объединилась с McDonnell Aircraft в 1227 году.,2,douglas aircraft company объединилась с mcdonnell aircraft в 1227 году.,douglas aircraft company объединилась с mcdonnell aircraft в num году
"Этой спортивной жизнью руководил человек, который умер в 1994 году.",0,"этой спортивной жизнью руководил человек, который умер в 1994 году.",этой спортивной жизнью руководил человек который умер в num году
Дэвид Бекхем женат на Виктории Бекхем с 1999 года.,0,дэвид бекхем женат на виктории бекхем с 1999 года.,дэвид бекхем женат на виктории бекхем с num года
Рамона Маркес родилась в 1991 году.,2,рамона маркес родилась в 1991 году.,рамона маркес родилась в num году
Эмма Стоун родилась в 1966 году.,2,эмма стоун родилась в 1966 году.,эмма стоун родилась в num году
Принц жил до 78 лет.,2,принц жил до 78 лет.,принц жил до num лет
Тревор Бербик умер 28 октября 2006 года.,0,тревор бербик умер 28 октября 2006 года.,тревор бербик умер num октября num года
Тоби Магуайр родился 27 июня 1975 года.,0,тоби магуайр родился 27 июня 1975 года.,тоби магуайр родился num июня num года
Brockback Mountain — фильм 2009 года.,2,brockback mountain — фильм 2009 года.,brockback mountain фильм num года
Ajab Prem Ki Gazab Kahani — фильм 2017 года.,2,ajab prem ki gazab kahani — фильм 2017 года.,ajab prem ki gazab kahani фильм num года
Гарри Стайлз дебютировал в 2017 году.,0,гарри стайлз дебютировал в 2017 году.,гарри стайлз дебютировал в num году
Баль Гангадхар Тилак умер 1 августа 1820 года.,0,баль гангадхар тилак умер 1 августа 1820 года.,баль гангадхар тилак умер num августа num года
Синий район Тихого океана закончился в 2000 году.,0,синий район тихого океана закончился в 2000 году.,синий район тихого океана закончился в num году
Кольм Форе родился 22 августа 1958 года.,0,кольм форе родился 22 августа 1958 года.,кольм форе родился num августа num года
Как я встретил твою маму 208 сезонов.,2,как я встретил твою маму 208 сезонов.,как я встретил твою маму num сезонов
Джордж Кукор умер в 1983 году.,0,джордж кукор умер в 1983 году.,джордж кукор умер в num году
Жан-Мартин Чаркот родился в 1825 году.,0,жан-мартин чаркот родился в 1825 году.,жан мартин чаркот родился в num году
Lightning Point был снят в 2012 году.,2,lightning point был снят в 2012 году.,lightning point был снят в num году
Датская девочка — фильм 2015 года.,0,датская девочка — фильм 2015 года.,датская девочка фильм num года
Тиффани Хван выпустила я просто хочу танцевать в 2017 году.,2,тиффани хван выпустила я просто хочу танцевать в 2017 году.,тиффани хван выпустила я просто хочу танцевать в num году
Премьера состоялась в 2017 году.,2,премьера состоялась в 2017 году.,премьера состоялась в num году
Элизабет II родилась 21 апреля 1726 года.,2,элизабет ii родилась 21 апреля 1726 года.,элизабет ii родилась num апреля num года
Джордж Буш был 41-м президентом США.,0,джордж буш был 41-м президентом сша.,джордж буш был num м президентом сша
В 2006 году были выпущены монстрские звонки.,2,в 2006 году были выпущены монстрские звонки.,в num году были выпущены монстрские звонки
Фредерик Огюст Бартольди умер 14 октября 1904 года.,2,фредерик огюст бартольди умер 14 октября 1904 года.,фредерик огюст бартольди умер num октября num года
Роберт Браунинг родился в 1812 году.,0,роберт браунинг родился в 1812 году.,роберт браунинг родился в num году
Бриджит Макрон родилась 13 апреля 1953 года.,0,бриджит макрон родилась 13 апреля 1953 года.,бриджит макрон родилась num апреля num года
Джимми Картер родился 1 октября 1924 года.,0,джимми картер родился 1 октября 1924 года.,джимми картер родился num октября num года
Мао Цзэдун умер в 1956 году.,2,мао цзэдун умер в 1956 году.,мао цзэдун умер в num году
Эзра Эдельман родился в 1974 году.,0,эзра эдельман родился в 1974 году.,эзра эдельман родился в num году
Макбет был впервые опубликован в Фолио 1623 года.,0,макбет был впервые опубликован в фолио 1623 года.,макбет был впервые опубликован в фолио num года
Орлы распались в 1980 году.,2,орлы распались в 1980 году.,орлы распались в num году
Крис Ву родился в 1990 году.,0,крис ву родился в 1990 году.,крис ву родился в num году
"Интерес к четвёртым сериям Шерлока, как представляется, сократился примерно на 20 процентов.",0,"интерес к четвертым сериям шерлока, как представляется, сократился примерно на 20 процентов.",интерес к четвертым сериям шерлока как представляется сократился примерно на num процентов
Фред Сэвидж родился в 1976 году.,0,фред сэвидж родился в 1976 году.,фред сэвидж родился в num году
На страны Группы двадцати приходится 0% мировой торговли.,2,на страны группы двадцати приходится 0% мировой торговли.,на страны группы двадцати приходится num мировой торговли
В 1814 году Крис Пратт сыграл в двух коммерчески успешных фильмах.,2,в 1814 году крис пратт сыграл в двух коммерчески успешных фильмах.,в num году крис пратт сыграл в двух коммерчески успешных фильмах
Фрэнк Синатра выпустил альбом The Voice of Frank Sinatra в 1976 году.,2,фрэнк синатра выпустил альбом the voice of frank sinatra в 1976 году.,фрэнк синатра выпустил альбом the voice of frank sinatra в num году
Гуд Уилл Хантинг был выпущен в 1998 году.,2,гуд уилл хантинг был выпущен в 1998 году.,гуд уилл хантинг был выпущен в num году
Фантомы адаптированы к роману 1983 года.,0,фантомы адаптированы к роману 1983 года.,фантомы адаптированы к роману num года
Тони Билл дебютировал в 1980 году.,0,тони билл дебютировал в 1980 году.,тони билл дебютировал в num году
Эван Рейчел Вуд начал играть в 2000-х.,2,эван рейчел вуд начал играть в 2000-х.,эван рейчел вуд начал играть в num х
Чарльз Маккей родился 27 марта 1914 года.,2,чарльз маккей родился 27 марта 1914 года.,чарльз маккей родился num марта num года
Джон Ф. Кеннеди выиграл президентские выборы 1860 года.,2,джон ф. кеннеди выиграл президентские выборы 1860 года.,джон ф кеннеди выиграл президентские выборы num года
Джейсон Судейкис стал членом SNL в 2005 году.,0,джейсон судейкис стал членом snl в 2005 году.,джейсон судейкис стал членом snl в num году
Тина Тернер выпустила Break Every Rule в 1886 году.,2,тина тернер выпустила break every rule в 1886 году.,тина тернер выпустила break every rule в num году
Джудит Барси умерла в 1988 году.,0,джудит барси умерла в 1988 году.,джудит барси умерла в num году
С Земли до Луны был создан в 2001 году.,2,с земли до луны был создан в 2001 году.,с земли до луны был создан в num году
Вилли Нельсон окончил среднюю школу в 1948 году.,2,вилли нельсон окончил среднюю школу в 1948 году.,вилли нельсон окончил среднюю школу в num году
Эдерсон Мораес родился в 1991 году.,2,эдерсон мораес родился в 1991 году.,эдерсон мораес родился в num году
Hacksaw Ridge был выпущен в США в 2018 году.,2,hacksaw ridge был выпущен в сша в 2018 году.,hacksaw ridge был выпущен в сша в num году
В 2014 году открылся Всемирный торговый центр.,0,в 2014 году открылся всемирный торговый центр.,в num году открылся всемирный торговый центр
Мао Цзэдун родился в 1893 году.,0,мао цзэдун родился в 1893 году.,мао цзэдун родился в num году
Финал WTA 2014 закончился 26 октября.,0,финал wta 2014 закончился 26 октября.,финал wta num закончился num октября
"Стоимость Ливерпуля в США составила 1,2 млрд. долл. США.",2,"стоимость ливерпуля в сша составила 1,2 млрд. долл. сша.",стоимость ливерпуля в сша составила num млрд долл сша
День рождения Боба Райли - 1 октября 1999 года.,2,день рождения боба райли - 1 октября 1999 года.,день рождения боба райли num октября num года
Том Круз был в фильме 1981 года.,0,том круз был в фильме 1981 года.,том круз был в фильме num года
Наполеон руководил своей первой военной кампанией в возрасте 5 лет.,2,наполеон руководил своей первой военной кампанией в возрасте 5 лет.,наполеон руководил своей первой военной кампанией в возрасте num лет
Джет Ли дебютировал в 1912 году.,2,джет ли дебютировал в 1912 году.,джет ли дебютировал в num году
Брэдли Купер родился в 1960 году.,2,брэдли купер родился в 1960 году.,брэдли купер родился в num году
Дэвид Анжел умер в 2001 году.,0,дэвид анжел умер в 2001 году.,дэвид анжел умер в num году
Пранаб Мукерджи родился в 1935 году.,0,пранаб мукерджи родился в 1935 году.,пранаб мукерджи родился в num году
Первый сезон Американской истории ужасов прошёл в 1970 году.,2,первый сезон американской истории ужасов прошел в 1970 году.,первый сезон американской истории ужасов прошел в num году
Ярди был опубликован в 1992 году.,0,ярди был опубликован в 1992 году.,ярди был опубликован в num году
Дэвид Швиммер был показан как титульный персонаж в драме Дюэйн Хопвуд 2007 года.,2,дэвид швиммер был показан как титульный персонаж в драме дюэйн хопвуд 2007 года.,дэвид швиммер был показан как титульный персонаж в драме дюэйн хопвуд num года
Джек Паар родился 1 мая 1918 года.,0,джек паар родился 1 мая 1918 года.,джек паар родился num мая num года
Игра престолов была номинирована на премию за туманность 1997 года.,0,игра престолов была номинирована на премию за туманность 1997 года.,игра престолов была номинирована на премию за туманность num года
Кейт Бекенсейл была студенткой в 1993 году.,0,кейт бекенсейл была студенткой в 1993 году.,кейт бекенсейл была студенткой в num году
Спотлайт собрал 90 миллионов долларов по всему миру.,0,спотлайт собрал 90 миллионов долларов по всему миру.,спотлайт собрал num миллионов долларов по всему миру
Августо Пиночета родился в 1924 году.,2,августо пиночета родился в 1924 году.,августо пиночета родился в num году
Стеффи Граф родился в 1989 году.,2,стеффи граф родился в 1989 году.,стеффи граф родился в num году
Игра престолов (сезон 3) имела 8 эпизодов.,2,игра престолов (сезон 3) имела 8 эпизодов.,игра престолов сезон num имела num эпизодов
Рональд Рейган раскрыл свой диагноз болезни Альцгеймера в 1998 году.,2,рональд рейган раскрыл свой диагноз болезни альцгеймера в 1998 году.,рональд рейган раскрыл свой диагноз болезни альцгеймера в num году
Ли Майорс родился в 1939 году.,0,ли майорс родился в 1939 году.,ли майорс родился в num году
Суринам покинул Королевство Нидерландов в 1985 году.,2,суринам покинул королевство нидерландов в 1985 году.,суринам покинул королевство нидерландов в num году
Джош Хартнетт родился в 1980 году.,2,джош хартнетт родился в 1980 году.,джош хартнетт родился в num году
Бал Гангадхар Тилак умер в 1920 году.,0,бал гангадхар тилак умер в 1920 году.,бал гангадхар тилак умер в num году
В 2013 году премьера состоялась в США.,0,в 2013 году премьера состоялась в сша.,в num году премьера состоялась в сша
Марго Киддер выиграл награду в 2015 году.,0,марго киддер выиграл награду в 2015 году.,марго киддер выиграл награду в num году
Элизабет Мериветер родилась в 1981 году.,0,элизабет мериветер родилась в 1981 году.,элизабет мериветер родилась в num году
Джон Константин получил свой собственный комикс в 1988 году.,0,джон константин получил свой собственный комикс в 1988 году.,джон константин получил свой собственный комикс в num году
Пракаш Джа родилась 27 февраля 1652 года.,2,пракаш джа родилась 27 февраля 1652 года.,пракаш джа родилась num февраля num года
Blue Velvet был выпущен в 1970 году.,2,blue velvet был выпущен в 1970 году.,blue velvet был выпущен в num году
Премьера состоялась 16 декабря 2016 года.,0,премьера состоялась 16 декабря 2016 года.,премьера состоялась num декабря num года
"""Craft"" — фильм 1996 года.",0,"""craft"" — фильм 1996 года.",craft фильм num года
Google был основан в 90-х годах.,0,google был основан в 90-х годах.,google был основан в num х годах
Мартина Навратилова родилась в 2000 году.,2,мартина навратилова родилась в 2000 году.,мартина навратилова родилась в num году
Хантер С. Томпсон умер в возрасте 100 лет.,2,хантер с. томпсон умер в возрасте 100 лет.,хантер с томпсон умер в возрасте num лет
Стивен Найт родился в 1959 году.,0,стивен найт родился в 1959 году.,стивен найт родился в num году
Гарольд Рамис родился в 1944 году.,0,гарольд рамис родился в 1944 году.,гарольд рамис родился в num году
Все о Еве выиграли 18 наград Академии.,2,все о еве выиграли 18 наград академии.,все о еве выиграли num наград академии
"Арнольд Виник играет американский актёр, родившийся в 1936 году.",0,"арнольд виник играет американский актер, родившийся в 1936 году.",арнольд виник играет американский актер родившийся в num году
Красный фильм 2001 года.,2,красный фильм 2001 года.,красный фильм num года
Линкольн Моторная компания была основана в 1919 году.,2,линкольн моторная компания была основана в 1919 году.,линкольн моторная компания была основана в num году
Эва Дюверней родилась в 1972 году.,0,эва дюверней родилась в 1972 году.,эва дюверней родилась в num году
Фурия с 1998 года.,2,фурия с 1998 года.,фурия с num года
Дженнифер Грей родилась в 1961 году.,2,дженнифер грей родилась в 1961 году.,дженнифер грей родилась в num году
Майлз Теллер родился в 1857 году.,2,майлз теллер родился в 1857 году.,майлз теллер родился в num году
В 2009 году Кобе Брайант получил премию за финал MVP.,0,в 2009 году кобе брайант получил премию за финал mvp.,в num году кобе брайант получил премию за финал mvp
Лорен Бэколл умерла в возрасте 89 лет.,0,лорен бэколл умерла в возрасте 89 лет.,лорен бэколл умерла в возрасте num лет
Портал 2 был выпущен 19 апреля 2011 года.,0,портал 2 был выпущен 19 апреля 2011 года.,портал num был выпущен num апреля num года
В конгрессе США насчитывается 835 представителей и 100 сенаторов.,2,в конгрессе сша насчитывается 835 представителей и 100 сенаторов.,в конгрессе сша насчитывается num представителей и num сенаторов
В 2017 году премьера первого сезона легиона состоялась в Тихоокеанском конструкторском центре.,0,в 2017 году премьера первого сезона легиона состоялась в тихоокеанском конструкторском центре.,в num году премьера первого сезона легиона состоялась в тихоокеанском конструкторском центре
Лори Эрнандес родилась 9 июня 1972 года.,2,лори эрнандес родилась 9 июня 1972 года.,лори эрнандес родилась num июня num года
The Outcasts были выпущены 14 апреля 2017 года.,0,the outcasts были выпущены 14 апреля 2017 года.,the outcasts были выпущены num апреля num года
Джозеф Сталин родился в 1878 году.,0,джозеф сталин родился в 1878 году.,джозеф сталин родился в num году
Фрэнк Синатра выпустил свой дебютный альбом в 1946 году.,0,фрэнк синатра выпустил свой дебютный альбом в 1946 году.,фрэнк синатра выпустил свой дебютный альбом в num году
Премьера состоялась в 2016 году.,0,премьера состоялась в 2016 году.,премьера состоялась в num году
Джордж Буш был президентом с 2004 по 2008 год.,0,джордж буш был президентом с 2004 по 2008 год.,джордж буш был президентом с num по num год
"В 2007 году Словения стала первой ранее коммунистической страной, присоединившейся к еврозоне.",0,"в 2007 году словения стала первой ранее коммунистической страной, присоединившейся к еврозоне.",в num году словения стала первой ранее коммунистической страной присоединившейся к еврозоне
Кристиан Бэйл родился в 1003 году.,2,кристиан бэйл родился в 1003 году.,кристиан бэйл родился в num году
Дафт Панк добился успеха с 1990-х годов.,0,дафт панк добился успеха с 1990-х годов.,дафт панк добился успеха с num х годов
Shallow Hal — фильм 2001 года.,0,shallow hal — фильм 2001 года.,shallow hal фильм num года
Рамона Маркес родилась в 1987 году.,2,рамона маркес родилась в 1987 году.,рамона маркес родилась в num году
Маленькие большие съёмки прошли в 2016 году.,0,маленькие большие съемки прошли в 2016 году.,маленькие большие съемки прошли в num году
Daft Punk выпустили свой дебютный альбом в 1993 году.,2,daft punk выпустили свой дебютный альбом в 1993 году.,daft punk выпустили свой дебютный альбом в num году
Оливия Уайлд родилась в 1984 году.,0,оливия уайлд родилась в 1984 году.,оливия уайлд родилась в num году
Серия Симпсонов будет состоять из 23 эпизодов тридцатого сезона.,2,серия симпсонов будет состоять из 23 эпизодов тридцатого сезона.,серия симпсонов будет состоять из num эпизодов тридцатого сезона
Смурфы (фильмы) были выпущены 29 июля 2011 года.,0,смурфы (фильмы) были выпущены 29 июля 2011 года.,смурфы фильмы были выпущены num июля num года
Пенни Ужасная премьера состоялась 25 мая.,2,пенни ужасная премьера состоялась 25 мая.,пенни ужасная премьера состоялась num мая
Брэндон Ли умер в 1998 году.,2,брэндон ли умер в 1998 году.,брэндон ли умер в num году
Сердце дебютировало в 1921 году.,2,сердце дебютировало в 1921 году.,сердце дебютировало в num году
«Опасные связи» () — американский фильм 1998 года.,0,«опасные связи» () — американский фильм 1998 года.,опасные связи американский фильм num года
Изабелла из Франции родилась в 1315 году.,2,изабелла из франции родилась в 1315 году.,изабелла из франции родилась в num году
Дж. Дж. Кейл родился 25 декабря 1938 года.,2,дж. дж. кейл родился 25 декабря 1938 года.,дж дж кейл родился num декабря num года
Майкл Фассбендер родился 2 апреля 1977 года.,0,майкл фассбендер родился 2 апреля 1977 года.,майкл фассбендер родился num апреля num года
Lincoln Motor Company является филиалом Ford с 1922 года.,0,lincoln motor company является филиалом ford с 1922 года.,lincoln motor company является филиалом ford с num года
Райан Сикрест родился 24 декабря 1974 года.,0,райан сикрест родился 24 декабря 1974 года.,райан сикрест родился num декабря num года
Хор транслировался в 2004 году.,2,хор транслировался в 2004 году.,хор транслировался в num году
Джексоны начались в 1996 году.,2,джексоны начались в 1996 году.,джексоны начались в num году
Алиа Бхэтт родилась 15 марта 1893 года.,2,алиа бхэтт родилась 15 марта 1893 года.,алиа бхэтт родилась num марта num года
Джей Секулоу родился в 1927 году.,2,джей секулоу родился в 1927 году.,джей секулоу родился в num году
25 было выпущено в 2013 году.,2,25 было выпущено в 2013 году.,num было выпущено в num году
Джордан Найт родился 17 мая 1970 года.,0,джордан найт родился 17 мая 1970 года.,джордан найт родился num мая num года
"Как Вы любите, он был выпущен в 2006 году.",0,"как вы любите, он был выпущен в 2006 году.",как вы любите он был выпущен в num году
Джаред Лето родился в 1972 году.,2,джаред лето родился в 1972 году.,джаред лето родился в num году
Ронин () — фильм 1998 года.,0,ронин () — фильм 1998 года.,ронин фильм num года
Генриетта Мария (Франция) умерла 10 сентября.,0,генриетта мария (франция) умерла 10 сентября.,генриетта мария франция умерла num сентября
Габури Сидибе родился в 1989 году.,2,габури сидибе родился в 1989 году.,габури сидибе родился в num году
Джон Фанте родился в 1909 году.,0,джон фанте родился в 1909 году.,джон фанте родился в num году
Пол Уэсли родился в 1952 году.,2,пол уэсли родился в 1952 году.,пол уэсли родился в num году
Волк Уолл-стрит () — фильм 2013 года.,0,волк уолл-стрит () — фильм 2013 года.,волк уолл стрит фильм num года
Эван Рейчел Вуд начал играть в 1990-х.,0,эван рейчел вуд начал играть в 1990-х.,эван рейчел вуд начал играть в num х
Led Zeppelin выпустил альбом Fical Graffiti в 1975 году.,0,led zeppelin выпустил альбом fical graffiti в 1975 году.,led zeppelin выпустил альбом fical graffiti в num году
"Рак стал причиной 15,7 процента человеческих смертей.",0,"рак стал причиной 15,7 процента человеческих смертей.",рак стал причиной num процента человеческих смертей
Алессия Кара выпустила свой дебютный альбом в 2015 году.,0,алессия кара выпустила свой дебютный альбом в 2015 году.,алессия кара выпустила свой дебютный альбом в num году
Охотники за привидениями прошли премьеру в 1916 году.,2,охотники за привидениями прошли премьеру в 1916 году.,охотники за привидениями прошли премьеру в num году
Премьера Дневников вампира состоялась 10 сентября 2009 года.,0,премьера дневников вампира состоялась 10 сентября 2009 года.,премьера дневников вампира состоялась num сентября num года
Kate & Leopold — фильм 2001 года.,0,kate & leopold — фильм 2001 года.,kate leopold фильм num года
Алан Рикман умер в 2000 году.,2,алан рикман умер в 2000 году.,алан рикман умер в num году
Борис Карлофф родился в 1598 году.,2,борис карлофф родился в 1598 году.,борис карлофф родился в num году
В 1999 году Pink Floyd был введён в Зал славы American Rock and Roll Hall of Fame.,2,в 1999 году pink floyd был введен в зал славы american rock and roll hall of fame.,в num году pink floyd был введен в зал славы american rock and roll hall of fame
Калифорния Гёрлс была выпущена в 2010 году.,0,калифорния герлс была выпущена в 2010 году.,калифорния герлс была выпущена в num году
Флаг Гадсдена был разработан в 1775 году.,0,флаг гадсдена был разработан в 1775 году.,флаг гадсдена был разработан в num году
"Рейчел МакАдамс была в ""Идеальном пироге"".",0,"рейчел макадамс была в ""идеальном пироге"".",рейчел макадамс была в идеальном пироге
Гайатхри Рагурам начал действовать в 2002 году.,0,гайатхри рагурам начал действовать в 2002 году.,гайатхри рагурам начал действовать в num году
Альберт Эйнштейн родился в 1899 году.,2,альберт эйнштейн родился в 1899 году.,альберт эйнштейн родился в num году
Йелп существовал в 2009 году.,0,йелп существовал в 2009 году.,йелп существовал в num году
Вторая мировая война состоялась с 1901 по 1945 год.,2,вторая мировая война состоялась с 1901 по 1945 год.,вторая мировая война состоялась с num по num год
В 2006 году The Weeknd выпустила Starboy.,2,в 2006 году the weeknd выпустила starboy.,в num году the weeknd выпустила starboy
Tesla Model S была неспособна стать самым продаваемым в мире электромобилем в 2016 году.,2,tesla model s была неспособна стать самым продаваемым в мире электромобилем в 2016 году.,tesla model s была неспособна стать самым продаваемым в мире электромобилем в num году
Юбер Хамфри помог найти ДФЛ в 1936 году.,2,юбер хамфри помог найти дфл в 1936 году.,юбер хамфри помог найти дфл в num году
Улисс С. Грант был 18-м президентом США.,0,улисс с. грант был 18-м президентом сша.,улисс с грант был num м президентом сша
День рождения Бала Гангадара Тилака был 21 июля.,2,день рождения бала гангадара тилака был 21 июля.,день рождения бала гангадара тилака был num июля
Бриттани Мёрфи родилась в 1977 году.,0,бриттани мерфи родилась в 1977 году.,бриттани мерфи родилась в num году
В 2010 году население Пенсильвании составляло 10 человек.,0,в 2010 году население пенсильвании составляло 10 человек.,в num году население пенсильвании составляло num человек
Джеки Робинсон умерла в 1972 году.,0,джеки робинсон умерла в 1972 году.,джеки робинсон умерла в num году
В 2007 году появились трансформеры (фильмы).,0,в 2007 году появились трансформеры (фильмы).,в num году появились трансформеры фильмы
Алан Рикман родился в 1945 году.,2,алан рикман родился в 1945 году.,алан рикман родился в num году
"В апреле 2018 года будет выпущена ""Wrinkle in Time"".",0,"в апреле 2018 года будет выпущена ""wrinkle in time"".",в апреле num года будет выпущена wrinkle in time
Джет Ли родился в 1963 году.,0,джет ли родился в 1963 году.,джет ли родился в num году
Роберт Ли Йейтс родился в 1952 году.,0,роберт ли йейтс родился в 1952 году.,роберт ли йейтс родился в num году
High Story — фильм 1970 года.,2,high story — фильм 1970 года.,high story фильм num года
Награды Академии впервые транслировались по радио в 1970 году.,2,награды академии впервые транслировались по радио в 1970 году.,награды академии впервые транслировались по радио в num году
Пятый студийный альбом был опубликован в 2012 году.,2,пятый студийный альбом был опубликован в 2012 году.,пятый студийный альбом был опубликован в num году
Sage Stallone родилась в 2000 году.,2,sage stallone родилась в 2000 году.,sage stallone родилась в num году
Foo Fighters сформировались в 1874 году.,2,foo fighters сформировались в 1874 году.,foo fighters сформировались в num году
Ричард Харрис умер 1 октября 1930 года.,2,ричард харрис умер 1 октября 1930 года.,ричард харрис умер num октября num года
В 1996 году Лэнсу Армстронгу был поставлен диагноз смертельной болезни.,0,в 1996 году лэнсу армстронгу был поставлен диагноз смертельной болезни.,в num году лэнсу армстронгу был поставлен диагноз смертельной болезни
Макбет был показан на Каннском кинофестивале в 1972 году.,0,макбет был показан на каннском кинофестивале в 1972 году.,макбет был показан на каннском кинофестивале в num году
Соединенные Штаты владеют почти 40% мирового богатства.,0,соединенные штаты владеют почти 40% мирового богатства.,соединенные штаты владеют почти num мирового богатства
"Beautiful (песня Кристины Агилеры) была записана для альбома, выпущенного в 2002 году.",0,"beautiful (песня кристины агилеры) была записана для альбома, выпущенного в 2002 году.",beautiful песня кристины агилеры была записана для альбома выпущенного в num году
Майлз Теллер родился в 1987 году.,0,майлз теллер родился в 1987 году.,майлз теллер родился в num году
Чжи Чан Ук родилась в 1990 году.,2,чжи чан ук родилась в 1990 году.,чжи чан ук родилась в num году
В 2014 году годовой доход компании составил 691 млн. долл. США.,2,в 2014 году годовой доход компании составил 691 млн. долл. сша.,в num году годовой доход компании составил num млн долл сша
В 2016 году был выпущен концерт 2.,0,в 2016 году был выпущен концерт 2.,в num году был выпущен концерт num
Группа Eazy-E выпустила свой первый сингл в 1987 году.,0,группа eazy-e выпустила свой первый сингл в 1987 году.,группа eazy e выпустила свой первый сингл в num году
Премьера клуба состоялась в 1985 году.,0,премьера клуба состоялась в 1985 году.,премьера клуба состоялась в num году
Владимир Путин был президентом с 2000 по 2008 год.,0,владимир путин был президентом с 2000 по 2008 год.,владимир путин был президентом с num по num год
Магазин Apple был открыт в 2011 году.,2,магазин apple был открыт в 2011 году.,магазин apple был открыт в num году
Шон Комбс выпустил альбом Press Play в 2016 году.,2,шон комбс выпустил альбом press play в 2016 году.,шон комбс выпустил альбом press play в num году
Алессия Кара выпустила свой дебютный альбом в 2017 году.,2,алессия кара выпустила свой дебютный альбом в 2017 году.,алессия кара выпустила свой дебютный альбом в num году
Чёрная суббота сформировалась в 1988 году.,2,черная суббота сформировалась в 1988 году.,черная суббота сформировалась в num году
Флойд Мэйвезер-младший участвовал в боксе с 1966 по 2015 год.,2,флойд мэйвезер-младший участвовал в боксе с 1966 по 2015 год.,флойд мэйвезер младший участвовал в боксе с num по num год
Эмма Стоун родилась в 1988 году.,0,эмма стоун родилась в 1988 году.,эмма стоун родилась в num году
Джон Фанте родился в 1919 году.,2,джон фанте родился в 1919 году.,джон фанте родился в num году
Гвен Стефани продала более 50 миллионов альбомов по всему миру.,2,гвен стефани продала более 50 миллионов альбомов по всему миру.,гвен стефани продала более num миллионов альбомов по всему миру
Джакомо Казанова родился в 1798 году.,2,джакомо казанова родился в 1798 году.,джакомо казанова родился в num году
Luxo-младший — фильм 1986 года.,0,luxo-младший — фильм 1986 года.,luxo младший фильм num года
Стивен Зайлиан получил награду от Американской гильдии писателей в 2014 году.,2,стивен зайлиан получил награду от американской гильдии писателей в 2014 году.,стивен зайлиан получил награду от американской гильдии писателей в num году
Карьера Роберта Редфорда началась в 1960 году.,0,карьера роберта редфорда началась в 1960 году.,карьера роберта редфорда началась в num году
Кэти Прайс и Алекс Рид были женаты с 2010 по 2011 год.,0,кэти прайс и алекс рид были женаты с 2010 по 2011 год.,кэти прайс и алекс рид были женаты с num по num год
В 2015 году The Weeknd выпустила Starboy.,2,в 2015 году the weeknd выпустила starboy.,в num году the weeknd выпустила starboy
Премьера состоялась в 1997 году.,2,премьера состоялась в 1997 году.,премьера состоялась в num году
Брэдли Купер родился в 1975 году.,0,брэдли купер родился в 1975 году.,брэдли купер родился в num году
Керала была образована в 1956 году.,0,керала была образована в 1956 году.,керала была образована в num году
Daft Punk выпустили свой первый альбом в 1887 году.,2,daft punk выпустили свой первый альбом в 1887 году.,daft punk выпустили свой первый альбом в num году
Суринам покинул Королевство Нидерландов в 1975 году.,0,суринам покинул королевство нидерландов в 1975 году.,суринам покинул королевство нидерландов в num году
Хильда Эллис Дэвидсон умерла в 2006 году.,0,хильда эллис дэвидсон умерла в 2006 году.,хильда эллис дэвидсон умерла в num году
В 1995 году Джоди Фостер сняла свой второй фильм.,0,в 1995 году джоди фостер сняла свой второй фильм.,в num году джоди фостер сняла свой второй фильм
Викрам играл в начале 1980-х.,2,викрам играл в начале 1980-х.,викрам играл в начале num х
XXx: Возвращение Ксандера Кейджа — фильм 2010 года.,2,xxx: возвращение ксандера кейджа — фильм 2010 года.,xxx возвращение ксандера кейджа фильм num года
Номер формы Джеки Робинсон был 36.,2,номер формы джеки робинсон был 36.,номер формы джеки робинсон был num
Слэш родился в 1965 году.,0,слэш родился в 1965 году.,слэш родился в num году
Prestige — фильм 2017 года.,2,prestige — фильм 2017 года.,prestige фильм num года
Пэт Райли родился в 1945 году.,0,пэт райли родился в 1945 году.,пэт райли родился в num году
Айшварья Рай вышла замуж в 1047 году.,2,айшварья рай вышла замуж в 1047 году.,айшварья рай вышла замуж в num году
Шах Рух Хан дебютировал в Болливуде в 1952 году.,2,шах рух хан дебютировал в болливуде в 1952 году.,шах рух хан дебютировал в болливуде в num году
The People vs. Larry Flynt — фильм 1996 года.,0,the people vs. larry flynt — фильм 1996 года.,the people vs larry flynt фильм num года
Баль Гангадхар Тилак умер 21 августа 1920 года.,2,баль гангадхар тилак умер 21 августа 1920 года.,баль гангадхар тилак умер num августа num года
Citadelle Laferrière находится примерно в 17 милях к югу от города Кап-Аитьен.,0,citadelle laferrière находится примерно в 17 милях к югу от города кап-аитьен.,citadelle laferri re находится примерно в num милях к югу от города кап аитьен
«Женщина в красном» — фильм 1984 года.,0,«женщина в красном» — фильм 1984 года.,женщина в красном фильм num года
Тори Келли родилась в 1993 году.,2,тори келли родилась в 1993 году.,тори келли родилась в num году
Двенадцатый сезон сверхъестественного закончился в мае 2016 года.,2,двенадцатый сезон сверхъестественного закончился в мае 2016 года.,двенадцатый сезон сверхъестественного закончился в мае num года
Даг Дюси родился в 1974 году.,2,даг дюси родился в 1974 году.,даг дюси родился в num году
Билли Джоэл выпустил по крайней мере две песни в 1907 году.,2,билли джоэл выпустил по крайней мере две песни в 1907 году.,билли джоэл выпустил по крайней мере две песни в num году
Тезааб был самым высоким блокбастером в офисе в 1978 году в Болливуде.,2,тезааб был самым высоким блокбастером в офисе в 1978 году в болливуде.,тезааб был самым высоким блокбастером в офисе в num году в болливуде
Эзра Эдельман родился в 1976 году.,2,эзра эдельман родился в 1976 году.,эзра эдельман родился в num году
Лив Шрейбер родился в 1967 году.,0,лив шрейбер родился в 1967 году.,лив шрейбер родился в num году
Тупак Шакур скончался 7 сентября 1996 года.,2,тупак шакур скончался 7 сентября 1996 года.,тупак шакур скончался num сентября num года
"Представь, что Драконы были названы ""Breakclud Band 2014"".",2,"представь, что драконы были названы ""breakclud band 2014"".",представь что драконы были названы breakclud band num
Рут Негга родилась в 1982 году.,0,рут негга родилась в 1982 году.,рут негга родилась в num году
Дом один был выпущен в 1998 году.,2,дом один был выпущен в 1998 году.,дом один был выпущен в num году
Элисон Бри родилась в 1982 году.,0,элисон бри родилась в 1982 году.,элисон бри родилась в num году
Диана была выпущена 25 мая.,2,диана была выпущена 25 мая.,диана была выпущена num мая
Маркус Рэшфорд родился в 1997 году.,0,маркус рэшфорд родился в 1997 году.,маркус рэшфорд родился в num году
Итан Хоук родился в 1980 году.,2,итан хоук родился в 1980 году.,итан хоук родился в num году
Дж. К. Роулинг родился 30-го года.,2,дж. к. роулинг родился 30-го года.,дж к роулинг родился num го года
X-Men: День будущего прошлого вышел в 2014 году.,0,x-men: день будущего прошлого вышел в 2014 году.,x men день будущего прошлого вышел в num году
"Все ""Красивые лошади"" - это фильм 2000 года.",0,"все ""красивые лошади"" - это фильм 2000 года.",все красивые лошади это фильм num года
Награды Академии впервые транслировались по радио в 1930 году.,0,награды академии впервые транслировались по радио в 1930 году.,награды академии впервые транслировались по радио в num году
Фрэнк Синатра умер в 1998 году.,0,фрэнк синатра умер в 1998 году.,фрэнк синатра умер в num году
Анерин Барнард родился в 1924 году.,2,анерин барнард родился в 1924 году.,анерин барнард родился в num году
Премьера пилота сверхъестественной системы состоялась в 2005 году.,0,премьера пилота сверхъестественной системы состоялась в 2005 году.,премьера пилота сверхъестественной системы состоялась в num году
Годовые осадки Антарктики составляют 10 дюймов вдоль побережья.,2,годовые осадки антарктики составляют 10 дюймов вдоль побережья.,годовые осадки антарктики составляют num дюймов вдоль побережья
Адаптация американских богов началась в 2016 году.,2,адаптация американских богов началась в 2016 году.,адаптация американских богов началась в num году
О Ён Со родилась в 1945 году.,2,о ен со родилась в 1945 году.,о ен со родилась в num году
Том Круз начал свою карьеру в 19 лет.,0,том круз начал свою карьеру в 19 лет.,том круз начал свою карьеру в num лет
Джереми Аллен Уайт родился 17-го.,0,джереми аллен уайт родился 17-го.,джереми аллен уайт родился num го
42 был выпущен в 2011 году.,2,42 был выпущен в 2011 году.,num был выпущен в num году
Герд фон Рундстедт родился 11 декабря 1870 года.,2,герд фон рундстедт родился 11 декабря 1870 года.,герд фон рундстедт родился num декабря num года
Жан-Клод Ван Дамм родился 18 октября 1960 года.,0,жан-клод ван дамм родился 18 октября 1960 года.,жан клод ван дамм родился num октября num года
Слэш покинул Guns N' Roses в 1996 году.,0,слэш покинул guns n' roses в 1996 году.,слэш покинул guns n roses в num году
Грейсон Ченс родился в 80-х.,2,грейсон ченс родился в 80-х.,грейсон ченс родился в num х
Пенни Ужасная началась в 2011 году.,2,пенни ужасная началась в 2011 году.,пенни ужасная началась в num году
Ричард Харрис родился 1 октября 1930 года.,0,ричард харрис родился 1 октября 1930 года.,ричард харрис родился num октября num года
Генриетта Мария (Франция) умерла в 19 лет.,2,генриетта мария (франция) умерла в 19 лет.,генриетта мария франция умерла в num лет
Кинг Конг был создан в 2001 году.,2,кинг конг был создан в 2001 году.,кинг конг был создан в num году
Наблюдатель был открыт в 2017 году.,2,наблюдатель был открыт в 2017 году.,наблюдатель был открыт в num году
Владимир Путин был офицером КГБ по внешней разведке в течение 18 лет.,2,владимир путин был офицером кгб по внешней разведке в течение 18 лет.,владимир путин был офицером кгб по внешней разведке в течение num лет
Линкольн Моторная компания была основана в 1917 году.,0,линкольн моторная компания была основана в 1917 году.,линкольн моторная компания была основана в num году
АС/ДК был сформирован в 1973 году.,0,ас/дк был сформирован в 1973 году.,ас дк был сформирован в num году
Лукас был создан в 1945 году.,2,лукас был создан в 1945 году.,лукас был создан в num году
Премьера состоялась в апреле 2013 года.,2,премьера состоялась в апреле 2013 года.,премьера состоялась в апреле num года
50 Cent занял 6-е место лучшего художника 2000-х годов в Billboard.,0,50 cent занял 6-е место лучшего художника 2000-х годов в billboard.,num cent занял num е место лучшего художника num х годов в billboard
В 1905 году Франклину Рузвельту было 23 года.,0,в 1905 году франклину рузвельту было 23 года.,в num году франклину рузвельту было num года
Как быть - это фильм 2008 года.,0,как быть - это фильм 2008 года.,как быть это фильм num года
В 1995 году Мари Кюри была похоронена в Пантеоне в Париже.,0,в 1995 году мари кюри была похоронена в пантеоне в париже.,в num году мари кюри была похоронена в пантеоне в париже
Премьера в Сердце моря состоялась в 2015 году.,0,премьера в сердце моря состоялась в 2015 году.,премьера в сердце моря состоялась в num году
Нил Янг начал выступать в 1963 году.,2,нил янг начал выступать в 1963 году.,нил янг начал выступать в num году
О Ён Со родилась в 1987 году.,0,о ен со родилась в 1987 году.,о ен со родилась в num году
В 1986 году Хэлл Берри занял 4-е место на конкурсе Мисс Мир.,2,в 1986 году хэлл берри занял 4-е место на конкурсе мисс мир.,в num году хэлл берри занял num е место на конкурсе мисс мир
Тайвань изменился с однопартийной военной диктатуры на многопартийную демократию в 1960-х и начале 70-х годов.,2,тайвань изменился с однопартийной военной диктатуры на многопартийную демократию в 1960-х и начале 70-х годов.,тайвань изменился с однопартийной военной диктатуры на многопартийную демократию в num х и начале num х годов
Айрис Мёрдок умерла в феврале 1999 года.,0,айрис мердок умерла в феврале 1999 года.,айрис мердок умерла в феврале num года
"American Horror Story — телесериал, вышедший в 1993 году.",2,"american horror story — телесериал, вышедший в 1993 году.",american horror story телесериал вышедший в num году
Kick-Ass был выпущен в 2010 году.,0,kick-ass был выпущен в 2010 году.,kick ass был выпущен в num году
Life Is Peachy была выпущена в октябре 1998 года.,2,life is peachy была выпущена в октябре 1998 года.,life is peachy была выпущена в октябре num года
Паттон Освальт родился в 1973 году.,2,паттон освальт родился в 1973 году.,паттон освальт родился в num году
Мишель Уильямс дебютировала в 1997 году.,2,мишель уильямс дебютировала в 1997 году.,мишель уильямс дебютировала в num году
Prestige — фильм 2009 года.,2,prestige — фильм 2009 года.,prestige фильм num года
Королева Виктория была жива в 1876 году.,0,королева виктория была жива в 1876 году.,королева виктория была жива в num году
Австрия была восстановлена в качестве суверенного государства в 1955 году.,0,австрия была восстановлена в качестве суверенного государства в 1955 году.,австрия была восстановлена в качестве суверенного государства в num году
Маргарет Браун родилась 18-го.,0,маргарет браун родилась 18-го.,маргарет браун родилась num го
Black Dalia была выпущена в 2006 году.,0,black dalia была выпущена в 2006 году.,black dalia была выпущена в num году
Миссис Хендерсон представляет фильм 2017 года.,2,миссис хендерсон представляет фильм 2017 года.,миссис хендерсон представляет фильм num года
Кэрол Лейфер родилась в 1956 году.,0,кэрол лейфер родилась в 1956 году.,кэрол лейфер родилась в num году
Красивые люди закончили показ в 2014 году.,2,красивые люди закончили показ в 2014 году.,красивые люди закончили показ в num году
Вашингтонская военно-морская конференция состоялась в 1933 году.,2,вашингтонская военно-морская конференция состоялась в 1933 году.,вашингтонская военно морская конференция состоялась в num году
Габури Сидибе дебютировала в фильме 2010 года.,2,габури сидибе дебютировала в фильме 2010 года.,габури сидибе дебютировала в фильме num года
Маврикий обрел независимость в 1967 году.,2,маврикий обрел независимость в 1967 году.,маврикий обрел независимость в num году
Титаник был выпущен в 2000 году.,2,титаник был выпущен в 2000 году.,титаник был выпущен в num году
Игра престолов была номинирована на премию World Fantasy Award 1997.,0,игра престолов была номинирована на премию world fantasy award 1997.,игра престолов была номинирована на премию world fantasy award num
В 1960-х годах карьера Саифа Али Хана снизилась.,2,в 1960-х годах карьера саифа али хана снизилась.,в num х годах карьера саифа али хана снизилась
Пол Ньюман родился 6 января 1925 года.,2,пол ньюман родился 6 января 1925 года.,пол ньюман родился num января num года
Николя Кейдж родился в 1964 году.,0,николя кейдж родился в 1964 году.,николя кейдж родился в num году
Фантомы — это фильм 1998 года.,0,фантомы — это фильм 1998 года.,фантомы это фильм num года
Трэвис Баркер родился в 1960 году.,2,трэвис баркер родился в 1960 году.,трэвис баркер родился в num году
Рональд Рейган умер в 2006 году.,2,рональд рейган умер в 2006 году.,рональд рейган умер в num году
Крис Нот был номинирован на лучший актёр в поддержку секса и города в 1999 году.,0,крис нот был номинирован на лучший актер в поддержку секса и города в 1999 году.,крис нот был номинирован на лучший актер в поддержку секса и города в num году
Английская гражданская война закончилась в 1651 году.,0,английская гражданская война закончилась в 1651 году.,английская гражданская война закончилась в num году
Эрих фон Манштейн родился 24 ноября 1887 года.,0,эрих фон манштейн родился 24 ноября 1887 года.,эрих фон манштейн родился num ноября num года
Сильвестр Сталлоне родился 6 июля.,0,сильвестр сталлоне родился 6 июля.,сильвестр сталлоне родился num июля
Наблюдатель был в закрытой бета с 2015 по 2016 год.,0,наблюдатель был в закрытой бета с 2015 по 2016 год.,наблюдатель был в закрытой бета с num по num год
Нил Янг родился в 1945 году.,0,нил янг родился в 1945 году.,нил янг родился в num году
Майкл Китон родился в 1953 году.,2,майкл китон родился в 1953 году.,майкл китон родился в num году
Machu Picchu — цитадель инков 13 века.,2,machu picchu — цитадель инков 13 века.,machu picchu цитадель инков num века
Кристин Даэ из романа 2017 года.,2,кристин даэ из романа 2017 года.,кристин даэ из романа num года
Эван Рейчел Вуд родился 30 сентября.,2,эван рейчел вуд родился 30 сентября.,эван рейчел вуд родился num сентября
Кольм Форе родился 12 августа 1958 года.,0,кольм форе родился 12 августа 1958 года.,кольм форе родился num августа num года
Джемейн Клемент родилась в 1984 году.,2,джемейн клемент родилась в 1984 году.,джемейн клемент родилась в num году
Уильям Толберт-младший занимал должность президента Либерии с 1961 по 1980 год.,2,уильям толберт-младший занимал должность президента либерии с 1961 по 1980 год.,уильям толберт младший занимал должность президента либерии с num по num год
Первая телевизионная роль Мэтта Смита пришла в 2006 году.,0,первая телевизионная роль мэтта смита пришла в 2006 году.,первая телевизионная роль мэтта смита пришла в num году
Эд Соломон родился 15 сентября 1960 года.,0,эд соломон родился 15 сентября 1960 года.,эд соломон родился num сентября num года
Гленн Клоуз начала свою профессиональную карьеру в 1974 году.,0,гленн клоуз начала свою профессиональную карьеру в 1974 году.,гленн клоуз начала свою профессиональную карьеру в num году
Повреждения (TV-сериал) премьера состоялась 24-го числа.,0,повреждения (tv-сериал) премьера состоялась 24-го числа.,повреждения tv сериал премьера состоялась num го числа
Рассел Бранд родился в 1975 году.,0,рассел бранд родился в 1975 году.,рассел бранд родился в num году
Эван Голдберг родился 31 мая.,2,эван голдберг родился 31 мая.,эван голдберг родился num мая
София Вергара родилась в 1986 году.,2,софия вергара родилась в 1986 году.,софия вергара родилась в num году
Ричард Харрис родился 23 октября 1933 года.,2,ричард харрис родился 23 октября 1933 года.,ричард харрис родился num октября num года
Крис Террио родился в 1986 году.,2,крис террио родился в 1986 году.,крис террио родился в num году
В 1980-х гг.,2,в 1980-х гг.,в num х гг
Роджер Мур родился в 1927 году и умер в 2017 году.,0,роджер мур родился в 1927 году и умер в 2017 году.,роджер мур родился в num году и умер в num году
Сформирован в 1991 году.,0,сформирован в 1991 году.,сформирован в num году
Премьера состоялась на 36-м ежегодном Международном кинофестивале в Торонто.,2,премьера состоялась на 36-м ежегодном международном кинофестивале в торонто.,премьера состоялась на num м ежегодном международном кинофестивале в торонто
Джордж Буш был президентом с 1889 по 1993 год.,2,джордж буш был президентом с 1889 по 1993 год.,джордж буш был президентом с num по num год
Панк-рок был разработан в 1970-х годах.,0,панк-рок был разработан в 1970-х годах.,панк рок был разработан в num х годах
В 2008 году Синди Лаупер получила премию «Лучший новый художник».,2,в 2008 году синди лаупер получила премию «лучший новый художник».,в num году синди лаупер получила премию лучший новый художник
The Offspring выпустила Smash в 1994 году.,0,the offspring выпустила smash в 1994 году.,the offspring выпустила smash в num году
Население города составляет 267 человек.,2,население города составляет 267 человек.,население города составляет num человек
Ричард Гер играл в фильме 1492 года.,2,ричард гер играл в фильме 1492 года.,ричард гер играл в фильме num года
Запуск STS-96 состоялся в 6:49 утра.,0,запуск sts-96 состоялся в 6:49 утра.,запуск sts num состоялся в num num утра
Лесли Гроувс окончила школу в 1918 году.,0,лесли гроувс окончила школу в 1918 году.,лесли гроувс окончила школу в num году
"Вода охватывает 3,14% Земли.",0,"вода охватывает 3,14% земли.",вода охватывает num земли
Один мировой торговый центр высотой 1777 футов.,2,один мировой торговый центр высотой 1777 футов.,один мировой торговый центр высотой num футов
Хосе Мария Чакон сдал остров Тринидада в 1789 году.,2,хосе мария чакон сдал остров тринидада в 1789 году.,хосе мария чакон сдал остров тринидада в num году
Малыш Рут умер в 1948 году.,0,малыш рут умер в 1948 году.,малыш рут умер в num году
Мисс Селфридж началась в 1943 году.,2,мисс селфридж началась в 1943 году.,мисс селфридж началась в num году
Элвис Пресли вернулся на сцену в 1315 году.,2,элвис пресли вернулся на сцену в 1315 году.,элвис пресли вернулся на сцену в num году
Дэвид Бекхэм начал играть за Manchester United в 17.,0,дэвид бекхэм начал играть за manchester united в 17.,дэвид бекхэм начал играть за manchester united в num
Последний дом слева был выпущен в 2009 году.,0,последний дом слева был выпущен в 2009 году.,последний дом слева был выпущен в num году
Song Sung Blue был выпущен в 1972 году.,0,song sung blue был выпущен в 1972 году.,song sung blue был выпущен в num году
Muse был выпущен в 1999 году.,0,muse был выпущен в 1999 году.,muse был выпущен в num году
Колин Пауэлл был 65-м госсекретарем.,0,колин пауэлл был 65-м госсекретарем.,колин пауэлл был num м госсекретарем
"Legend of Tarzan (Film) — фильм, в котором было собрано более 356 миллионов долларов.",0,"legend of tarzan (film) — фильм, в котором было собрано более 356 миллионов долларов.",legend of tarzan film фильм в котором было собрано более num миллионов долларов
Идрис Эльба родился 7 сентября 1972 года.,2,идрис эльба родился 7 сентября 1972 года.,идрис эльба родился num сентября num года
Burnaby был зарегистрирован в 1895 году.,2,burnaby был зарегистрирован в 1895 году.,burnaby был зарегистрирован в num году
Джейн Эйр была выпущена в 2001 году.,2,джейн эйр была выпущена в 2001 году.,джейн эйр была выпущена в num году
Backstreet Boys образовались в 1993 году.,0,backstreet boys образовались в 1993 году.,backstreet boys образовались в num году
"Кэролайн, принцесса Ганновера замужем за человеком, родившимся в 1923 году.",2,"кэролайн, принцесса ганновера замужем за человеком, родившимся в 1923 году.",кэролайн принцесса ганновера замужем за человеком родившимся в num году
Just Dance был выпущен в апреле 2009 года.,2,just dance был выпущен в апреле 2009 года.,just dance был выпущен в апреле num года
Вайнона Джадд родилась 30 мая 1964 года.,0,вайнона джадд родилась 30 мая 1964 года.,вайнона джадд родилась num мая num года
Легион был создан в 1994 году.,2,легион был создан в 1994 году.,легион был создан в num году
Рональд Рейган имел рейтинг одобрения в 1%.,2,рональд рейган имел рейтинг одобрения в 1%.,рональд рейган имел рейтинг одобрения в num
Шакира родилась 2 февраля 1977 года.,0,шакира родилась 2 февраля 1977 года.,шакира родилась num февраля num года
Эдерсон Мораес родился в 1993 году.,0,эдерсон мораес родился в 1993 году.,эдерсон мораес родился в num году
Пятый элемент был самым грациозным французским фильмом в международном боксе до 2011 года.,0,пятый элемент был самым грациозным французским фильмом в международном боксе до 2011 года.,пятый элемент был самым грациозным французским фильмом в международном боксе до num года
Леди Гага родилась в 2000 году.,2,леди гага родилась в 2000 году.,леди гага родилась в num году
Кааха Кааха с 1983 года.,2,кааха кааха с 1983 года.,кааха кааха с num года
Игра престолов была номинирована на премию World Fantasy Award 1995.,2,игра престолов была номинирована на премию world fantasy award 1995.,игра престолов была номинирована на премию world fantasy award num
Кэлвин Харрис родился 18 января.,2,кэлвин харрис родился 18 января.,кэлвин харрис родился num января
Премьера состоялась 19 марта 2005 года.,2,премьера состоялась 19 марта 2005 года.,премьера состоялась num марта num года
Организация Объединенных Наций была создана в 1945 году.,0,организация объединенных наций была создана в 1945 году.,организация объединенных наций была создана в num году
Джоуи Грейсффа родился в 1991 году.,0,джоуи грейсффа родился в 1991 году.,джоуи грейсффа родился в num году
Премьера состоялась в 2014 году.,0,премьера состоялась в 2014 году.,премьера состоялась в num году
Таня Робертс родилась в 1957 году.,2,таня робертс родилась в 1957 году.,таня робертс родилась в num году
Брюс Уиллис родился в 1970 году.,2,брюс уиллис родился в 1970 году.,брюс уиллис родился в num году
Нил Шон родился 27-го.,0,нил шон родился 27-го.,нил шон родился num го
"Джейсон Судейкис () — американец, родившийся 18 сентября 2017 года.",2,"джейсон судейкис () — американец, родившийся 18 сентября 2017 года.",джейсон судейкис американец родившийся num сентября num года
Madonna подписала контракт с Sire Records в 2004 году.,0,madonna подписала контракт с sire records в 2004 году.,madonna подписала контракт с sire records в num году
Шакира родилась 4 февраля 1977 года.,2,шакира родилась 4 февраля 1977 года.,шакира родилась num февраля num года
Премьера состоялась 10 июля 2016 года.,0,премьера состоялась 10 июля 2016 года.,премьера состоялась num июля num года
Google был основан в 1998 году.,0,google был основан в 1998 году.,google был основан в num году
Премьера спящей красоты состоялась с 11 по 22 мая 2001 года.,2,премьера спящей красоты состоялась с 11 по 22 мая 2001 года.,премьера спящей красоты состоялась с num по num мая num года
Даг Дюси продал компанию в 1913 году.,2,даг дюси продал компанию в 1913 году.,даг дюси продал компанию в num году
Йелп существовал в 2012 году.,0,йелп существовал в 2012 году.,йелп существовал в num году
Создание одного из центров мировой торговли было завершено 30 августа 2010 года.,2,создание одного из центров мировой торговли было завершено 30 августа 2010 года.,создание одного из центров мировой торговли было завершено num августа num года
Альфр Вудард родился в 1952 году.,0,альфр вудард родился в 1952 году.,альфр вудард родился в num году
Эмма Робертс родилась в 1970 году.,2,эмма робертс родилась в 1970 году.,эмма робертс родилась в num году
Александра Берк родилась в 1988 году.,0,александра берк родилась в 1988 году.,александра берк родилась в num году
Малкольм Янг был одним из основателей АС/ДК в 1973 году.,0,малкольм янг был одним из основателей ас/дк в 1973 году.,малкольм янг был одним из основателей ас дк в num году
Мейзи Уильямс родилась 15 апреля 1997 года.,0,мейзи уильямс родилась 15 апреля 1997 года.,мейзи уильямс родилась num апреля num года
У Алекса Родригеза средний балл - 497.,2,у алекса родригеза средний балл - 497.,у алекса родригеза средний балл num
Фрэнк Синатра умер в 2000 году.,2,фрэнк синатра умер в 2000 году.,фрэнк синатра умер в num году
Американский пирог был создан в 1999 году.,0,американский пирог был создан в 1999 году.,американский пирог был создан в num году
Дафт Панк стал популярным в 1950-х годах.,2,дафт панк стал популярным в 1950-х годах.,дафт панк стал популярным в num х годах
"Сезон 15 ""Гриффинов"" начался 25 сентября 2016 года.",0,"сезон 15 ""гриффинов"" начался 25 сентября 2016 года.",сезон num гриффинов начался num сентября num года
Красивый фильм 2002 года.,2,красивый фильм 2002 года.,красивый фильм num года
Однополые браки законны на американской территории,0,однополые браки законны на американской территории,однополые браки законны на американской территории
Райан Сикрест родился 14 декабря 1974 года.,2,райан сикрест родился 14 декабря 1974 года.,райан сикрест родился num декабря num года
Премьера состоялась 22 августа 2014 года.,0,премьера состоялась 22 августа 2014 года.,премьера состоялась num августа num года
Джеймс Арнесс умер в 2011 году.,0,джеймс арнесс умер в 2011 году.,джеймс арнесс умер в num году
Том Фелтон родился в 1988 году.,2,том фелтон родился в 1988 году.,том фелтон родился в num году
Герд фон Рундстедт умер 3 февраля 1951 года.,2,герд фон рундстедт умер 3 февраля 1951 года.,герд фон рундстедт умер num февраля num года
Тори Келли родилась в 1992 году.,0,тори келли родилась в 1992 году.,тори келли родилась в num году
Чарли Шин родился 9 сентября 1965 года.,2,чарли шин родился 9 сентября 1965 года.,чарли шин родился num сентября num года
"Avatar: ""Последний мага Воздуха"" вышел в эфир с 2008 по 2011 год.",2,"avatar: ""последний мага воздуха"" вышел в эфир с 2008 по 2011 год.",avatar последний мага воздуха вышел в эфир с num по num год
Мухаммад покинул Мекку в 622.,0,мухаммад покинул мекку в 622.,мухаммад покинул мекку в num
Кейт Нэш выпустила Girl Talk 4 марта 2013 года.,0,кейт нэш выпустила girl talk 4 марта 2013 года.,кейт нэш выпустила girl talk num марта num года
Грант Густин родился 14 января 1990 года.,0,грант густин родился 14 января 1990 года.,грант густин родился num января num года
Английская гражданская война закончилась в 1622 году.,2,английская гражданская война закончилась в 1622 году.,английская гражданская война закончилась в num году
Джон Пертве был в серии с 1987 по 1989 год.,0,джон пертве был в серии с 1987 по 1989 год.,джон пертве был в серии с num по num год
Эдерсон Мораес родился в 1995 году.,2,эдерсон мораес родился в 1995 году.,эдерсон мораес родился в num году
Девушка была сформирована в 2000 году.,2,девушка была сформирована в 2000 году.,девушка была сформирована в num году
Джордан Спенс родилась в 2000 году.,2,джордан спенс родилась в 2000 году.,джордан спенс родилась в num году
В 1990 году у Линды Маккартни был диагностирован рак груди.,2,в 1990 году у линды маккартни был диагностирован рак груди.,в num году у линды маккартни был диагностирован рак груди
Премьера списка Шиндлера состоялась 30 ноября 1993 года.,0,премьера списка шиндлера состоялась 30 ноября 1993 года.,премьера списка шиндлера состоялась num ноября num года
"Сэмми Кан был американцем, который умер в 1993 году.",0,"сэмми кан был американцем, который умер в 1993 году.",сэмми кан был американцем который умер в num году
В 2000 году Кобе Брайант получил премию за финал MVP.,2,в 2000 году кобе брайант получил премию за финал mvp.,в num году кобе брайант получил премию за финал mvp
Грейс ВандерВаль родилась в 1934 году.,2,грейс вандерваль родилась в 1934 году.,грейс вандерваль родилась в num году
Instagram начал поддерживать видео в 2013 году.,0,instagram начал поддерживать видео в 2013 году.,instagram начал поддерживать видео в num году
В 1909 году Мари Кюри была похоронена в Пантеоне в Париже.,2,в 1909 году мари кюри была похоронена в пантеоне в париже.,в num году мари кюри была похоронена в пантеоне в париже
Пятый элемент был составлен по бюджету в размере 90 млн. долл. США.,0,пятый элемент был составлен по бюджету в размере 90 млн. долл. сша.,пятый элемент был составлен по бюджету в размере num млн долл сша
Тим Райс написал рок-оперу 1970 года.,0,тим райс написал рок-оперу 1970 года.,тим райс написал рок оперу num года
Дом мисс Перегрин для детей-пекулиаров - фильм 2016 года.,0,дом мисс перегрин для детей-пекулиаров - фильм 2016 года.,дом мисс перегрин для детей пекулиаров фильм num года
Чемпион был выпущен в 1959 году.,2,чемпион был выпущен в 1959 году.,чемпион был выпущен в num году
Генриетта Мария (Франция) умерла 27 сентября.,2,генриетта мария (франция) умерла 27 сентября.,генриетта мария франция умерла num сентября
Волк Уолл-стрит был фильмом 2013 года.,0,волк уолл-стрит был фильмом 2013 года.,волк уолл стрит был фильмом num года
Ярди был опубликован в 2000 году.,2,ярди был опубликован в 2000 году.,ярди был опубликован в num году
Скотт Смит (активист) родился в 1948 году.,0,скотт смит (активист) родился в 1948 году.,скотт смит активист родился в num году
Стив Джобс умер в 2011 году.,0,стив джобс умер в 2011 году.,стив джобс умер в num году
"Legend of Tarzan (Film) — фильм, в котором было собрано более 400 миллионов долларов.",2,"legend of tarzan (film) — фильм, в котором было собрано более 400 миллионов долларов.",legend of tarzan film фильм в котором было собрано более num миллионов долларов
Master of One был выпущен для ретрансляции в 2015 году.,0,master of one был выпущен для ретрансляции в 2015 году.,master of one был выпущен для ретрансляции в num году
Дейтонское соглашение было достигнуто в 1995 году.,0,дейтонское соглашение было достигнуто в 1995 году.,дейтонское соглашение было достигнуто в num году
"""Короли-самоубийцы"" - это фильм 1998 года.",2,"""короли-самоубийцы"" - это фильм 1998 года.",короли самоубийцы это фильм num года
Основана в 1976 году.,0,основана в 1976 году.,основана в num году
Бритни Спирс выпустила альбом в 1999 году.,0,бритни спирс выпустила альбом в 1999 году.,бритни спирс выпустила альбом в num году
Игрушечная история была выпущена в 1991 году.,2,игрушечная история была выпущена в 1991 году.,игрушечная история была выпущена в num году
Авраам Линкольн родился в 1862 году.,2,авраам линкольн родился в 1862 году.,авраам линкольн родился в num году
Джон Леннон умер в 1989 году.,2,джон леннон умер в 1989 году.,джон леннон умер в num году
Pirates of the Caribbean: Dead Men Tell No Tales изначально планировалось выпустить в 2000 году.,2,pirates of the caribbean: dead men tell no tales изначально планировалось выпустить в 2000 году.,pirates of the caribbean dead men tell no tales изначально планировалось выпустить в num году
One Direction's Where We Are Tour был самым гадким концертным туром в 2014 году.,0,one direction's where we are tour был самым гадким концертным туром в 2014 году.,one direction s where we are tour был самым гадким концертным туром в num году
Эльза Патаки родилась 18 июля 1977 года.,2,эльза патаки родилась 18 июля 1977 года.,эльза патаки родилась num июля num года
Всемирная штаб-квартира «Армадильо» была закрыта в 1969 году.,2,всемирная штаб-квартира «армадильо» была закрыта в 1969 году.,всемирная штаб квартира армадильо была закрыта в num году
Магазин Apple был открыт в 2001 году.,0,магазин apple был открыт в 2001 году.,магазин apple был открыт в num году
Klute был выпущен в 1972 году.,2,klute был выпущен в 1972 году.,klute был выпущен в num году
Ник Джонас был выпущен в 2014 году.,0,ник джонас был выпущен в 2014 году.,ник джонас был выпущен в num году
Джереми Аллен Уайт родился в 1990 году.,2,джереми аллен уайт родился в 1990 году.,джереми аллен уайт родился в num году
Община получила синдикацию в 2018 году.,2,община получила синдикацию в 2018 году.,община получила синдикацию в num году
Лана Дель Рей выпустила свой третий студийный альбом в 2014 году.,0,лана дель рей выпустила свой третий студийный альбом в 2014 году.,лана дель рей выпустила свой третий студийный альбом в num году
Принц умер в 2016 году.,0,принц умер в 2016 году.,принц умер в num году
Джейн Эйр была выпущена в 1980 году.,2,джейн эйр была выпущена в 1980 году.,джейн эйр была выпущена в num году
Вторая Пуничная война закончилась в 201 году до н. э.,0,вторая пуничная война закончилась в 201 году до н. э.,вторая пуничная война закончилась в num году до н э
Эндрю Гарфилд родился 20 августа 1983 года.,0,эндрю гарфилд родился 20 августа 1983 года.,эндрю гарфилд родился num августа num года
Конор Макгрегор начал свою карьеру в боевых искусствах в 2008 году.,0,конор макгрегор начал свою карьеру в боевых искусствах в 2008 году.,конор макгрегор начал свою карьеру в боевых искусствах в num году
Дэвид Аркетт работал по крайней мере с 2000 года.,0,дэвид аркетт работал по крайней мере с 2000 года.,дэвид аркетт работал по крайней мере с num года
Арнольд Шварценеггер покинул свой пост в 2011 году.,0,арнольд шварценеггер покинул свой пост в 2011 году.,арнольд шварценеггер покинул свой пост в num году
Уоррен Г. Хардинг умер в 1865 году.,2,уоррен г. хардинг умер в 1865 году.,уоррен г хардинг умер в num году
Ричард Гер играл в фильме 1982 года.,0,ричард гер играл в фильме 1982 года.,ричард гер играл в фильме num года
The Eagles выпустили свой третий альбом в 1974 году.,0,the eagles выпустили свой третий альбом в 1974 году.,the eagles выпустили свой третий альбом в num году
"В 2003 году был выпущен фильм ""Wrincle in Time"".",0,"в 2003 году был выпущен фильм ""wrincle in time"".",в num году был выпущен фильм wrincle in time
"Все мои дети были созданы американским телевизионным писателем и продюсером, который умер в 1990 году.",2,"все мои дети были созданы американским телевизионным писателем и продюсером, который умер в 1990 году.",все мои дети были созданы американским телевизионным писателем и продюсером который умер в num году
Брукс Вакерман родился в 1998 году.,2,брукс вакерман родился в 1998 году.,брукс вакерман родился в num году
Дорогая на B была выпущена в 1998 году.,0,дорогая на b была выпущена в 1998 году.,дорогая на b была выпущена в num году
День рождения Ади Шанкара - 22 января.,2,день рождения ади шанкара - 22 января.,день рождения ади шанкара num января
Ник Джонас был выпущен в 1923 году.,2,ник джонас был выпущен в 1923 году.,ник джонас был выпущен в num году
Гэри Риджвей родился 28 февраля 1949 года.,2,гэри риджвей родился 28 февраля 1949 года.,гэри риджвей родился num февраля num года
"Гаитянский креольский язык — язык, на котором говорят от 9,6 до 120 миллионов человек.",2,"гаитянский креольский язык — язык, на котором говорят от 9,6 до 120 миллионов человек.",гаитянский креольский язык язык на котором говорят от num до num миллионов человек
Деннис Хастерт ушел в отставку в 2007 году.,0,деннис хастерт ушел в отставку в 2007 году.,деннис хастерт ушел в отставку в num году
Just Dance был выпущен в апреле 2008 года.,0,just dance был выпущен в апреле 2008 года.,just dance был выпущен в апреле num года
Община получила синдикацию в 2013 году.,0,община получила синдикацию в 2013 году.,община получила синдикацию в num году
Джиа вышла в 1998 году.,0,джиа вышла в 1998 году.,джиа вышла в num году
Work Bains была выпущена 4 августа в США.,0,work bains была выпущена 4 августа в сша.,work bains была выпущена num августа в сша
Harrows — фильм 1995 года.,2,harrows — фильм 1995 года.,harrows фильм num года
"Вода охватывает 96,5% Земли.",2,"вода охватывает 96,5% земли.",вода охватывает num земли
Майкл Джексон дебютировал в 1964 году.,0,майкл джексон дебютировал в 1964 году.,майкл джексон дебютировал в num году
Оливер Рид родился 22 февраля 1938 года.,2,оливер рид родился 22 февраля 1938 года.,оливер рид родился num февраля num года
Организация Объединенных Наций была создана в 1946 году.,2,организация объединенных наций была создана в 1946 году.,организация объединенных наций была создана в num году
В 1998 году был создан Национальный совет по делам женщин.,2,в 1998 году был создан национальный совет по делам женщин.,в num году был создан национальный совет по делам женщин
Майли Сайрус родилась в 1992 году.,0,майли сайрус родилась в 1992 году.,майли сайрус родилась в num году
Рамзан Кадыров родился в 1976 году.,0,рамзан кадыров родился в 1976 году.,рамзан кадыров родился в num году
Led Zeppelin выпустил альбом Fical Graffiti в 1969 году.,2,led zeppelin выпустил альбом fical graffiti в 1969 году.,led zeppelin выпустил альбом fical graffiti в num году
Род Лавер родился в 1938 году.,0,род лавер родился в 1938 году.,род лавер родился в num году
Малыш Рут родился в 1905 году.,2,малыш рут родился в 1905 году.,малыш рут родился в num году
Индейцы были выпущены в 1996 году.,0,индейцы были выпущены в 1996 году.,индейцы были выпущены в num году
Основан в 1936 году.,0,основан в 1936 году.,основан в num году
Крис Вейц родился в 2000 году.,2,крис вейц родился в 2000 году.,крис вейц родился в num году
Подземные и драконы впервые были опубликованы в 1987 году.,0,подземные и драконы впервые были опубликованы в 1987 году.,подземные и драконы впервые были опубликованы в num году
Дэвид Саймон родился в 1970 году.,2,дэвид саймон родился в 1970 году.,дэвид саймон родился в num году
Джакомо Казанова умер в 1725 году.,2,джакомо казанова умер в 1725 году.,джакомо казанова умер в num году
Антонио Вивальди умер в возрасте 23 лет.,2,антонио вивальди умер в возрасте 23 лет.,антонио вивальди умер в возрасте num лет
Майкл Джексон умер в 2009 году.,0,майкл джексон умер в 2009 году.,майкл джексон умер в num году
Цзинь Тянь родилась в 1988 году.,0,цзинь тянь родилась в 1988 году.,цзинь тянь родилась в num году
Мисс Селфридж началась в 1966 году.,0,мисс селфридж началась в 1966 году.,мисс селфридж началась в num году
«Иллюзионист» () — фильм 2006 года.,0,«иллюзионист» () — фильм 2006 года.,иллюзионист фильм num года
Save VI — фильм 2009 года.,0,save vi — фильм 2009 года.,save vi фильм num года
Элисон Бри родилась в 1811 году.,2,элисон бри родилась в 1811 году.,элисон бри родилась в num году
Тупак Шакур скончался 13 сентября 1996 года.,0,тупак шакур скончался 13 сентября 1996 года.,тупак шакур скончался num сентября num года
Black Zirror впервые транслировался в 2011 году.,0,black zirror впервые транслировался в 2011 году.,black zirror впервые транслировался в num году
"Лед Зеппелин был назван « столь влиятельным» в 70-х годах, как Beatles в 1950-х.",2,"лед зеппелин был назван « столь влиятельным» в 70-х годах, как beatles в 1950-х.",лед зеппелин был назван столь влиятельным в num х годах как beatles в num х
Джон МакКейн участвовал в кампании на 58-м четырехгодичных президентских выборах.,2,джон маккейн участвовал в кампании на 58-м четырехгодичных президентских выборах.,джон маккейн участвовал в кампании на num м четырехгодичных президентских выборах
Блейк Эдвардс начал свою карьеру в 1940-х годах.,0,блейк эдвардс начал свою карьеру в 1940-х годах.,блейк эдвардс начал свою карьеру в num х годах
Барбара Бейн родилась 23 сентября 1931 года.,2,барбара бейн родилась 23 сентября 1931 года.,барбара бейн родилась num сентября num года
Словакия присоединилась к еврозоне в 2010 году.,2,словакия присоединилась к еврозоне в 2010 году.,словакия присоединилась к еврозоне в num году
Премьера состоялась в 2009 году.,0,премьера состоялась в 2009 году.,премьера состоялась в num году
Баль Гангадхар Тилак умер 1 августа 1920 года.,0,баль гангадхар тилак умер 1 августа 1920 года.,баль гангадхар тилак умер num августа num года
Джоан Кроуфорд умерла 10 мая 1927 года.,2,джоан кроуфорд умерла 10 мая 1927 года.,джоан кроуфорд умерла num мая num года
Она была выпущена в 2013 году.,0,она была выпущена в 2013 году.,она была выпущена в num году
Джозеф Сталин родился 18 декабря 1878 года.,0,джозеф сталин родился 18 декабря 1878 года.,джозеф сталин родился num декабря num года
Нев Кэмпбелл родился 3 октября 1973 года.,0,нев кэмпбелл родился 3 октября 1973 года.,нев кэмпбелл родился num октября num года
Иэн Глен родился 24 июня 1961 года.,0,иэн глен родился 24 июня 1961 года.,иэн глен родился num июня num года
Гарольд Рамис родился в 1950 году.,2,гарольд рамис родился в 1950 году.,гарольд рамис родился в num году
Один мировой торговый центр высотой 1776 футов.,0,один мировой торговый центр высотой 1776 футов.,один мировой торговый центр высотой num футов
Джозеф Сталин родился в 1918 году.,2,джозеф сталин родился в 1918 году.,джозеф сталин родился в num году
Малыш-водитель был выпущен в 2013 году.,2,малыш-водитель был выпущен в 2013 году.,малыш водитель был выпущен в num году
The Invention of Ling была выпущена в США в 2010 году.,2,the invention of ling была выпущена в сша в 2010 году.,the invention of ling была выпущена в сша в num году
Уоррен Г. Хардинг родился в 1923 году.,2,уоррен г. хардинг родился в 1923 году.,уоррен г хардинг родился в num году
"""Опасная красота"" - фильм 1998 года.",0,"""опасная красота"" - фильм 1998 года.",опасная красота фильм num года
Владимир Путин был президентом с 1997 по 2008 год.,2,владимир путин был президентом с 1997 по 2008 год.,владимир путин был президентом с num по num год
Крис Террио родился в 1976 году.,0,крис террио родился в 1976 году.,крис террио родился в num году
Дебютный альбом Фрэнка Заппы был выпущен в 1966 году.,0,дебютный альбом фрэнка заппы был выпущен в 1966 году.,дебютный альбом фрэнка заппы был выпущен в num году
Alive 2006/2007 — первый концертный тур Дафта Панка в качестве дуэта с 1990 года.,2,alive 2006/2007 — первый концертный тур дафта панка в качестве дуэта с 1990 года.,alive num num первый концертный тур дафта панка в качестве дуэта с num года
В Эфиопии насчитывается около 500 этнолингвистических групп.,2,в эфиопии насчитывается около 500 этнолингвистических групп.,в эфиопии насчитывается около num этнолингвистических групп
Дж. К. Роулинг родился 31-го года.,0,дж. к. роулинг родился 31-го года.,дж к роулинг родился num го года
Пол Ньюман родился 26 января 1925 года.,0,пол ньюман родился 26 января 1925 года.,пол ньюман родился num января num года
"Польша является 17-й страной в мире, где ее посетили больше всего.",2,"польша является 17-й страной в мире, где ее посетили больше всего.",польша является num й страной в мире где ее посетили больше всего
Джунун - это документальный фильм 2012 года.,2,джунун - это документальный фильм 2012 года.,джунун это документальный фильм num года
Оливер Рид родился в 1932 году.,2,оливер рид родился в 1932 году.,оливер рид родился в num году
Джуди Грир родилась в 1985 году.,2,джуди грир родилась в 1985 году.,джуди грир родилась в num году
Сью Верту родилась 21 сентября.,0,сью верту родилась 21 сентября.,сью верту родилась num сентября
Save VI — фильм 2001 года.,2,save vi — фильм 2001 года.,save vi фильм num года
Мадонна выпустила альбом Madonna в 1983 году.,0,мадонна выпустила альбом madonna в 1983 году.,мадонна выпустила альбом madonna в num году
Big Trail был выпущен в 1910 году.,2,big trail был выпущен в 1910 году.,big trail был выпущен в num году
Дневники вампира транслировали 171 эпизод.,0,дневники вампира транслировали 171 эпизод.,дневники вампира транслировали num эпизод
The Eagles выпустили свой третий альбом в 2005 году.,2,the eagles выпустили свой третий альбом в 2005 году.,the eagles выпустили свой третий альбом в num году
Музей национального искусства находится в 4-м зале Парижа.,0,музей национального искусства находится в 4-м зале парижа.,музей национального искусства находится в num м зале парижа
В 2013 году был выпущен концерт 2.,2,в 2013 году был выпущен концерт 2.,в num году был выпущен концерт num
One More Light был выпущен 19 мая 2014 года.,2,one more light был выпущен 19 мая 2014 года.,one more light был выпущен num мая num года
Xbox One был анонсирован в мае 2010 года.,2,xbox one был анонсирован в мае 2010 года.,xbox one был анонсирован в мае num года
Citadelle Laferrière находится примерно в 5 милях к юго-западу от охраняемой зоны трех бухт.,2,citadelle laferrière находится примерно в 5 милях к юго-западу от охраняемой зоны трех бухт.,citadelle laferri re находится примерно в num милях к юго западу от охраняемой зоны трех бухт
Игра престолов (сезон 3) имела 0 эпизодов.,2,игра престолов (сезон 3) имела 0 эпизодов.,игра престолов сезон num имела num эпизодов
Джеймс Арнесс умер в 2010 году.,2,джеймс арнесс умер в 2010 году.,джеймс арнесс умер в num году
"«Короли-самоубийцы» — фильм, созданный в 1200 году.",2,"«короли-самоубийцы» — фильм, созданный в 1200 году.",короли самоубийцы фильм созданный в num году
Криштиано Роналдо родился в 1975 году.,2,криштиано роналдо родился в 1975 году.,криштиано роналдо родился в num году
Первая роль Джессики Лэнг была в ремейке фильма 1933 года.,0,первая роль джессики лэнг была в ремейке фильма 1933 года.,первая роль джессики лэнг была в ремейке фильма num года
Наблюдатель был в закрытой бета с 2015 по 2017 год.,2,наблюдатель был в закрытой бета с 2015 по 2017 год.,наблюдатель был в закрытой бета с num по num год
Джулс Дюмон д'Урвилль родился 23 мая 1790 года.,0,джулс дюмон д'урвилль родился 23 мая 1790 года.,джулс дюмон д урвилль родился num мая num года
Владимир Путин вернулся на пост премьер-министра в 2010 году.,2,владимир путин вернулся на пост премьер-министра в 2010 году.,владимир путин вернулся на пост премьер министра в num году
Фантомы - это фильм 2017 года.,2,фантомы - это фильм 2017 года.,фантомы это фильм num года
Восьмерка будет выпущена 8 июня 2018 года.,0,восьмерка будет выпущена 8 июня 2018 года.,восьмерка будет выпущена num июня num года
Сид Барретт умер в 1999 году.,2,сид барретт умер в 1999 году.,сид барретт умер в num году
Джозеф Барбера умер 31 декабря.,2,джозеф барбера умер 31 декабря.,джозеф барбера умер num декабря
Премьера в Сердце моря состоялась в 2011 году.,2,премьера в сердце моря состоялась в 2011 году.,премьера в сердце моря состоялась в num году
Один мировой торговый центр высотой 1779 футов.,2,один мировой торговый центр высотой 1779 футов.,один мировой торговый центр высотой num футов
Мэрилин Монро умерла в 1978 году.,2,мэрилин монро умерла в 1978 году.,мэрилин монро умерла в num году
Первая телевизионная роль Мэтта Смита пришла в 2012 году.,2,первая телевизионная роль мэтта смита пришла в 2012 году.,первая телевизионная роль мэтта смита пришла в num году
"В 1985 году вышел клуб ""Завтрак"".",0,"в 1985 году вышел клуб ""завтрак"".",в num году вышел клуб завтрак
Роальд Даль был включен в список 20-го величайшего британского писателя с 1945 года.,2,роальд даль был включен в список 20-го величайшего британского писателя с 1945 года.,роальд даль был включен в список num го величайшего британского писателя с num года
Джиа вышла в 1997 году.,2,джиа вышла в 1997 году.,джиа вышла в num году
Burnaby был зарегистрирован в 1882 году.,2,burnaby был зарегистрирован в 1882 году.,burnaby был зарегистрирован в num году
Стивен Зайлиан получил награду от Американской гильдии писателей в 2011 году.,0,стивен зайлиан получил награду от американской гильдии писателей в 2011 году.,стивен зайлиан получил награду от американской гильдии писателей в num году
Стэнли Кубрик работал в 60-х.,0,стэнли кубрик работал в 60-х.,стэнли кубрик работал в num х
Джей Секулоу родился 12 июня 1992 года.,2,джей секулоу родился 12 июня 1992 года.,джей секулоу родился num июня num года
Мукеш Амбани родился 19 апреля.,0,мукеш амбани родился 19 апреля.,мукеш амбани родился num апреля
KJ Apa была представлена как Арчи Эндрюс в 2016 году.,0,kj apa была представлена как арчи эндрюс в 2016 году.,kj apa была представлена как арчи эндрюс в num году
Citadelle Laferrière находится примерно в 10 милях к юго-западу от охраняемой зоны трех бухт.,0,citadelle laferrière находится примерно в 10 милях к юго-западу от охраняемой зоны трех бухт.,citadelle laferri re находится примерно в num милях к юго западу от охраняемой зоны трех бухт
Бал Гангадхар Тилак родился в 1867 году.,2,бал гангадхар тилак родился в 1867 году.,бал гангадхар тилак родился в num году
Собаки Д'Амур были сформированы в 2017 году.,2,собаки д'амур были сформированы в 2017 году.,собаки д амур были сформированы в num году
"По состоянию на июнь 2014 года Eminem продал 45,1 млн альбомов.",0,"по состоянию на июнь 2014 года eminem продал 45,1 млн альбомов.",по состоянию на июнь num года eminem продал num млн альбомов
Марк Хэмилл родился в 1951 году.,0,марк хэмилл родился в 1951 году.,марк хэмилл родился в num году
Керала была образована в 1957 году.,2,керала была образована в 1957 году.,керала была образована в num году
Том Круз был в фильме 1492 года.,2,том круз был в фильме 1492 года.,том круз был в фильме num года
Вайнона Джадд родилась 10 мая 1999 года.,2,вайнона джадд родилась 10 мая 1999 года.,вайнона джадд родилась num мая num года
Лицензия на Wed была выпущена в 2007 году.,0,лицензия на wed была выпущена в 2007 году.,лицензия на wed была выпущена в num году
Гленн Клоуз начала свою профессиональную карьеру в 1950 году.,2,гленн клоуз начала свою профессиональную карьеру в 1950 году.,гленн клоуз начала свою профессиональную карьеру в num году
"Население Пуэрто-Рико составляет 3,4 млн. человек.",0,"население пуэрто-рико составляет 3,4 млн. человек.",население пуэрто рико составляет num млн человек
"Голодные игры, открывавшиеся в выходные, составили 160,5 млн. долл. США.",2,"голодные игры, открывавшиеся в выходные, составили 160,5 млн. долл. сша.",голодные игры открывавшиеся в выходные составили num млн долл сша
Джордж Буш был президентом с 1989 по 1993 год.,0,джордж буш был президентом с 1989 по 1993 год.,джордж буш был президентом с num по num год
Рафаэль Надал выиграл 13 турниров ATP 500.,2,рафаэль надал выиграл 13 турниров atp 500.,рафаэль надал выиграл num турниров atp num
Роберт Вагнер опубликовал свою автобиографию в 2010 году.,2,роберт вагнер опубликовал свою автобиографию в 2010 году.,роберт вагнер опубликовал свою автобиографию в num году
Джакомо Казанова родился в 1701 году.,2,джакомо казанова родился в 1701 году.,джакомо казанова родился в num году
Летние Олимпийские игры 2016 года начались 5 августа.,0,летние олимпийские игры 2016 года начались 5 августа.,летние олимпийские игры num года начались num августа
Бэтмен впервые появился в комиксе 1987 года.,2,бэтмен впервые появился в комиксе 1987 года.,бэтмен впервые появился в комиксе num года
Легенда Тарзана (фильм) была выпущена в 2016 году.,0,легенда тарзана (фильм) была выпущена в 2016 году.,легенда тарзана фильм была выпущена в num году
Пакт Пуна был подписан в 1935 году.,2,пакт пуна был подписан в 1935 году.,пакт пуна был подписан в num году
Ричард Никсон переехал в Вашингтон в 2001 году.,2,ричард никсон переехал в вашингтон в 2001 году.,ричард никсон переехал в вашингтон в num году
Первый сезон Американской истории ужасов прошёл в 1984 году.,2,первый сезон американской истории ужасов прошел в 1984 году.,первый сезон американской истории ужасов прошел в num году
Иэн Глен родился 24 июня 1951 года.,2,иэн глен родился 24 июня 1951 года.,иэн глен родился num июня num года
Мама - это фильм 2017 года.,0,мама - это фильм 2017 года.,мама это фильм num года
Пятый студийный альбом был опубликован в 2017 году.,0,пятый студийный альбом был опубликован в 2017 году.,пятый студийный альбом был опубликован в num году
Джоан Кузак была в фильме 1988 года.,0,джоан кузак была в фильме 1988 года.,джоан кузак была в фильме num года
"По оценкам, в Соединенном Королевстве проживает 65,1 млн. человек.",0,"по оценкам, в соединенном королевстве проживает 65,1 млн. человек.",по оценкам в соединенном королевстве проживает num млн человек
Spotlight был выпущен в 2015 году.,0,spotlight был выпущен в 2015 году.,spotlight был выпущен в num году
Авраам Линкольн родился в 1809 году.,0,авраам линкольн родился в 1809 году.,авраам линкольн родился в num году
Джон Константин получил свой собственный комикс в 2017 году.,2,джон константин получил свой собственный комикс в 2017 году.,джон константин получил свой собственный комикс в num году
Роман Этвуд родился в 1985 году.,2,роман этвуд родился в 1985 году.,роман этвуд родился в num году
В 1956 году у Капитана Америка был киносериал.,2,в 1956 году у капитана америка был киносериал.,в num году у капитана америка был киносериал
Дэвид Джонс (разработчик видеоигр) основал Realtime Worlds в 2002 году.,0,дэвид джонс (разработчик видеоигр) основал realtime worlds в 2002 году.,дэвид джонс разработчик видеоигр основал realtime worlds в num году
На страны Группы двадцати приходится 80% мировой торговли.,0,на страны группы двадцати приходится 80% мировой торговли.,на страны группы двадцати приходится num мировой торговли
Третий сезон Изомби начался 28 апреля.,2,третий сезон изомби начался 28 апреля.,третий сезон изомби начался num апреля
Бритни Спирс выпустила свой третий альбом в 2010 году.,2,бритни спирс выпустила свой третий альбом в 2010 году.,бритни спирс выпустила свой третий альбом в num году
Тигр Вудс выиграл 15 профессиональных чемпионатов по гольфу.,2,тигр вудс выиграл 15 профессиональных чемпионатов по гольфу.,тигр вудс выиграл num профессиональных чемпионатов по гольфу
Создание одного из центров мировой торговли было завершено 30 августа 2012 года.,0,создание одного из центров мировой торговли было завершено 30 августа 2012 года.,создание одного из центров мировой торговли было завершено num августа num года
Джимми Картер родился 12 октября 1999 года.,2,джимми картер родился 12 октября 1999 года.,джимми картер родился num октября num года
Тоби Магуайр родился 27 июня.,0,тоби магуайр родился 27 июня.,тоби магуайр родился num июня
Майли Сайрус родилась в 2000 году.,2,майли сайрус родилась в 2000 году.,майли сайрус родилась в num году
В 1970 году в Лондоне было записано Солнце.,2,в 1970 году в лондоне было записано солнце.,в num году в лондоне было записано солнце
Одинокий голубь (мини-сериал) получил семь побед на премии Эмми 1989 года.,0,одинокий голубь (мини-сериал) получил семь побед на премии эмми 1989 года.,одинокий голубь мини сериал получил семь побед на премии эмми num года
Foo Fighters сформировались в 1994 году.,0,foo fighters сформировались в 1994 году.,foo fighters сформировались в num году
Дэвид Анжел умер в 2003 году.,2,дэвид анжел умер в 2003 году.,дэвид анжел умер в num году
Шестое расширение World of Warcraft было выпущено 29-го числа.,2,шестое расширение world of warcraft было выпущено 29-го числа.,шестое расширение world of warcraft было выпущено num го числа
Джей Секулоу родился 10 июня 1956 года.,0,джей секулоу родился 10 июня 1956 года.,джей секулоу родился num июня num года
Рамона Маркес родилась в 2001 году.,0,рамона маркес родилась в 2001 году.,рамона маркес родилась в num году
В своём пике Джон Рокфеллер контролировал 70% всей нефти в США.,2,в своем пике джон рокфеллер контролировал 70% всей нефти в сша.,в своем пике джон рокфеллер контролировал num всей нефти в сша
Лаадла была выпущена в 1991 году.,2,лаадла была выпущена в 1991 году.,лаадла была выпущена в num году
Чарльз Маккей родился 27 марта 1814 года.,0,чарльз маккей родился 27 марта 1814 года.,чарльз маккей родился num марта num года
Дэвид Анжел родился в 1956 году.,2,дэвид анжел родился в 1956 году.,дэвид анжел родился в num году
Бернард Мэдофф был приговорен к 30 годам тюремного заключения.,2,бернард мэдофф был приговорен к 30 годам тюремного заключения.,бернард мэдофф был приговорен к num годам тюремного заключения
Шантель Ван Сантен родился в 1993 году.,2,шантель ван сантен родился в 1993 году.,шантель ван сантен родился в num году
В 1970 году Лэнсу Армстронгу был поставлен диагноз смертельной болезни.,2,в 1970 году лэнсу армстронгу был поставлен диагноз смертельной болезни.,в num году лэнсу армстронгу был поставлен диагноз смертельной болезни
Ajab Prem Ki Gazab Kahani — фильм 2009 года.,0,ajab prem ki gazab kahani — фильм 2009 года.,ajab prem ki gazab kahani фильм num года
Вторая Пуничная война закончилась в 301 году до н. э.,2,вторая пуничная война закончилась в 301 году до н. э.,вторая пуничная война закончилась в num году до н э
Эухенио Канфари родился в 1873 году.,2,эухенио канфари родился в 1873 году.,эухенио канфари родился в num году
Брюс Спрингстин женился на Патти Сциалфе в 1991 году.,0,брюс спрингстин женился на патти сциалфе в 1991 году.,брюс спрингстин женился на патти сциалфе в num году
One More Light был выпущен 19 мая 2017 года.,0,one more light был выпущен 19 мая 2017 года.,one more light был выпущен num мая num года
Лед Зеппелин был образован в 1967 году.,2,лед зеппелин был образован в 1967 году.,лед зеппелин был образован в num году
В Эфиопии насчитывается около 80 этнолингвистических групп.,0,в эфиопии насчитывается около 80 этнолингвистических групп.,в эфиопии насчитывается около num этнолингвистических групп
Таня Робертс родилась 15-го.,0,таня робертс родилась 15-го.,таня робертс родилась num го
«Как быть» — независимый фильм 2008 года.,0,«как быть» — независимый фильм 2008 года.,как быть независимый фильм num года
One More Light был выпущен 30 мая 2017 года.,2,one more light был выпущен 30 мая 2017 года.,one more light был выпущен num мая num года
Наполеон руководил своей первой военной кампанией в возрасте 26 лет.,0,наполеон руководил своей первой военной кампанией в возрасте 26 лет.,наполеон руководил своей первой военной кампанией в возрасте num лет
Тамара Тейлор родилась в 1970 году.,0,тамара тейлор родилась в 1970 году.,тамара тейлор родилась в num году
Элизабет Мериветер родилась в 1921 году.,2,элизабет мериветер родилась в 1921 году.,элизабет мериветер родилась в num году
Князь Египта — фильм 1998 года.,0,князь египта — фильм 1998 года.,князь египта фильм num года
Роналдо Макзински родился в 1980 году.,0,роналдо макзински родился в 1980 году.,роналдо макзински родился в num году
Смурфы начали снимать в 2010 году.,0,смурфы начали снимать в 2010 году.,смурфы начали снимать в num году
Финал WTA 2014 начался 27 октября.,2,финал wta 2014 начался 27 октября.,финал wta num начался num октября
Джереми Аллен Уайт родился 18-го.,2,джереми аллен уайт родился 18-го.,джереми аллен уайт родился num го
Америго Веспуччи умер 22 февраля 1512 года.,0,америго веспуччи умер 22 февраля 1512 года.,америго веспуччи умер num февраля num года
29 ноября 2005 года Havoc поступил на DVD.,0,29 ноября 2005 года havoc поступил на dvd.,num ноября num года havoc поступил на dvd
Гарольд Рамис родился в 1946 году.,2,гарольд рамис родился в 1946 году.,гарольд рамис родился в num году
Квинси Джонс заняла видное место в 1860-х.,2,квинси джонс заняла видное место в 1860-х.,квинси джонс заняла видное место в num х
Алан Рикман умер в 2013 году.,2,алан рикман умер в 2013 году.,алан рикман умер в num году
Князь Египта () — фильм 1997 года.,2,князь египта () — фильм 1997 года.,князь египта фильм num года
Вайат Эрп женился на своей первой жене в 1890 году.,2,вайат эрп женился на своей первой жене в 1890 году.,вайат эрп женился на своей первой жене в num году
Последний сезон хора состоялся 9 января 2017 года.,2,последний сезон хора состоялся 9 января 2017 года.,последний сезон хора состоялся num января num года
«Сказка рабыни» () — роман канадской писательницы Маргарет Этвуд 1985 года.,0,«сказка рабыни» () — роман канадской писательницы маргарет этвуд 1985 года.,сказка рабыни роман канадской писательницы маргарет этвуд num года
Деннис Хастерт выиграл выборы в Палату представителей Иллинойса в 1881 году.,2,деннис хастерт выиграл выборы в палату представителей иллинойса в 1881 году.,деннис хастерт выиграл выборы в палату представителей иллинойса в num году
X-Men: День будущего прошлого вышел в 2016 году.,2,x-men: день будущего прошлого вышел в 2016 году.,x men день будущего прошлого вышел в num году
Джозеф Барбера умер 18 декабря.,0,джозеф барбера умер 18 декабря.,джозеф барбера умер num декабря
В 1701 году родился Чарльз Мари де Ла Кондамин.,0,в 1701 году родился чарльз мари де ла кондамин.,в num году родился чарльз мари де ла кондамин
Второй студийный альбом леди Гаги был выпущен в 2011 году.,0,второй студийный альбом леди гаги был выпущен в 2011 году.,второй студийный альбом леди гаги был выпущен в num году
Pink Floyd был введён в Зал славы Великобритании в 2005 году.,0,pink floyd был введен в зал славы великобритании в 2005 году.,pink floyd был введен в зал славы великобритании в num году
Год рождения Кэти Стивенс был 1992.,0,год рождения кэти стивенс был 1992.,год рождения кэти стивенс был num
Группа Гвен Стефани выпустила альбом Tragic Kingdom в 1997 году.,2,группа гвен стефани выпустила альбом tragic kingdom в 1997 году.,группа гвен стефани выпустила альбом tragic kingdom в num году
В поколении Х есть годы рождения начиная с 1980-х годов.,0,в поколении х есть годы рождения начиная с 1980-х годов.,в поколении х есть годы рождения начиная с num х годов
Мальчик был выброшен 25 августа.,2,мальчик был выброшен 25 августа.,мальчик был выброшен num августа
Тэйлор Кич родился в 1984 году.,2,тэйлор кич родился в 1984 году.,тэйлор кич родился в num году
Эд Соломон родился 15 сентября 1920 года.,2,эд соломон родился 15 сентября 1920 года.,эд соломон родился num сентября num года
« Звездные войны»: Силы Пробудятся через 20 лет после возвращения джедаев.,2,« звездные войны»: силы пробудятся через 20 лет после возвращения джедаев.,звездные войны силы пробудятся через num лет после возвращения джедаев
Шакира родилась 2 февраля 1987 года.,2,шакира родилась 2 февраля 1987 года.,шакира родилась num февраля num года
Неррукку Нер был выпущен в 1997 году.,0,неррукку нер был выпущен в 1997 году.,неррукку нер был выпущен в num году
Борис Карлофф умер в 1980 году.,2,борис карлофф умер в 1980 году.,борис карлофф умер в num году
50 First Dates — фильм 2004 года.,0,50 first dates — фильм 2004 года.,num first dates фильм num года
Премьера на ABC состоялась 2 сентября 2005 года.,2,премьера на abc состоялась 2 сентября 2005 года.,премьера на abc состоялась num сентября num года
Умер 12 апреля 1950 года.,2,умер 12 апреля 1950 года.,умер num апреля num года
Дэвид Анжел умер в 1946 году.,2,дэвид анжел умер в 1946 году.,дэвид анжел умер в num году
Эндрю Вуд умер в 1977 году.,2,эндрю вуд умер в 1977 году.,эндрю вуд умер в num году
Lightning Point был снят в 2011 году.,0,lightning point был снят в 2011 году.,lightning point был снят в num году
Дженнифер Энистон родилась в 1989 году.,2,дженнифер энистон родилась в 1989 году.,дженнифер энистон родилась в num году
50 First Dates — фильм 2017 года.,2,50 first dates — фильм 2017 года.,num first dates фильм num года
Ананасовый экспресс () — фильм 2008 года.,0,ананасовый экспресс () — фильм 2008 года.,ананасовый экспресс фильм num года
Игра престолов — это телевизионное шоу.,2,игра престолов — это телевизионное шоу.,игра престолов это телевизионное шоу
В 2006 году Ромерлу Лукаку переехал в Андерлехт.,0,в 2006 году ромерлу лукаку переехал в андерлехт.,в num году ромерлу лукаку переехал в андерлехт
Джерард Ли родился в 1981 году.,2,джерард ли родился в 1981 году.,джерард ли родился в num году
Альберт Эйнштейн родился в 1879 году.,0,альберт эйнштейн родился в 1879 году.,альберт эйнштейн родился в num году
Dead Man Down был выпущен в 2013 году.,0,dead man down был выпущен в 2013 году.,dead man down был выпущен в num году
В 2010 году Кобе Брайант получил премию за финал MVP.,0,в 2010 году кобе брайант получил премию за финал mvp.,в num году кобе брайант получил премию за финал mvp
Последний сезон хора состоялся 9 января 2015 года.,0,последний сезон хора состоялся 9 января 2015 года.,последний сезон хора состоялся num января num года
Генри V — это фильм 2007 года.,2,генри v — это фильм 2007 года.,генри v это фильм num года
Dark Places был выпущен в 2015 году.,0,dark places был выпущен в 2015 году.,dark places был выпущен в num году
Мачу Пикчу находится на горном хребте на высоте 2430 метров над уровнем моря.,0,мачу пикчу находится на горном хребте на высоте 2430 метров над уровнем моря.,мачу пикчу находится на горном хребте на высоте num метров над уровнем моря
Даг Дюси родился в 1964 году.,0,даг дюси родился в 1964 году.,даг дюси родился в num году
Августо Пиночета умер в 2016 году.,2,августо пиночета умер в 2016 году.,августо пиночета умер в num году
"Как Вы любите, он был выпущен в 2005 году.",2,"как вы любите, он был выпущен в 2005 году.",как вы любите он был выпущен в num году
Викрам играл в начале 2000-х.,0,викрам играл в начале 2000-х.,викрам играл в начале num х
Маркус Рэшфорд родился в 1990 году.,2,маркус рэшфорд родился в 1990 году.,маркус рэшфорд родился в num году
Эмма - адаптация романа 1815 года.,0,эмма - адаптация романа 1815 года.,эмма адаптация романа num года
С 60-х годов Колумбия страдает от вооруженного конфликта.,0,с 60-х годов колумбия страдает от вооруженного конфликта.,с num х годов колумбия страдает от вооруженного конфликта
Дата рождения Анерина Барнарда - 15 мая.,2,дата рождения анерина барнарда - 15 мая.,дата рождения анерина барнарда num мая
Blue Velvet был выпущен в 1986 году.,0,blue velvet был выпущен в 1986 году.,blue velvet был выпущен в num году
"Dumb and Dumber — фильм, выпущенный в 1992 году.",2,"dumb and dumber — фильм, выпущенный в 1992 году.",dumb and dumber фильм выпущенный в num году
Мачу Пикчу находится на горном хребте на высоте 210 метров над уровнем моря.,2,мачу пикчу находится на горном хребте на высоте 210 метров над уровнем моря.,мачу пикчу находится на горном хребте на высоте num метров над уровнем моря
Джейми Фокс родился в 19 веке.,2,джейми фокс родился в 19 веке.,джейми фокс родился в num веке
Кейт Нэш выпустила Girl Talk 2 марта 2013 года.,2,кейт нэш выпустила girl talk 2 марта 2013 года.,кейт нэш выпустила girl talk num марта num года
Бостон был основан в 1776 году.,2,бостон был основан в 1776 году.,бостон был основан в num году
"Грегор Клеган был представлен в 1996 году в ""Игре престолов"".",0,"грегор клеган был представлен в 1996 году в ""игре престолов"".",грегор клеган был представлен в num году в игре престолов
Джеффри Дамер умер в 1992 году.,2,джеффри дамер умер в 1992 году.,джеффри дамер умер в num году
Герд фон Рундстедт родился 12 декабря 1875 года.,0,герд фон рундстедт родился 12 декабря 1875 года.,герд фон рундстедт родился num декабря num года
Дулеп Сингх родился в 1893 году.,2,дулеп сингх родился в 1893 году.,дулеп сингх родился в num году
Backstreet Boys образовались в 1998 году.,2,backstreet boys образовались в 1998 году.,backstreet boys образовались в num году
Джон Пертве был в серии с 1979 по 1999 год.,2,джон пертве был в серии с 1979 по 1999 год.,джон пертве был в серии с num по num год
Бриттани Мёрфи родилась в 2009 году.,2,бриттани мерфи родилась в 2009 году.,бриттани мерфи родилась в num году
Up All Night был выпущен в ноябре 2011 года.,0,up all night был выпущен в ноябре 2011 года.,up all night был выпущен в ноябре num года
"Осложнения, связанные с корью, возникают примерно у 30% людей.",0,"осложнения, связанные с корью, возникают примерно у 30% людей.",осложнения связанные с корью возникают примерно у num людей
Чжи Чан Ук родилась в 1978 году.,2,чжи чан ук родилась в 1978 году.,чжи чан ук родилась в num году
В конгрессе Соединенных Штатов насчитывается 435 представителей.,0,в конгрессе соединенных штатов насчитывается 435 представителей.,в конгрессе соединенных штатов насчитывается num представителей
Джо Байден стал вице-президентом в 2007 году.,2,джо байден стал вице-президентом в 2007 году.,джо байден стал вице президентом в num году
В 1986 году Хэлл Берри занял 6-е место на конкурсе Мисс Мир.,0,в 1986 году хэлл берри занял 6-е место на конкурсе мисс мир.,в num году хэлл берри занял num е место на конкурсе мисс мир
Термин культовый фильм был впервые использован в 1980-х годах.,2,термин культовый фильм был впервые использован в 1980-х годах.,термин культовый фильм был впервые использован в num х годах
Папа Янки родился в 1977 году.,0,папа янки родился в 1977 году.,папа янки родился в num году
Foo Fighters сформировались в 1974 году.,2,foo fighters сформировались в 1974 году.,foo fighters сформировались в num году
Вторая Пуничная война началась в 208 году до н. э.,2,вторая пуничная война началась в 208 году до н. э.,вторая пуничная война началась в num году до н э
Ли Мин Хо родилась в 1987 году.,0,ли мин хо родилась в 1987 году.,ли мин хо родилась в num году
Дуэйн Уэйд начал играть за Bulls в 2016 году.,0,дуэйн уэйд начал играть за bulls в 2016 году.,дуэйн уэйд начал играть за bulls в num году
Тоби Магуайр родился 28 июня.,2,тоби магуайр родился 28 июня.,тоби магуайр родился num июня
Грейс ВандерВаль родилась 15 января 2004 года.,0,грейс вандерваль родилась 15 января 2004 года.,грейс вандерваль родилась num января num года
Кэлвин Харрис родился в 1985 году.,2,кэлвин харрис родился в 1985 году.,кэлвин харрис родился в num году
Broad Green Pictures был основан в 2014 году.,0,broad green pictures был основан в 2014 году.,broad green pictures был основан в num году
Фрэнк Синатра выпустил альбом в 1968 году.,0,фрэнк синатра выпустил альбом в 1968 году.,фрэнк синатра выпустил альбом в num году
Маккензи Фой снимался в The Twearlight Saga: Breaking Dawn -- Part 2.,0,маккензи фой снимался в the twearlight saga: breaking dawn -- part 2.,маккензи фой снимался в the twearlight saga breaking dawn part num
Джеки Робинсон была лауреатом первой премии MLB новичка года в 1982 году.,2,джеки робинсон была лауреатом первой премии mlb новичка года в 1982 году.,джеки робинсон была лауреатом первой премии mlb новичка года в num году
Генри V — фильм 2012 года.,0,генри v — фильм 2012 года.,генри v фильм num года
Жан-Клод Ван Дамм родился 30 октября 1960 года.,2,жан-клод ван дамм родился 30 октября 1960 года.,жан клод ван дамм родился num октября num года
"Осложнения, связанные с корью, возникают примерно у 30% людей",0,"осложнения, связанные с корью, возникают примерно у 30% людей",осложнения связанные с корью возникают примерно у num людей
"Дракула — роман, написанный человеком, который умер в 1912 году.",0,"дракула — роман, написанный человеком, который умер в 1912 году.",дракула роман написанный человеком который умер в num году
Нил Янг начал выступать в 1960 году.,0,нил янг начал выступать в 1960 году.,нил янг начал выступать в num году
Оззи Осборн был уволен из Чёрной субботы в 1879 году.,2,оззи осборн был уволен из черной субботы в 1879 году.,оззи осборн был уволен из черной субботы в num году
Дэвид Бекхем женат на Виктории Бекхем с 1997 года.,2,дэвид бекхем женат на виктории бекхем с 1997 года.,дэвид бекхем женат на виктории бекхем с num года
Рональд Рейган раскрыл свой диагноз болезни Альцгеймера в 1997 году.,2,рональд рейган раскрыл свой диагноз болезни альцгеймера в 1997 году.,рональд рейган раскрыл свой диагноз болезни альцгеймера в num году
Крис Хардвик начал принимать Министерство Смеха в 2011 году.,0,крис хардвик начал принимать министерство смеха в 2011 году.,крис хардвик начал принимать министерство смеха в num году
Кубок Хопмана был основан в 1999 году.,2,кубок хопмана был основан в 1999 году.,кубок хопмана был основан в num году
Адам Уэст родился в 1928 году.,0,адам уэст родился в 1928 году.,адам уэст родился в num году
Гнев Титанов был выпущен в 2012 году.,0,гнев титанов был выпущен в 2012 году.,гнев титанов был выпущен в num году
Адам Сэндлер родился в 1966 году.,0,адам сэндлер родился в 1966 году.,адам сэндлер родился в num году
Harrows — фильм 2008 года.,0,harrows — фильм 2008 года.,harrows фильм num года
Life Is Peachy была выпущена в октябре 1986 года.,0,life is peachy была выпущена в октябре 1986 года.,life is peachy была выпущена в октябре num года
День независимости: Возрождение — это фильм 1990 года.,2,день независимости: возрождение — это фильм 1990 года.,день независимости возрождение это фильм num года
Джим Кэрри появился в Kick-Ass 2 в 2012 году.,2,джим кэрри появился в kick-ass 2 в 2012 году.,джим кэрри появился в kick ass num в num году
В 2014 году годовой доход компании составил 391 млн. долл. США.,0,в 2014 году годовой доход компании составил 391 млн. долл. сша.,в num году годовой доход компании составил num млн долл сша
The People vs. Larry Flynt — фильм 1997 года.,2,the people vs. larry flynt — фильм 1997 года.,the people vs larry flynt фильм num года
"Население Чешской Республики составляет 10,5 млн. человек.",0,"население чешской республики составляет 10,5 млн. человек.",население чешской республики составляет num млн человек
Наоми Уоттс родилась в 1969 году.,2,наоми уоттс родилась в 1969 году.,наоми уоттс родилась в num году
Уайти Балгер был осужден в 2003 году.,2,уайти балгер был осужден в 2003 году.,уайти балгер был осужден в num году
Фредерик Огюст Бартольди умер 4 октября 1904 года.,0,фредерик огюст бартольди умер 4 октября 1904 года.,фредерик огюст бартольди умер num октября num года
Адам Уэст родился в 1923 году.,2,адам уэст родился в 1923 году.,адам уэст родился в num году
Группа Eazy-E выпустила свой первый сингл в 1990 году.,2,группа eazy-e выпустила свой первый сингл в 1990 году.,группа eazy e выпустила свой первый сингл в num году
Джуди Гарланд умерла в 1997 году.,0,джуди гарланд умерла в 1997 году.,джуди гарланд умерла в num году
Пегги Сью вышла замуж — американский фильм 1933 года.,2,пегги сью вышла замуж — американский фильм 1933 года.,пегги сью вышла замуж американский фильм num года
Премьера Щита состоялась в 2002 году.,0,премьера щита состоялась в 2002 году.,премьера щита состоялась в num году
Первый роман «Твайлайт» был выпущен в 2005 году.,0,первый роман «твайлайт» был выпущен в 2005 году.,первый роман твайлайт был выпущен в num году
Премьера состоялась 21 июля 2004 года.,0,премьера состоялась 21 июля 2004 года.,премьера состоялась num июля num года
Константин — это фильм 2005 года.,0,константин — это фильм 2005 года.,константин это фильм num года
Год рождения Кэти Стивенс был 1972.,2,год рождения кэти стивенс был 1972.,год рождения кэти стивенс был num
Бэтмен впервые появился в комиксе 1939 года.,0,бэтмен впервые появился в комиксе 1939 года.,бэтмен впервые появился в комиксе num года
Том Круз начал свою карьеру в 25 лет.,2,том круз начал свою карьеру в 25 лет.,том круз начал свою карьеру в num лет
Дэвид Тевлис родился в 1973 году.,2,дэвид тевлис родился в 1973 году.,дэвид тевлис родился в num году
Пиксар начался в 1979 году.,0,пиксар начался в 1979 году.,пиксар начался в num году
"Все мои дети были созданы американским телевизионным писателем и продюсером, который умер в 2016 году.",0,"все мои дети были созданы американским телевизионным писателем и продюсером, который умер в 2016 году.",все мои дети были созданы американским телевизионным писателем и продюсером который умер в num году
Габури Сидибе родился в 1983 году.,0,габури сидибе родился в 1983 году.,габури сидибе родился в num году
Калифорния Гёрлс была выпущена в 2011 году.,2,калифорния герлс была выпущена в 2011 году.,калифорния герлс была выпущена в num году
Первый сезон Американской истории ужасов прошёл в 2011 году.,0,первый сезон американской истории ужасов прошел в 2011 году.,первый сезон американской истории ужасов прошел в num году
Suite Life Movie — фильм 2011 года.,0,suite life movie — фильм 2011 года.,suite life movie фильм num года
Лейтон Мистер родился 5 апреля 1986 года.,2,лейтон мистер родился 5 апреля 1986 года.,лейтон мистер родился num апреля num года
Джоан Кроуфорд родилась 23 марта 1904 года.,0,джоан кроуфорд родилась 23 марта 1904 года.,джоан кроуфорд родилась num марта num года
Дэвис Гуггенхейм родился в 1953 году.,2,дэвис гуггенхейм родился в 1953 году.,дэвис гуггенхейм родился в num году
Трансформеры: Age of Extinction были выпущены в 2014 году.,0,трансформеры: age of extinction были выпущены в 2014 году.,трансформеры age of extinction были выпущены в num году
Джош Хартнетт родился в 1978 году.,0,джош хартнетт родился в 1978 году.,джош хартнетт родился в num году
Апокалипсис был выпущен в 1979 году.,0,апокалипсис был выпущен в 1979 году.,апокалипсис был выпущен в num году
Колин Пауэлл был 56-м государственным секретарем США.,2,колин пауэлл был 56-м государственным секретарем сша.,колин пауэлл был num м государственным секретарем сша
Линда Маккартни родилась 24 сентября 1941 года.,0,линда маккартни родилась 24 сентября 1941 года.,линда маккартни родилась num сентября num года
Уильям Толберт-младший родился 13 мая 1913 года.,0,уильям толберт-младший родился 13 мая 1913 года.,уильям толберт младший родился num мая num года
Трансформеры: Возраст вымирания был выпущен в 2014 году,0,трансформеры: возраст вымирания был выпущен в 2014 году,трансформеры возраст вымирания был выпущен в num году
Австрия находилась под оккупацией до 1955 года.,0,австрия находилась под оккупацией до 1955 года.,австрия находилась под оккупацией до num года
Paper Moon () — драматический фильм 1974 года.,2,paper moon () — драматический фильм 1974 года.,paper moon драматический фильм num года
"Этой спортивной жизнью руководил человек, который умер в 2000 году.",2,"этой спортивной жизнью руководил человек, который умер в 2000 году.",этой спортивной жизнью руководил человек который умер в num году
Led Zeppelin выпустили свой первый альбом в 1669 году.,2,led zeppelin выпустили свой первый альбом в 1669 году.,led zeppelin выпустили свой первый альбом в num году
Элис - это переработка фильма 1965 года.,0,элис - это переработка фильма 1965 года.,элис это переработка фильма num года
Адель выпустила свой дебютный альбом в 2008 году.,0,адель выпустила свой дебютный альбом в 2008 году.,адель выпустила свой дебютный альбом в num году
Бон Скотт стал ведущим певцом AC/DC в 1974 году.,0,бон скотт стал ведущим певцом ac/dc в 1974 году.,бон скотт стал ведущим певцом ac dc в num году
В 2014 году группа «Трой Бейкер» выпустила свой дебютный альбом.,2,в 2014 году группа «трой бейкер» выпустила свой дебютный альбом.,в num году группа трой бейкер выпустила свой дебютный альбом
SpaceX начал сбор средств в частном секторе в 2011 году.,0,spacex начал сбор средств в частном секторе в 2011 году.,spacex начал сбор средств в частном секторе в num году
Пропал фильм 1982 года.,0,пропал фильм 1982 года.,пропал фильм num года
Мартин Фриман родился в 1971 году.,0,мартин фриман родился в 1971 году.,мартин фриман родился в num году
Марго Киддер выиграл награду в 2000 году.,2,марго киддер выиграл награду в 2000 году.,марго киддер выиграл награду в num году
Вайат Эрп женился на своей первой жене в 1870 году.,0,вайат эрп женился на своей первой жене в 1870 году.,вайат эрп женился на своей первой жене в num году
В 2006 году Адель окончила БРИТскую школу искусств и технологий.,0,в 2006 году адель окончила бритскую школу искусств и технологий.,в num году адель окончила бритскую школу искусств и технологий
В конгрессе США 100 сенаторов.,0,в конгрессе сша 100 сенаторов.,в конгрессе сша num сенаторов
Ричард Харрис умер 23 октября 2012 года.,2,ричард харрис умер 23 октября 2012 года.,ричард харрис умер num октября num года
Том Фелтон был в фильме в 1966 году.,2,том фелтон был в фильме в 1966 году.,том фелтон был в фильме в num году
Эльза Патаки родилась 18 июля 1976 года.,0,эльза патаки родилась 18 июля 1976 года.,эльза патаки родилась num июля num года
Тирез Гибсон родился 20 декабря 1978 года.,2,тирез гибсон родился 20 декабря 1978 года.,тирез гибсон родился num декабря num года
Сериал «Подземный мир» собрал в общей сложности 539 миллионов долларов.,0,сериал «подземный мир» собрал в общей сложности 539 миллионов долларов.,сериал подземный мир собрал в общей сложности num миллионов долларов
Линда Маккартни родилась 14 сентября 1941 года.,2,линда маккартни родилась 14 сентября 1941 года.,линда маккартни родилась num сентября num года
Мартин Скорсезе основал Фонд Кино в 1990 году.,0,мартин скорсезе основал фонд кино в 1990 году.,мартин скорсезе основал фонд кино в num году
Стивен Зайлиан получил награду на Остинском кинофестивале 2017 года.,2,стивен зайлиан получил награду на остинском кинофестивале 2017 года.,стивен зайлиан получил награду на остинском кинофестивале num года
Джастиниан Я управлял Византийской империей с 527 до 565.,0,джастиниан я управлял византийской империей с 527 до 565.,джастиниан я управлял византийской империей с num до num
В 2017 году премьера состоялась в честь Судьбы фурусов.,0,в 2017 году премьера состоялась в честь судьбы фурусов.,в num году премьера состоялась в честь судьбы фурусов
Второй сезон Sonny с Шансом состоялся 14 марта 2010 года.,0,второй сезон sonny с шансом состоялся 14 марта 2010 года.,второй сезон sonny с шансом состоялся num марта num года
Джозеф Фенн родился в 1976 году.,2,джозеф фенн родился в 1976 году.,джозеф фенн родился в num году
Второй сезон Outlander (TV-сериал) был проведён в 2017 году.,2,второй сезон outlander (tv-сериал) был проведен в 2017 году.,второй сезон outlander tv сериал был проведен в num году
Аарон Картер родился в 1997 году.,2,аарон картер родился в 1997 году.,аарон картер родился в num году
Лесли Гроувз умерла 13 июля 1970 года.,0,лесли гроувз умерла 13 июля 1970 года.,лесли гроувз умерла num июля num года
"Этой спортивной жизнью руководил человек, который умер в 1992 году.",2,"этой спортивной жизнью руководил человек, который умер в 1992 году.",этой спортивной жизнью руководил человек который умер в num году
Дом мисс Перегрин для детей-пекулиаров — фильм 2001 года.,2,дом мисс перегрин для детей-пекулиаров — фильм 2001 года.,дом мисс перегрин для детей пекулиаров фильм num года
День независимости: Возрождение — это фильм 1987 года.,2,день независимости: возрождение — это фильм 1987 года.,день независимости возрождение это фильм num года
Почетная премия Академии была учреждена в 1912 году.,2,почетная премия академии была учреждена в 1912 году.,почетная премия академии была учреждена в num году
Шон Комбс выпустил альбом Press Play в 2006 году.,0,шон комбс выпустил альбом press play в 2006 году.,шон комбс выпустил альбом press play в num году
Карл; Принц Уэльский родился в 1948 году.,0,карл; принц уэльский родился в 1948 году.,карл принц уэльский родился в num году
"Avatar: ""Последний мага Воздуха"" вышел в эфир с 2005 по 2008 год.",0,"avatar: ""последний мага воздуха"" вышел в эфир с 2005 по 2008 год.",avatar последний мага воздуха вышел в эфир с num по num год
"В 1990-х годах было выпущено ""Уилл Бэ Блад"".",2,"в 1990-х годах было выпущено ""уилл бэ блад"".",в num х годах было выпущено уилл бэ блад
Жан-Мартин Чаркот умер в 1893 году.,0,жан-мартин чаркот умер в 1893 году.,жан мартин чаркот умер в num году
Джейден Смит родился 8 июля 1998 года.,0,джейден смит родился 8 июля 1998 года.,джейден смит родился num июля num года
Джастиниан Я управлял Византийской империей с 527 до 588.,2,джастиниан я управлял византийской империей с 527 до 588.,джастиниан я управлял византийской империей с num до num
Джек Николсон получил честь в 2004 году.,2,джек николсон получил честь в 2004 году.,джек николсон получил честь в num году
Кольм Форе родился в 1988 году.,2,кольм форе родился в 1988 году.,кольм форе родился в num году
Александр Лукашенко работает с 2002 года.,2,александр лукашенко работает с 2002 года.,александр лукашенко работает с num года
Игра престолов - это телевизионное шоу.,0,игра престолов - это телевизионное шоу.,игра престолов это телевизионное шоу
"У ""Убирайся"" был бюджет в 3,6 миллиона долларов.",2,"у ""убирайся"" был бюджет в 3,6 миллиона долларов.",у убирайся был бюджет в num миллиона долларов
Агата Кристи родилась в 1867 году.,2,агата кристи родилась в 1867 году.,агата кристи родилась в num году
Дейтонское соглашение было достигнуто в 1800 году.,2,дейтонское соглашение было достигнуто в 1800 году.,дейтонское соглашение было достигнуто в num году
День независимости: Возрождение - это фильм 2016 года.,0,день независимости: возрождение - это фильм 2016 года.,день независимости возрождение это фильм num года
"""Сказки"" () — фильм 2015 года.",0,"""сказки"" () — фильм 2015 года.",сказки фильм num года
"Арнольд Виник играет американский актёр, родившийся в 1930 году.",2,"арнольд виник играет американский актер, родившийся в 1930 году.",арнольд виник играет американский актер родившийся в num году
Ричард Брэнсон основал Virgin Records в 1972 году.,0,ричард брэнсон основал virgin records в 1972 году.,ричард брэнсон основал virgin records в num году
Дэвид Саймон родился в 1960 году.,0,дэвид саймон родился в 1960 году.,дэвид саймон родился в num году
Большое шоу родилось в 1972 году.,0,большое шоу родилось в 1972 году.,большое шоу родилось в num году
Мария Кэри родилась 28-го.,2,мария кэри родилась 28-го.,мария кэри родилась num го
Уильям МакКинли был президентом США с 4 марта 1897 года до своей смерти.,0,уильям маккинли был президентом сша с 4 марта 1897 года до своей смерти.,уильям маккинли был президентом сша с num марта num года до своей смерти
Эллен Помпео заработала 40 долларов в 2015 году.,0,эллен помпео заработала 40 долларов в 2015 году.,эллен помпео заработала num долларов в num году
Премьера спящей красоты состоялась с 11 по 22 мая 2011 года.,0,премьера спящей красоты состоялась с 11 по 22 мая 2011 года.,премьера спящей красоты состоялась с num по num мая num года
Эмма Стоун родилась в 1788 году.,2,эмма стоун родилась в 1788 году.,эмма стоун родилась в num году
Super Bowl XLVI был сыгран в 2012 году.,0,super bowl xlvi был сыгран в 2012 году.,super bowl xlvi был сыгран в num году
В 2018 году премьера состоялась в честь Судьбы фурусов.,2,в 2018 году премьера состоялась в честь судьбы фурусов.,в num году премьера состоялась в честь судьбы фурусов
Brockback Mountain — фильм 2005 года.,0,brockback mountain — фильм 2005 года.,brockback mountain фильм num года
Harrows — фильм 2006 года.,2,harrows — фильм 2006 года.,harrows фильм num года
Джейми Фокс был в фильме 2014 года.,0,джейми фокс был в фильме 2014 года.,джейми фокс был в фильме num года
Американские боги были опубликованы в 2010 году.,2,американские боги были опубликованы в 2010 году.,американские боги были опубликованы в num году
Линкольн Моторная компания была основана в 1918 году.,2,линкольн моторная компания была основана в 1918 году.,линкольн моторная компания была основана в num году
В 1996 году Pink Floyd был введён в Зал славы American Rock and Roll Hall of Fame.,0,в 1996 году pink floyd был введен в зал славы american rock and roll hall of fame.,в num году pink floyd был введен в зал славы american rock and roll hall of fame
Игра престолов (сезон 3) имела 10 эпизодов.,0,игра престолов (сезон 3) имела 10 эпизодов.,игра престолов сезон num имела num эпизодов
В 1969 году в Лондоне было записано Солнце.,0,в 1969 году в лондоне было записано солнце.,в num году в лондоне было записано солнце
Барнаби получил статус города в 1993 году.,2,барнаби получил статус города в 1993 году.,барнаби получил статус города в num году
Muse был выпущен в 1919 году.,2,muse был выпущен в 1919 году.,muse был выпущен в num году
Брюс Спрингстин женился на Патти Сциалфе в 1999 году.,2,брюс спрингстин женился на патти сциалфе в 1999 году.,брюс спрингстин женился на патти сциалфе в num году
Николя Кейдж родился в 1965 году.,2,николя кейдж родился в 1965 году.,николя кейдж родился в num году
Миранда Косгроув родилась в 1993 году.,0,миранда косгроув родилась в 1993 году.,миранда косгроув родилась в num году
Сигмунд Фрейд начал свою клиническую практику в 2001 году.,2,сигмунд фрейд начал свою клиническую практику в 2001 году.,сигмунд фрейд начал свою клиническую практику в num году
Леди Гага родилась в 1986 году.,0,леди гага родилась в 1986 году.,леди гага родилась в num году
Диана была выпущена 22 мая.,0,диана была выпущена 22 мая.,диана была выпущена num мая
Пиксар начался в 1980 году.,2,пиксар начался в 1980 году.,пиксар начался в num году
Красный — фильм 2010 года.,0,красный — фильм 2010 года.,красный фильм num года
Александра Берк родилась в 1990 году.,2,александра берк родилась в 1990 году.,александра берк родилась в num году
Игра престолов завершится в 2019 году.,2,игра престолов завершится в 2019 году.,игра престолов завершится в num году
Джордж Клуни родился в 1980 году.,2,джордж клуни родился в 1980 году.,джордж клуни родился в num году
Поющий детектив вышел в эфир в 1976 году.,2,поющий детектив вышел в эфир в 1976 году.,поющий детектив вышел в эфир в num году
Джеки Робинсон была лауреатом первой премии MLB новичка года в 1947 году.,0,джеки робинсон была лауреатом первой премии mlb новичка года в 1947 году.,джеки робинсон была лауреатом первой премии mlb новичка года в num году
Йелп существовал в 1999 году.,2,йелп существовал в 1999 году.,йелп существовал в num году
Дивергент был выпущен на Blu-ray 13 августа 2014 года.,2,дивергент был выпущен на blu-ray 13 августа 2014 года.,дивергент был выпущен на blu ray num августа num года
Наоми Уоттс родилась в 1968 году.,0,наоми уоттс родилась в 1968 году.,наоми уоттс родилась в num году
30 ноября 2005 года Havoc поступил на DVD.,2,30 ноября 2005 года havoc поступил на dvd.,num ноября num года havoc поступил на dvd
В 1980 году открылся Всемирный торговый центр.,2,в 1980 году открылся всемирный торговый центр.,в num году открылся всемирный торговый центр
Джунун () — фильм американского режиссёра 1980 года рождения.,2,джунун () — фильм американского режиссера 1980 года рождения.,джунун фильм американского режиссера num года рождения
Рой Уитинг родился в 1960 году.,2,рой уитинг родился в 1960 году.,рой уитинг родился в num году
Шоу Аманды транслировалось с 1989 по 2002 год.,2,шоу аманды транслировалось с 1989 по 2002 год.,шоу аманды транслировалось с num по num год
Deadbool () — фильм 2017 года.,2,deadbool () — фильм 2017 года.,deadbool фильм num года
Daft Punk выпустили свой дебютный альбом в 1997 году.,0,daft punk выпустили свой дебютный альбом в 1997 году.,daft punk выпустили свой дебютный альбом в num году
Klute был выпущен в 1971 году.,0,klute был выпущен в 1971 году.,klute был выпущен в num году
Билли Джоэл выпустил по крайней мере две песни в 2007 году.,0,билли джоэл выпустил по крайней мере две песни в 2007 году.,билли джоэл выпустил по крайней мере две песни в num году
Легенда Тарзана (фильм) была выпущена в 2013 году.,2,легенда тарзана (фильм) была выпущена в 2013 году.,легенда тарзана фильм была выпущена в num году
Чемпионат мира по шахматам был создан в 1991 году.,0,чемпионат мира по шахматам был создан в 1991 году.,чемпионат мира по шахматам был создан в num году
Дженнифер Энистон родилась в 1974 году.,2,дженнифер энистон родилась в 1974 году.,дженнифер энистон родилась в num году
Финал WTA 2014 закончился 16 октября.,2,финал wta 2014 закончился 16 октября.,финал wta num закончился num октября
Джейден Смит родился 4 июля 1998 года.,2,джейден смит родился 4 июля 1998 года.,джейден смит родился num июля num года
Фантастические Звери и Куда найти их были выпущены 18 ноября 2016 года.,0,фантастические звери и куда найти их были выпущены 18 ноября 2016 года.,фантастические звери и куда найти их были выпущены num ноября num года
«Десять заповедей» (1956) — фильм 1956 года.,0,«десять заповедей» (1956) — фильм 1956 года.,десять заповедей num фильм num года
Тупак Шакур умер в 1998 году.,2,тупак шакур умер в 1998 году.,тупак шакур умер в num году
Роберт Вагнер опубликовал свою автобиографию в 2008 году.,0,роберт вагнер опубликовал свою автобиографию в 2008 году.,роберт вагнер опубликовал свою автобиографию в num году
В 2001 году Ромерлу Лукаку переехал в Андерлехт.,2,в 2001 году ромерлу лукаку переехал в андерлехт.,в num году ромерлу лукаку переехал в андерлехт
Эллен Бёрстин начала свою карьеру в конце 1990-х.,2,эллен берстин начала свою карьеру в конце 1990-х.,эллен берстин начала свою карьеру в конце num х
Принц жил до 57 лет.,0,принц жил до 57 лет.,принц жил до num лет
Гуам был колонизирован в 1670 году.,2,гуам был колонизирован в 1670 году.,гуам был колонизирован в num году
Константин — это фильм 2003 года.,2,константин — это фильм 2003 года.,константин это фильм num года
Сэм Уортингтон родился в 1976 году.,0,сэм уортингтон родился в 1976 году.,сэм уортингтон родился в num году
Грейс ВандерВаль родилась в 2004 году.,0,грейс вандерваль родилась в 2004 году.,грейс вандерваль родилась в num году
Тезааб был самым высоким блокбастером в офисе в 1988 году в Болливуде.,0,тезааб был самым высоким блокбастером в офисе в 1988 году в болливуде.,тезааб был самым высоким блокбастером в офисе в num году в болливуде
Нина Симона умерла в 2004 году.,2,нина симона умерла в 2004 году.,нина симона умерла в num году
Джейми Фокс родился в 20 веке.,0,джейми фокс родился в 20 веке.,джейми фокс родился в num веке
Джексоны закончились в 1965 году.,2,джексоны закончились в 1965 году.,джексоны закончились в num году
Фарго был вдохновлен фильмом 2011 года.,2,фарго был вдохновлен фильмом 2011 года.,фарго был вдохновлен фильмом num года
Фейт Эванс выпустила свой пятый альбом в 2009 году.,2,фейт эванс выпустила свой пятый альбом в 2009 году.,фейт эванс выпустила свой пятый альбом в num году
Бернард Мэдофф был приговорен к 105 годам тюремного заключения.,0,бернард мэдофф был приговорен к 105 годам тюремного заключения.,бернард мэдофф был приговорен к num годам тюремного заключения
Гленн Фрей выпустил свой дебютный сольный альбом в 1976 году.,2,гленн фрей выпустил свой дебютный сольный альбом в 1976 году.,гленн фрей выпустил свой дебютный сольный альбом в num году
Селена была предметом биографического фильма 1996 года.,2,селена была предметом биографического фильма 1996 года.,селена была предметом биографического фильма num года
Бриджит Макрон родилась 23 апреля 1953 года.,2,бриджит макрон родилась 23 апреля 1953 года.,бриджит макрон родилась num апреля num года
Бриттани Мерфи умерла в 2009 году.,0,бриттани мерфи умерла в 2009 году.,бриттани мерфи умерла в num году
Сформирован в 2001 году.,2,сформирован в 2001 году.,сформирован в num году
Вашингтонская военно-морская конференция состоялась в 1921 году.,0,вашингтонская военно-морская конференция состоялась в 1921 году.,вашингтонская военно морская конференция состоялась в num году
Тед Качински родился в 1960 году.,2,тед качински родился в 1960 году.,тед качински родился в num году
Алан Ладд родился в 1913 году.,0,алан ладд родился в 1913 году.,алан ладд родился в num году
В 1980 году было опубликовано издание &quot; Убийство пересмешника &quot; .,2,в 1980 году было опубликовано издание &quot; убийство пересмешника &quot; .,в num году было опубликовано издание quot убийство пересмешника quot
Эми Полер родилась в 1978 году.,2,эми полер родилась в 1978 году.,эми полер родилась в num году
Снуп Догг родился в 70-х.,0,снуп догг родился в 70-х.,снуп догг родился в num х
Лайонел Месси родился 25 июня 1987 года.,2,лайонел месси родился 25 июня 1987 года.,лайонел месси родился num июня num года
Displicable Me был выпущен 22 июля 2010 года.,2,displicable me был выпущен 22 июля 2010 года.,displicable me был выпущен num июля num года
Лили Джеймс начала свою профессиональную актерскую карьеру в 1900 году.,2,лили джеймс начала свою профессиональную актерскую карьеру в 1900 году.,лили джеймс начала свою профессиональную актерскую карьеру в num году
Джеральдин Чаплин дебютировала в 1965 году.,0,джеральдин чаплин дебютировала в 1965 году.,джеральдин чаплин дебютировала в num году
Брэдли Купер родился в 1977 году.,2,брэдли купер родился в 1977 году.,брэдли купер родился в num году
Шоу Аманды транслировалось с 1999 по 2002 год.,0,шоу аманды транслировалось с 1999 по 2002 год.,шоу аманды транслировалось с num по num год
Смурфы (фильмы) были выпущены 29 июля 2019 года.,2,смурфы (фильмы) были выпущены 29 июля 2019 года.,смурфы фильмы были выпущены num июля num года
Натали Вуд умерла в возрасте 23 лет.,2,натали вуд умерла в возрасте 23 лет.,натали вуд умерла в возрасте num лет
Поселение Исландии началось в 874 году.,0,поселение исландии началось в 874 году.,поселение исландии началось в num году
Софи Тернер родилась в 1996 году.,0,софи тернер родилась в 1996 году.,софи тернер родилась в num году
Азербайджан провозгласил независимость в 1918 году.,0,азербайджан провозгласил независимость в 1918 году.,азербайджан провозгласил независимость в num году
"Одри Хорн была представлена в серии, премьера которой состоялась в 1956 году.",2,"одри хорн была представлена в серии, премьера которой состоялась в 1956 году.",одри хорн была представлена в серии премьера которой состоялась в num году
Лайонел Месси родился 24 июня 1987 года.,0,лайонел месси родился 24 июня 1987 года.,лайонел месси родился num июня num года
Генри V — это фильм 2012 года.,0,генри v — это фильм 2012 года.,генри v это фильм num года
Фред Сэвидж родился в 1979 году.,2,фред сэвидж родился в 1979 году.,фред сэвидж родился в num году
В 2014 году был выпущен фильм Wolf of Wall Street (2013).,2,в 2014 году был выпущен фильм wolf of wall street (2013).,в num году был выпущен фильм wolf of wall street num
Клинт Иствуд родился в 1930 году.,0,клинт иствуд родился в 1930 году.,клинт иствуд родился в num году
Дженнифер Энистон родилась в 1969 году.,0,дженнифер энистон родилась в 1969 году.,дженнифер энистон родилась в num году
Douglas Aircraft Company была основана в 1921 году.,0,douglas aircraft company была основана в 1921 году.,douglas aircraft company была основана в num году
Барнаби получил статус города в 1982 году.,2,барнаби получил статус города в 1982 году.,барнаби получил статус города в num году
Маргарет Браун родилась 19-го.,2,маргарет браун родилась 19-го.,маргарет браун родилась num го
Чемпионат мира по шахматам был создан в 1997 году.,2,чемпионат мира по шахматам был создан в 1997 году.,чемпионат мира по шахматам был создан в num году
Джордж Буш был президентом Соединенных Штатов с 1989 по 1993 год.,0,джордж буш был президентом соединенных штатов с 1989 по 1993 год.,джордж буш был президентом соединенных штатов с num по num год
Мартина Хингис родилась в 1930 году.,2,мартина хингис родилась в 1930 году.,мартина хингис родилась в num году
Скотт Смит (активист) родился в 1949 году.,2,скотт смит (активист) родился в 1949 году.,скотт смит активист родился в num году
Опасная красота — фильм 1998 года.,0,опасная красота — фильм 1998 года.,опасная красота фильм num года
Ромилу Лукаку присоединился к Челси в 2011 году.,0,ромилу лукаку присоединился к челси в 2011 году.,ромилу лукаку присоединился к челси в num году
Примерно 100 миллионов АК-47 принадлежат к семье Калашников.,0,примерно 100 миллионов ак-47 принадлежат к семье калашников.,примерно num миллионов ак num принадлежат к семье калашников
Уорд Мур родился в 1903 году.,0,уорд мур родился в 1903 году.,уорд мур родился в num году
Сэмми Кан родился 18 июня 1910 года.,2,сэмми кан родился 18 июня 1910 года.,сэмми кан родился num июня num года
"По состоянию на июнь 1995 года Eminem продал 45,1 млн. альбомов.",2,"по состоянию на июнь 1995 года eminem продал 45,1 млн. альбомов.",по состоянию на июнь num года eminem продал num млн альбомов
"В 2008 году был выпущен саундтрек ""Tropic Thunder"".",0,"в 2008 году был выпущен саундтрек ""tropic thunder"".",в num году был выпущен саундтрек tropic thunder
«Планета обезьян» была выпущена в 1968 году.,0,«планета обезьян» была выпущена в 1968 году.,планета обезьян была выпущена в num году
Майли Сайрус родилась в 1993 году.,2,майли сайрус родилась в 1993 году.,майли сайрус родилась в num году
Джеймс Марсден появился в фильме 2006 года.,0,джеймс марсден появился в фильме 2006 года.,джеймс марсден появился в фильме num года
Анна Кендрик играла в музыкальной комедии 2012 года.,0,анна кендрик играла в музыкальной комедии 2012 года.,анна кендрик играла в музыкальной комедии num года
Ринго Старр присоединился к Битлз в 1962 году.,0,ринго старр присоединился к битлз в 1962 году.,ринго старр присоединился к битлз в num году
Уолт Дисней умер в 1966 году.,0,уолт дисней умер в 1966 году.,уолт дисней умер в num году
Бон Скотт стал ведущим певцом AC/DC в 1976 году.,2,бон скотт стал ведущим певцом ac/dc в 1976 году.,бон скотт стал ведущим певцом ac dc в num году
Линда Маккартни умерла от рака груди в 2005 году.,2,линда маккартни умерла от рака груди в 2005 году.,линда маккартни умерла от рака груди в num году
За свою карьеру Диана Росс получила в общей сложности 70 хитов.,0,за свою карьеру диана росс получила в общей сложности 70 хитов.,за свою карьеру диана росс получила в общей сложности num хитов
Линда Маккартни умерла от рака груди в 1998 году.,0,линда маккартни умерла от рака груди в 1998 году.,линда маккартни умерла от рака груди в num году
Премьера состоялась 20 июля 2016 года.,2,премьера состоялась 20 июля 2016 года.,премьера состоялась num июля num года
Молли Бернард родилась в 1989 году.,0,молли бернард родилась в 1989 году.,молли бернард родилась в num году
Барбара Бейн родилась 13 сентября 1931 года.,0,барбара бейн родилась 13 сентября 1931 года.,барбара бейн родилась num сентября num года
В 1980 году население Пенсильвании составляло 0 человек.,2,в 1980 году население пенсильвании составляло 0 человек.,в num году население пенсильвании составляло num человек
Пенни Ужасная началась в 2014 году.,0,пенни ужасная началась в 2014 году.,пенни ужасная началась в num году
Организация Объединенных Наций была учреждена 24-го числа.,0,организация объединенных наций была учреждена 24-го числа.,организация объединенных наций была учреждена num го числа
Тимоти Олифант родился в 1980 году.,2,тимоти олифант родился в 1980 году.,тимоти олифант родился в num году
Мел Гибсон родился в 1956 году.,0,мел гибсон родился в 1956 году.,мел гибсон родился в num году
Дженнифер Грей родилась 26-го.,0,дженнифер грей родилась 26-го.,дженнифер грей родилась num го
Флойд Мэйвезер-младший родился 24 февраля 1977 года.,0,флойд мэйвезер-младший родился 24 февраля 1977 года.,флойд мэйвезер младший родился num февраля num года
Кэтрин Хепберн родилась в 1907 году.,0,кэтрин хепберн родилась в 1907 году.,кэтрин хепберн родилась в num году
Трансформеры: Age of Extinction были выпущены в 2009 году.,2,трансформеры: age of extinction были выпущены в 2009 году.,трансформеры age of extinction были выпущены в num году
Дулеп Сингх родился в 1838 году.,0,дулеп сингх родился в 1838 году.,дулеп сингх родился в num году
Super Bowl XLVI был сыгран в 2011 году.,2,super bowl xlvi был сыгран в 2011 году.,super bowl xlvi был сыгран в num году
Типпер Гор родился в 1962 году.,2,типпер гор родился в 1962 году.,типпер гор родился в num году
Бритни Спирс выпустила альбом в 2002 году.,2,бритни спирс выпустила альбом в 2002 году.,бритни спирс выпустила альбом в num году
Десять заповедей — фильм 1956 года.,0,десять заповедей — фильм 1956 года.,десять заповедей фильм num года
Джозеф Фенн родился 27 мая 1970 года.,0,джозеф фенн родился 27 мая 1970 года.,джозеф фенн родился num мая num года
Эдвард VIII родился в 1900 году.,2,эдвард viii родился в 1900 году.,эдвард viii родился в num году
Рут Негга родилась в 1993 году.,2,рут негга родилась в 1993 году.,рут негга родилась в num году
24 фильм 2016 года.,0,24 фильм 2016 года.,num фильм num года
В 1997 году появились трансформеры (фильмы).,2,в 1997 году появились трансформеры (фильмы).,в num году появились трансформеры фильмы
"Отец Фреда Трампа умер, когда ему было 25.",2,"отец фреда трампа умер, когда ему было 25.",отец фреда трампа умер когда ему было num
Брукс Вакерман родился в 1977 году.,0,брукс вакерман родился в 1977 году.,брукс вакерман родился в num году
Генриетта Мария (Франция) умерла в возрасте 59 лет.,0,генриетта мария (франция) умерла в возрасте 59 лет.,генриетта мария франция умерла в возрасте num лет
Оливер Рид был в фильме в 1969 году.,0,оливер рид был в фильме в 1969 году.,оливер рид был в фильме в num году
Владимир Путин вернулся на пост премьер-министра в 2008 году.,0,владимир путин вернулся на пост премьер-министра в 2008 году.,владимир путин вернулся на пост премьер министра в num году
Группа Гвен Стефани выпустила альбом Tragic Kingdom в 1995 году.,0,группа гвен стефани выпустила альбом tragic kingdom в 1995 году.,группа гвен стефани выпустила альбом tragic kingdom в num году
Кинг Конг был создан в 2005 году.,0,кинг конг был создан в 2005 году.,кинг конг был создан в num году
Джордж Кукор умер в 1976 году.,2,джордж кукор умер в 1976 году.,джордж кукор умер в num году
Coke Boys Records был основан в 2012 году.,2,coke boys records был основан в 2012 году.,coke boys records был основан в num году
В 1932 году Микки Руни был награждён специальной премией Академии по делам несовершеннолетних.,2,в 1932 году микки руни был награжден специальной премией академии по делам несовершеннолетних.,в num году микки руни был награжден специальной премией академии по делам несовершеннолетних
Фрэнк Синатра выпустил альбом в 2000 году.,2,фрэнк синатра выпустил альбом в 2000 году.,фрэнк синатра выпустил альбом в num году
Луиза Симонсон родилась 26 сентября 1946 года.,0,луиза симонсон родилась 26 сентября 1946 года.,луиза симонсон родилась num сентября num года
Мистер Солнышко закончил 6 апреля.,0,мистер солнышко закончил 6 апреля.,мистер солнышко закончил num апреля
Дж. Дж. Кейл родился 5 декабря 1938 года.,0,дж. дж. кейл родился 5 декабря 1938 года.,дж дж кейл родился num декабря num года
Сан-Франциско был основан в 1776 году.,0,сан-франциско был основан в 1776 году.,сан франциско был основан в num году
Великая британская пчела закончилась 5 июля.,2,великая британская пчела закончилась 5 июля.,великая британская пчела закончилась num июля
Джемейн Клемент родилась в 1954 году.,2,джемейн клемент родилась в 1954 году.,джемейн клемент родилась в num году
"Стоимость Ливерпуля в США составила 1,55 млрд. долл. США.",0,"стоимость ливерпуля в сша составила 1,55 млрд. долл. сша.",стоимость ливерпуля в сша составила num млрд долл сша
Малыш Рут потерял свою жизнь в 1895 году.,2,малыш рут потерял свою жизнь в 1895 году.,малыш рут потерял свою жизнь в num году
Бал Гангадхар Тилак родился 23 июля 1856 года.,0,бал гангадхар тилак родился 23 июля 1856 года.,бал гангадхар тилак родился num июля num года
Вторая Пуничная война началась в 218 году до н. э.,0,вторая пуничная война началась в 218 году до н. э.,вторая пуничная война началась в num году до н э
Игра престолов завершится в 2018 году.,0,игра престолов завершится в 2018 году.,игра престолов завершится в num году
Все о Еве было номинировано на 14 наград Академии.,0,все о еве было номинировано на 14 наград академии.,все о еве было номинировано на num наград академии
Адам Сэндлер родился в 1977 году.,2,адам сэндлер родился в 1977 году.,адам сэндлер родился в num году
Оливер Рид родился в 1938 году.,0,оливер рид родился в 1938 году.,оливер рид родился в num году
Игра престолов была номинирована на премию за туманность 1995 года.,2,игра престолов была номинирована на премию за туманность 1995 года.,игра престолов была номинирована на премию за туманность num года
Уоррен Г. Хардинг умер в 1843 году.,2,уоррен г. хардинг умер в 1843 году.,уоррен г хардинг умер в num году
Prestige — фильм 2006 года.,0,prestige — фильм 2006 года.,prestige фильм num года
Лиза Бонет родилась 17-го.,2,лиза бонет родилась 17-го.,лиза бонет родилась num го
Уильям Толберт младший родился 23 мая 1913 года.,2,уильям толберт младший родился 23 мая 1913 года.,уильям толберт младший родился num мая num года
Адольф Дасслер умер в 1978 году.,0,адольф дасслер умер в 1978 году.,адольф дасслер умер в num году
Таня Робертс родилась 16-го.,2,таня робертс родилась 16-го.,таня робертс родилась num го
Мистер Никто - это драматик.,0,мистер никто - это драматик.,мистер никто это драматик
Типпер Гор родился в 1948 году.,0,типпер гор родился в 1948 году.,типпер гор родился в num году
Австрия была восстановлена в качестве суверенного государства в 1954 году.,2,австрия была восстановлена в качестве суверенного государства в 1954 году.,австрия была восстановлена в качестве суверенного государства в num году
Курт Англ родился в 1999 году.,2,курт англ родился в 1999 году.,курт англ родился в num году
Уилт Чемберлен забил 90 очков в одной игре.,2,уилт чемберлен забил 90 очков в одной игре.,уилт чемберлен забил num очков в одной игре
Гэри Риджвей родился 18 февраля 1949 года.,0,гэри риджвей родился 18 февраля 1949 года.,гэри риджвей родился num февраля num года
Джозеф Сталин умер 5 марта 1953 года.,0,джозеф сталин умер 5 марта 1953 года.,джозеф сталин умер num марта num года
"T-Pain является основателем лейбла звукозаписи, созданного в 2006 году.",2,"t-pain является основателем лейбла звукозаписи, созданного в 2006 году.",t pain является основателем лейбла звукозаписи созданного в num году
Саддам Хусейн родился в 1937 году.,0,саддам хусейн родился в 1937 году.,саддам хусейн родился в num году
The Crazies были выпущены в 2011 году.,2,the crazies были выпущены в 2011 году.,the crazies были выпущены в num году
Роберт Браунинг родился в 1801 году.,2,роберт браунинг родился в 1801 году.,роберт браунинг родился в num году
Наблюдатель был открыт в 2014 году.,0,наблюдатель был открыт в 2014 году.,наблюдатель был открыт в num году
Линда Маккартни умерла в возрасте 40 лет.,2,линда маккартни умерла в возрасте 40 лет.,линда маккартни умерла в возрасте num лет
Ямайцы за справедливость были созданы в 1999 году.,0,ямайцы за справедливость были созданы в 1999 году.,ямайцы за справедливость были созданы в num году
Августо Пиночета родился в 2006 году.,2,августо пиночета родился в 2006 году.,августо пиночета родился в num году
Брэндон Ли умер в марте 1993 года.,0,брэндон ли умер в марте 1993 года.,брэндон ли умер в марте num года
VHS был выпущен в 1977 году в США.,0,vhs был выпущен в 1977 году в сша.,vhs был выпущен в num году в сша
Джон МакКейн участвовал в кампании на 56-м четырехгодичных президентских выборах.,0,джон маккейн участвовал в кампании на 56-м четырехгодичных президентских выборах.,джон маккейн участвовал в кампании на num м четырехгодичных президентских выборах
42 был выпущен в 2013 году.,0,42 был выпущен в 2013 году.,num был выпущен в num году
Патрик Уилсон родился в 1998 году.,2,патрик уилсон родился в 1998 году.,патрик уилсон родился в num году
Дракула — это книга 1897 года.,0,дракула — это книга 1897 года.,дракула это книга num года
"площадь Торонто составляет 700,2 кв. км.",2,"площадь торонто составляет 700,2 кв. км.",площадь торонто составляет num кв км
Колин Куинн родился 6 июня.,0,колин куинн родился 6 июня.,колин куинн родился num июня
Августо Пиночета умер в 2006 году.,0,августо пиночета умер в 2006 году.,августо пиночета умер в num году
Слэш родился в 1978 году.,2,слэш родился в 1978 году.,слэш родился в num году
Bends были выпущены в 2000 году.,2,bends были выпущены в 2000 году.,bends были выпущены в num году
Джеффри Дамер умер в 1960 году.,2,джеффри дамер умер в 1960 году.,джеффри дамер умер в num году
Тезааб выиграл 4 награды за фильмы.,0,тезааб выиграл 4 награды за фильмы.,тезааб выиграл num награды за фильмы
Дональд Трамп родился в 1946 году.,0,дональд трамп родился в 1946 году.,дональд трамп родился в num году
Дракула была опубликована в 1897 году.,0,дракула была опубликована в 1897 году.,дракула была опубликована в num году
Титаник был выпущен в 1997 году.,0,титаник был выпущен в 1997 году.,титаник был выпущен в num году
Роуп был выпущен в 2001 году.,2,роуп был выпущен в 2001 году.,роуп был выпущен в num году
Субхас Чандра Бос умер 18 августа 1945 года.,0,субхас чандра бос умер 18 августа 1945 года.,субхас чандра бос умер num августа num года
Малыш Рут умер в 1950 году.,2,малыш рут умер в 1950 году.,малыш рут умер в num году
Музей национального искусства находится в 5-м зале Парижа.,2,музей национального искусства находится в 5-м зале парижа.,музей национального искусства находится в num м зале парижа
Основан в 1899 году.,0,основан в 1899 году.,основан в num году
В 1939 году Микки Руни был награждён специальной премией Академии по делам несовершеннолетних.,0,в 1939 году микки руни был награжден специальной премией академии по делам несовершеннолетних.,в num году микки руни был награжден специальной премией академии по делам несовершеннолетних
Боб Марли начал работать в 1963 году.,0,боб марли начал работать в 1963 году.,боб марли начал работать в num году
Главная фотография фильма Split (2016) началась 1 ноября 2015 года.,2,главная фотография фильма split (2016) началась 1 ноября 2015 года.,главная фотография фильма split num началась num ноября num года
Мао Цзэдун родился в 1993 году.,2,мао цзэдун родился в 1993 году.,мао цзэдун родился в num году
Дафт Панк стал популярным в 1970-х годах.,0,дафт панк стал популярным в 1970-х годах.,дафт панк стал популярным в num х годах
Межзвездная премьера состоялась в 2010 году.,0,межзвездная премьера состоялась в 2010 году.,межзвездная премьера состоялась в num году
Первый EP Beastie Boys был выпущен в 1970 году.,2,первый ep beastie boys был выпущен в 1970 году.,первый ep beastie boys был выпущен в num году
Повреждения (TV-сериал) премьера состоялась 25-го числа.,2,повреждения (tv-сериал) премьера состоялась 25-го числа.,повреждения tv сериал премьера состоялась num го числа
Дженнифер Хадсон прославилась в 2004 году.,0,дженнифер хадсон прославилась в 2004 году.,дженнифер хадсон прославилась в num году
Эван Голдберг родился 11 мая.,0,эван голдберг родился 11 мая.,эван голдберг родился num мая
"Польша является 16-й страной в мире, где ее посетили больше всего.",0,"польша является 16-й страной в мире, где ее посетили больше всего.",польша является num й страной в мире где ее посетили больше всего
Малыш Рут родился в 1895 году.,0,малыш рут родился в 1895 году.,малыш рут родился в num году
Ринго Старр присоединился к Битлз в 1852 году.,2,ринго старр присоединился к битлз в 1852 году.,ринго старр присоединился к битлз в num году
Аарон Картер родился в 1987 году.,0,аарон картер родился в 1987 году.,аарон картер родился в num году
Шантель Ван Сантен родился в 1992 году.,2,шантель ван сантен родился в 1992 году.,шантель ван сантен родился в num году
Джудит Барси умерла в 1987 году.,2,джудит барси умерла в 1987 году.,джудит барси умерла в num году
Кэтрин Хепберн родилась в 1904 году.,2,кэтрин хепберн родилась в 1904 году.,кэтрин хепберн родилась в num году
The People vs. Larry Flynt — фильм 1990 года.,0,the people vs. larry flynt — фильм 1990 года.,the people vs larry flynt фильм num года
Волшебник из Оза с 1939 года.,0,волшебник из оза с 1939 года.,волшебник из оза с num года
Деннис Хастерт проиграл выборы в Палату представителей Иллинойса в 1980 году.,0,деннис хастерт проиграл выборы в палату представителей иллинойса в 1980 году.,деннис хастерт проиграл выборы в палату представителей иллинойса в num году
Джон Ф. Кеннеди выиграл президентские выборы 1960 года.,0,джон ф. кеннеди выиграл президентские выборы 1960 года.,джон ф кеннеди выиграл президентские выборы num года
Винни Харлоу родилась в 1964 году.,2,винни харлоу родилась в 1964 году.,винни харлоу родилась в num году
Первый роман Твайлайт был выпущен в 2017 году.,2,первый роман твайлайт был выпущен в 2017 году.,первый роман твайлайт был выпущен в num году
Габури Сидибе дебютировала в фильме 2009 года.,0,габури сидибе дебютировала в фильме 2009 года.,габури сидибе дебютировала в фильме num года
Звёздные войны: Эпизод II – В 2011 году на Блу-рэе было совершено нападение клонов.,0,звездные войны: эпизод ii – в 2011 году на блу-рэе было совершено нападение клонов.,звездные войны эпизод ii в num году на блу рэе было совершено нападение клонов
В 1876 году открылся Всемирный торговый центр.,2,в 1876 году открылся всемирный торговый центр.,в num году открылся всемирный торговый центр
Макбет был впервые опубликован в Фолио 1642 года.,2,макбет был впервые опубликован в фолио 1642 года.,макбет был впервые опубликован в фолио num года
Комната была выпущена в 1999 году.,2,комната была выпущена в 1999 году.,комната была выпущена в num году
Девятнадцать восемьдесят четыре получили номер 23 в списке редакторов 100 лучших новелл современной библиотеки.,2,девятнадцать восемьдесят четыре получили номер 23 в списке редакторов 100 лучших новелл современной библиотеки.,девятнадцать восемьдесят четыре получили номер num в списке редакторов num лучших новелл современной библиотеки
"""Планета обезьян"" была выпущена в 2012 году.",2,"""планета обезьян"" была выпущена в 2012 году.",планета обезьян была выпущена в num году
Up All Night был выпущен в ноябре 2017 года.,2,up all night был выпущен в ноябре 2017 года.,up all night был выпущен в ноябре num года
"Goliyon Ki Raasleela Ram-Lela — фильм, выпущенный в 2013 году.",0,"goliyon ki raasleela ram-lela — фильм, выпущенный в 2013 году.",goliyon ki raasleela ram lela фильм выпущенный в num году
Чжи Чан Ук родилась в 1989 году.,2,чжи чан ук родилась в 1989 году.,чжи чан ук родилась в num году
В 2005 году премьера «Мыслить как преступник» состоялась.,0,в 2005 году премьера «мыслить как преступник» состоялась.,в num году премьера мыслить как преступник состоялась
Слэш вернулся в Guns N' Roses в 2016 году.,0,слэш вернулся в guns n' roses в 2016 году.,слэш вернулся в guns n roses в num году
Пассажиры были выпущены в 2016 году.,0,пассажиры были выпущены в 2016 году.,пассажиры были выпущены в num году
"Are You Experied — альбом группы, образованный в 1966 году.",0,"are you experied — альбом группы, образованный в 1966 году.",are you experied альбом группы образованный в num году
Сэм Уортингтон родился в 1876 году.,2,сэм уортингтон родился в 1876 году.,сэм уортингтон родился в num году
Сэмми Кан родился 18 июня 1913 года.,0,сэмми кан родился 18 июня 1913 года.,сэмми кан родился num июня num года
Dark Places был выпущен в 2014 году.,2,dark places был выпущен в 2014 году.,dark places был выпущен в num году
Премьера состоялась 11 мая 2016 года.,2,премьера состоялась 11 мая 2016 года.,премьера состоялась num мая num года
Эмма - адаптация романа 1812 года.,2,эмма - адаптация романа 1812 года.,эмма адаптация романа num года
Lincoln Motor Company является филиалом Ford с 1923 года.,2,lincoln motor company является филиалом ford с 1923 года.,lincoln motor company является филиалом ford с num года
"Представь, что Драконы были названы ""Breakclud Band 2013"".",0,"представь, что драконы были названы ""breakclud band 2013"".",представь что драконы были названы breakclud band num
Шантель Ван Сантен родился в 1985 году.,0,шантель ван сантен родился в 1985 году.,шантель ван сантен родился в num году
Игрушечная история была выпущена в 1995 году.,0,игрушечная история была выпущена в 1995 году.,игрушечная история была выпущена в num году
Престиж был опубликован в 1995 году.,0,престиж был опубликован в 1995 году.,престиж был опубликован в num году
Джей Секулоу родился в 1956 году.,0,джей секулоу родился в 1956 году.,джей секулоу родился в num году
Авраам Линкольн был жив в 1878 году.,2,авраам линкольн был жив в 1878 году.,авраам линкольн был жив в num году
Мачу Пикчу находится на горном хребте на высоте 30 метров над уровнем моря.,2,мачу пикчу находится на горном хребте на высоте 30 метров над уровнем моря.,мачу пикчу находится на горном хребте на высоте num метров над уровнем моря
Джозеф Сталин умер 9 марта 1953 года.,2,джозеф сталин умер 9 марта 1953 года.,джозеф сталин умер num марта num года
Шах Рух Хан дебютировал в Болливуде в 1992 году.,0,шах рух хан дебютировал в болливуде в 1992 году.,шах рух хан дебютировал в болливуде в num году
Эван Рейчел Вуд родился 7 сентября.,0,эван рейчел вуд родился 7 сентября.,эван рейчел вуд родился num сентября
Douglas Aircraft Company объединилась с McDonnell Aircraft в 1967 году.,0,douglas aircraft company объединилась с mcdonnell aircraft в 1967 году.,douglas aircraft company объединилась с mcdonnell aircraft в num году
"Осложнения, связанные с корью, возникают примерно у 38% людей.",2,"осложнения, связанные с корью, возникают примерно у 38% людей.",осложнения связанные с корью возникают примерно у num людей
Первый альбом Фрэнка Заппы был выпущен в 1966 году.,0,первый альбом фрэнка заппы был выпущен в 1966 году.,первый альбом фрэнка заппы был выпущен в num году
Эми Полер родилась в 1971 году.,0,эми полер родилась в 1971 году.,эми полер родилась в num году
Чёрная суббота распалась в 1960 году.,2,черная суббота распалась в 1960 году.,черная суббота распалась в num году
Black Dalia была выпущена в 1996 году.,2,black dalia была выпущена в 1996 году.,black dalia была выпущена в num году
"Все ""Красивые лошади"" - это фильм 2017 года.",2,"все ""красивые лошади"" - это фильм 2017 года.",все красивые лошади это фильм num года
Рай был выпущен в 2012 году.,0,рай был выпущен в 2012 году.,рай был выпущен в num году
Пилот Хора транслировался в 2010 году.,2,пилот хора транслировался в 2010 году.,пилот хора транслировался в num году
Человек-паук был выпущен в 1990 году.,2,человек-паук был выпущен в 1990 году.,человек паук был выпущен в num году
В 1992 году Квентин Тарантино выпустил свой фильм «Собаки-резервуары».,0,в 1992 году квентин тарантино выпустил свой фильм «собаки-резервуары».,в num году квентин тарантино выпустил свой фильм собаки резервуары
Кубок Хопмана был основан в 1989 году.,0,кубок хопмана был основан в 1989 году.,кубок хопмана был основан в num году
Кааха Кааха с 2007 года.,2,кааха кааха с 2007 года.,кааха кааха с num года
Адриан Бронер родился 16 июля 1989 года.,2,адриан бронер родился 16 июля 1989 года.,адриан бронер родился num июля num года
Адольф Дасслер умер в 1988 году.,2,адольф дасслер умер в 1988 году.,адольф дасслер умер в num году
Алан Рикман умер в возрасте 76 лет.,2,алан рикман умер в возрасте 76 лет.,алан рикман умер в возрасте num лет
Suite Life Movie — фильм 2008 года.,2,suite life movie — фильм 2008 года.,suite life movie фильм num года
"Автор ""Никогда не возвращайся"" родился в 1960 году.",2,"автор ""никогда не возвращайся"" родился в 1960 году.",автор никогда не возвращайся родился в num году
Бриттани Мерфи умерла в 1977 году.,2,бриттани мерфи умерла в 1977 году.,бриттани мерфи умерла в num году
Катализатор был выпущен в 2013 году.,2,катализатор был выпущен в 2013 году.,катализатор был выпущен в num году
Тревор Бербик родился в 1954 году.,0,тревор бербик родился в 1954 году.,тревор бербик родился в num году
Соединенные Штаты владеют почти 90% мирового богатства.,2,соединенные штаты владеют почти 90% мирового богатства.,соединенные штаты владеют почти num мирового богатства
Натали Вуд родилась в 1918 году.,2,натали вуд родилась в 1918 году.,натали вуд родилась в num году
Эрих фон Манштейн родился 21 ноября 1880 года.,2,эрих фон манштейн родился 21 ноября 1880 года.,эрих фон манштейн родился num ноября num года
Джуди Грир родилась в 1975 году.,0,джуди грир родилась в 1975 году.,джуди грир родилась в num году
Гарри Стайлз дебютировал в 1998 году.,2,гарри стайлз дебютировал в 1998 году.,гарри стайлз дебютировал в num году
Неймар родился в 1992 году.,0,неймар родился в 1992 году.,неймар родился в num году
Премьера состоялась в 2007 году.,0,премьера состоялась в 2007 году.,премьера состоялась в num году
Бэтмен: The Killing Joke была проиллюстрирована британским художником комиксов 1982 года рождения.,2,бэтмен: the killing joke была проиллюстрирована британским художником комиксов 1982 года рождения.,бэтмен the killing joke была проиллюстрирована британским художником комиксов num года рождения
День рождения Боба Райли - 3 октября 1944 года.,0,день рождения боба райли - 3 октября 1944 года.,день рождения боба райли num октября num года
UFC 216 состоится в 2018 году.,2,ufc 216 состоится в 2018 году.,ufc num состоится в num году
Пранаб Мукерджи родился в 1989 году.,2,пранаб мукерджи родился в 1989 году.,пранаб мукерджи родился в num году
Маврикий стал британским колониальным владением в 1910 году.,2,маврикий стал британским колониальным владением в 1910 году.,маврикий стал британским колониальным владением в num году
Словения вступила в НАТО и Европейский союз в 2004 году.,0,словения вступила в нато и европейский союз в 2004 году.,словения вступила в нато и европейский союз в num году
Джакомо Казанова умер в 1713 году.,2,джакомо казанова умер в 1713 году.,джакомо казанова умер в num году
Джордж Кукор родился в 1899 году.,0,джордж кукор родился в 1899 году.,джордж кукор родился в num году
День рождения Рамона Маркес 17 февраля.,2,день рождения рамона маркес 17 февраля.,день рождения рамона маркес num февраля
"Джейсон Судейкис () — американец, родившийся 18 сентября 1975 года.",0,"джейсон судейкис () — американец, родившийся 18 сентября 1975 года.",джейсон судейкис американец родившийся num сентября num года
Тоби Магуайр родился 27 июня 1978 года.,2,тоби магуайр родился 27 июня 1978 года.,тоби магуайр родился num июня num года
Однополые браки законны на американской территории.,2,однополые браки законны на американской территории.,однополые браки законны на американской территории
Trolls (Soundtrack) был выпущен в сентябре 2016 года.,0,trolls (soundtrack) был выпущен в сентябре 2016 года.,trolls soundtrack был выпущен в сентябре num года
Ник Джонас выпустил свой дебютный альбом в 2004 году.,0,ник джонас выпустил свой дебютный альбом в 2004 году.,ник джонас выпустил свой дебютный альбом в num году
"В конгрессе Соединенных Штатов насчитывается 535 членов, имеющих право голоса.",0,"в конгрессе соединенных штатов насчитывается 535 членов, имеющих право голоса.",в конгрессе соединенных штатов насчитывается num членов имеющих право голоса
Эд Соломон родился 11 сентября 1960 года.,2,эд соломон родился 11 сентября 1960 года.,эд соломон родился num сентября num года
На момент съёмок Джейн Стори было 22 года.,0,на момент съемок джейн стори было 22 года.,на момент съемок джейн стори было num года
Дженнифер Энистон родилась в 1934 году.,2,дженнифер энистон родилась в 1934 году.,дженнифер энистон родилась в num году
Big Trail был выпущен в 1930 году.,0,big trail был выпущен в 1930 году.,big trail был выпущен в num году
В 2006 году премьера «Мыслить как преступник» состоялась.,2,в 2006 году премьера «мыслить как преступник» состоялась.,в num году премьера мыслить как преступник состоялась
Фредерик Огюст Бартольди родился 7 августа 1834 года.,2,фредерик огюст бартольди родился 7 августа 1834 года.,фредерик огюст бартольди родился num августа num года
Лори Эрнандес родилась 9 июня 2000 года.,0,лори эрнандес родилась 9 июня 2000 года.,лори эрнандес родилась num июня num года
Дэвид Тевлис родился в 1963 году.,0,дэвид тевлис родился в 1963 году.,дэвид тевлис родился в num году
Основан в 1932 году.,2,основан в 1932 году.,основан в num году
Майкл Джексон дебютировал в 1970 году.,2,майкл джексон дебютировал в 1970 году.,майкл джексон дебютировал в num году
Адаптация американских богов началась в 2017 году.,0,адаптация американских богов началась в 2017 году.,адаптация американских богов началась в num году
Основным соревнованием Boeing 737s является Airbus A320.,0,основным соревнованием boeing 737s является airbus a320.,основным соревнованием boeing num s является airbus a num
Кхаль Дрого был представлен в 1996 году.,0,кхаль дрого был представлен в 1996 году.,кхаль дрого был представлен в num году
Blizzard Entertainment создал World of Warcraft в 2005 году.,2,blizzard entertainment создал world of warcraft в 2005 году.,blizzard entertainment создал world of warcraft в num году
Джеральдин Чаплин дебютировала в 1985 году.,2,джеральдин чаплин дебютировала в 1985 году.,джеральдин чаплин дебютировала в num году
"Макбет, вероятно, был впервые исполнен в 1806 году.",2,"макбет, вероятно, был впервые исполнен в 1806 году.",макбет вероятно был впервые исполнен в num году
Александр Гамильтон присоединился к военной компании в 1995 году.,2,александр гамильтон присоединился к военной компании в 1995 году.,александр гамильтон присоединился к военной компании в num году
Поющий детектив вышел в эфир в 1986 году.,0,поющий детектив вышел в эфир в 1986 году.,поющий детектив вышел в эфир в num году
Gopi Sunder получила награду на 58-й церемонии вручения премий South.,0,gopi sunder получила награду на 58-й церемонии вручения премий south.,gopi sunder получила награду на num й церемонии вручения премий south
Мартина Хингис родилась в 1980 году.,0,мартина хингис родилась в 1980 году.,мартина хингис родилась в num году
Рональд Рейган покинул свой пост в 1989 году.,0,рональд рейган покинул свой пост в 1989 году.,рональд рейган покинул свой пост в num году
10 мая 1967 года родилась молодая мальчишка.,0,10 мая 1967 года родилась молодая мальчишка.,num мая num года родилась молодая мальчишка
In Some Deep () — кинофильм о преступлениях 1999 года.,0,in some deep () — кинофильм о преступлениях 1999 года.,in some deep кинофильм о преступлениях num года
Премьера состоялась 30 января 2013 года.,0,премьера состоялась 30 января 2013 года.,премьера состоялась num января num года
Авраам Линкольн был убит в 1865 году.,0,авраам линкольн был убит в 1865 году.,авраам линкольн был убит в num году
Дэвид Аркетт работал по крайней мере с 1254 года.,2,дэвид аркетт работал по крайней мере с 1254 года.,дэвид аркетт работал по крайней мере с num года
Уран имеет минимальную температуру 49 К.,0,уран имеет минимальную температуру 49 к.,уран имеет минимальную температуру num к
Карл II из Англии родился 29 мая 1630 года.,0,карл ii из англии родился 29 мая 1630 года.,карл ii из англии родился num мая num года
Лейтон Мистер родился 9 апреля 1986 года.,0,лейтон мистер родился 9 апреля 1986 года.,лейтон мистер родился num апреля num года
"Сэмми Кан был американцем, который умер в 1994 году.",2,"сэмми кан был американцем, который умер в 1994 году.",сэмми кан был американцем который умер в num году
Харви Курцман начал преподавать в Школе изобразительного искусства в 1974 году.,2,харви курцман начал преподавать в школе изобразительного искусства в 1974 году.,харви курцман начал преподавать в школе изобразительного искусства в num году
Айрис Мёрдок родилась в 1940 году.,2,айрис мердок родилась в 1940 году.,айрис мердок родилась в num году
Джордж Клуни родился в 1961 году.,0,джордж клуни родился в 1961 году.,джордж клуни родился в num году
В 2014 году Крис Пратт сыграл в двух коммерчески успешных фильмах.,0,в 2014 году крис пратт сыграл в двух коммерчески успешных фильмах.,в num году крис пратт сыграл в двух коммерчески успешных фильмах
Дафт Панк добился успеха с 1980-х годов.,2,дафт панк добился успеха с 1980-х годов.,дафт панк добился успеха с num х годов
Джейми Фокс был в фильме 2017 года.,2,джейми фокс был в фильме 2017 года.,джейми фокс был в фильме num года
Билл Клинтон был 42-м президентом США.,0,билл клинтон был 42-м президентом сша.,билл клинтон был num м президентом сша
Мейзи Уильямс дебютировала в 2010 году.,2,мейзи уильямс дебютировала в 2010 году.,мейзи уильямс дебютировала в num году
Первый альбом Set MacFarlane был выпущен в 1989 году.,2,первый альбом set macfarlane был выпущен в 1989 году.,первый альбом set macfarlane был выпущен в num году
Селена была предметом биографического фильма 1997 года.,0,селена была предметом биографического фильма 1997 года.,селена была предметом биографического фильма num года
Вернер Герцог родился 30 сентября.,2,вернер герцог родился 30 сентября.,вернер герцог родился num сентября
Master of One был выпущен для ретрансляции в 2016 году.,2,master of one был выпущен для ретрансляции в 2016 году.,master of one был выпущен для ретрансляции в num году
Дулеп Сингх умер в 1883 году.,2,дулеп сингх умер в 1883 году.,дулеп сингх умер в num году
Словакия присоединилась к еврозоне в 2009 году.,0,словакия присоединилась к еврозоне в 2009 году.,словакия присоединилась к еврозоне в num году
Джозеф Сталин родился 15 декабря 1878 года.,0,джозеф сталин родился 15 декабря 1878 года.,джозеф сталин родился num декабря num года
Дженнифер Грей родилась в 1960 году.,0,дженнифер грей родилась в 1960 году.,дженнифер грей родилась в num году
Панк-рок был разработан в 2000-х годах.,2,панк-рок был разработан в 2000-х годах.,панк рок был разработан в num х годах
Сьерра-Леоне стала независимой страной 27 апреля 1961 года.,0,сьерра-леоне стала независимой страной 27 апреля 1961 года.,сьерра леоне стала независимой страной num апреля num года
О. Джей Симпсон был приговорен к 33 годам тюремного заключения.,0,о. джей симпсон был приговорен к 33 годам тюремного заключения.,о джей симпсон был приговорен к num годам тюремного заключения
Мэри Тайлер Мур умерла в 2017 году.,0,мэри тайлер мур умерла в 2017 году.,мэри тайлер мур умерла в num году
Бадди Холли умер 19 февраля 1999 года.,2,бадди холли умер 19 февраля 1999 года.,бадди холли умер num февраля num года
Отрицательный фильм (2016) был выпущен в США 30 сентября 2015 года.,2,отрицательный фильм (2016) был выпущен в сша 30 сентября 2015 года.,отрицательный фильм num был выпущен в сша num сентября num года
Натали Вуд родилась в 1958 году.,2,натали вуд родилась в 1958 году.,натали вуд родилась в num году
Бриджит Макрон родилась 13 апреля 1963 года.,2,бриджит макрон родилась 13 апреля 1963 года.,бриджит макрон родилась num апреля num года
Айрис Мёрдок родилась в 1919 году.,0,айрис мердок родилась в 1919 году.,айрис мердок родилась в num году
Премьера состоялась в апреле 2014 года.,0,премьера состоялась в апреле 2014 года.,премьера состоялась в апреле num года
Билл Клинтон был 22-м президентом США.,2,билл клинтон был 22-м президентом сша.,билл клинтон был num м президентом сша
Сверхъестественное (U.S. TV-сериал) было впервые показано на WB в 1999 году.,2,сверхъестественное (u.s. tv-сериал) было впервые показано на wb в 1999 году.,сверхъестественное u s tv сериал было впервые показано на wb в num году
Рамзан Кадыров родился в 1956 году.,2,рамзан кадыров родился в 1956 году.,рамзан кадыров родился в num году
Дафт Панк стал популярным в 1990-х годах.,0,дафт панк стал популярным в 1990-х годах.,дафт панк стал популярным в num х годах
Баахубали: Начало было выпущено в 2014 году.,2,баахубали: начало было выпущено в 2014 году.,баахубали начало было выпущено в num году
Led Zeppelin выпустила альбом Led Zeppelin II в 1969 году.,0,led zeppelin выпустила альбом led zeppelin ii в 1969 году.,led zeppelin выпустила альбом led zeppelin ii в num году
Рут Негга родилась в 1975 году.,2,рут негга родилась в 1975 году.,рут негга родилась в num году
Древний Египет объединился примерно в 3160 году до н. э.,2,древний египет объединился примерно в 3160 году до н. э.,древний египет объединился примерно в num году до н э
Мой собственный рядовой Айдахо был выпущен в 1991 году.,0,мой собственный рядовой айдахо был выпущен в 1991 году.,мой собственный рядовой айдахо был выпущен в num году
Лед Зеппелин был введён в Зал славы Рок и Ролл в 1995 году.,0,лед зеппелин был введен в зал славы рок и ролл в 1995 году.,лед зеппелин был введен в зал славы рок и ролл в num году
Эд Ширан родился 15 февраля.,2,эд ширан родился 15 февраля.,эд ширан родился num февраля
Эллиза Перри родилась в 1990 году.,0,эллиза перри родилась в 1990 году.,эллиза перри родилась в num году
Владимир Путин был офицером КГБ по внешней разведке в течение 16 лет.,0,владимир путин был офицером кгб по внешней разведке в течение 16 лет.,владимир путин был офицером кгб по внешней разведке в течение num лет
Кэти Холмс родилась в 1978 году.,0,кэти холмс родилась в 1978 году.,кэти холмс родилась в num году
Индейцы были выпущены в 2007 году.,2,индейцы были выпущены в 2007 году.,индейцы были выпущены в num году
Дэвид Бекхэм начал играть за Manchester United в 16.,2,дэвид бекхэм начал играть за manchester united в 16.,дэвид бекхэм начал играть за manchester united в num
Майкл Джексон умер в 2007 году.,2,майкл джексон умер в 2007 году.,майкл джексон умер в num году
Иллюзист был выпущен в 2006 году.,0,иллюзист был выпущен в 2006 году.,иллюзист был выпущен в num году
Кристоф Вальц родился в 1975 году.,2,кристоф вальц родился в 1975 году.,кристоф вальц родился в num году
В 1995 году премьера состоялась в 13 сезоне.,2,в 1995 году премьера состоялась в 13 сезоне.,в num году премьера состоялась в num сезоне
Дата рождения Неймара - 14 февраля 1991 года.,2,дата рождения неймара - 14 февраля 1991 года.,дата рождения неймара num февраля num года
Пейдж Гамильтон родилась 28 мая 1960 года.,2,пейдж гамильтон родилась 28 мая 1960 года.,пейдж гамильтон родилась num мая num года
Дракула была опубликована в 1797 году.,2,дракула была опубликована в 1797 году.,дракула была опубликована в num году
Джозеф Сталин стал генеральным секретарем в 1962 году.,2,джозеф сталин стал генеральным секретарем в 1962 году.,джозеф сталин стал генеральным секретарем в num году
Take Me High был выпущен на Warner Home Video в 1985 году.,2,take me high был выпущен на warner home video в 1985 году.,take me high был выпущен на warner home video в num году
Мартин Фриман родился в 1981 году.,2,мартин фриман родился в 1981 году.,мартин фриман родился в num году
В 1947 году премьера «Красивых» и «Красивых» состоялась.,2,в 1947 году премьера «красивых» и «красивых» состоялась.,в num году премьера красивых и красивых состоялась
До Ночного Фоллса — фильм 2000 года.,0,до ночного фоллса — фильм 2000 года.,до ночного фоллса фильм num года
42 — американский фильм.,0,42 — американский фильм.,num американский фильм
Вьетнамская война началась в 1935 году.,2,вьетнамская война началась в 1935 году.,вьетнамская война началась в num году
Пэт Райли родился в 1955 году.,2,пэт райли родился в 1955 году.,пэт райли родился в num году
«Планета обезьян» была выпущена 8 февраля 1968 года.,0,«планета обезьян» была выпущена 8 февраля 1968 года.,планета обезьян была выпущена num февраля num года
Поселение Исландии началось в 1000 году.,2,поселение исландии началось в 1000 году.,поселение исландии началось в num году
Гленн Фрей выпустил свой дебютный сольный альбом в 1982 году.,0,гленн фрей выпустил свой дебютный сольный альбом в 1982 году.,гленн фрей выпустил свой дебютный сольный альбом в num году
На странных тидах () — роман 1989 года.,2,на странных тидах () — роман 1989 года.,на странных тидах роман num года
Александр Гамильтон присоединился к военной компании в 1775 году.,0,александр гамильтон присоединился к военной компании в 1775 году.,александр гамильтон присоединился к военной компании в num году
Дженнифер Джейсон Ли дебютировала на Бродвее в 1678 году.,2,дженнифер джейсон ли дебютировала на бродвее в 1678 году.,дженнифер джейсон ли дебютировала на бродвее в num году
Совет по иностранным делам был основан в 1821 году.,2,совет по иностранным делам был основан в 1821 году.,совет по иностранным делам был основан в num году
Большое шоу родилось в 1950 году.,2,большое шоу родилось в 1950 году.,большое шоу родилось в num году
Моника Селес ушла в отставку в 2014 году.,2,моника селес ушла в отставку в 2014 году.,моника селес ушла в отставку в num году
Borrelia afzelii — один из 30 известных видов борелия.,0,borrelia afzelii — один из 30 известных видов борелия.,borrelia afzelii один из num известных видов борелия
Джимми Уэльс родился в 1966 году.,0,джимми уэльс родился в 1966 году.,джимми уэльс родился в num году
Gendry впервые появился в 1996 году в «Игре престолов».,0,gendry впервые появился в 1996 году в «игре престолов».,gendry впервые появился в num году в игре престолов
"Хэкзавский хребет собрал 175,3 млн. долларов.",0,"хэкзавский хребет собрал 175,3 млн. долларов.",хэкзавский хребет собрал num млн долларов
Население города составляет 419 человек.,0,население города составляет 419 человек.,население города составляет num человек
Моника Селес ушла в отставку в 2008 году.,0,моника селес ушла в отставку в 2008 году.,моника селес ушла в отставку в num году
Пакт Пуна был подписан в 1932 году.,0,пакт пуна был подписан в 1932 году.,пакт пуна был подписан в num году
В 1949 году Джеки Робинсон выиграл премию Национальной лиги за лучший игрок.,0,в 1949 году джеки робинсон выиграл премию национальной лиги за лучший игрок.,в num году джеки робинсон выиграл премию национальной лиги за лучший игрок
В 2003 году средняя продолжительность жизни населения Андорры составляла 81 человек.,2,в 2003 году средняя продолжительность жизни населения андорры составляла 81 человек.,в num году средняя продолжительность жизни населения андорры составляла num человек
Молли Бернард родилась в 1980 году.,2,молли бернард родилась в 1980 году.,молли бернард родилась в num году
Основан в 1890 году.,2,основан в 1890 году.,основан в num году
Мартин Скорсезе основал Фонд Кино в 1988 году.,2,мартин скорсезе основал фонд кино в 1988 году.,мартин скорсезе основал фонд кино в num году
Стив Ирвин родился в 1978 году.,2,стив ирвин родился в 1978 году.,стив ирвин родился в num году
Чернобыльская катастрофа в конечном счете затронула более 700 000 рабочих.,2,чернобыльская катастрофа в конечном счете затронула более 700 000 рабочих.,чернобыльская катастрофа в конечном счете затронула более num num рабочих
В Соединенных Штатах насчитывается более 800 миллионов человек.,2,в соединенных штатах насчитывается более 800 миллионов человек.,в соединенных штатах насчитывается более num миллионов человек
Мировая война началась в 2010 году.,2,мировая война началась в 2010 году.,мировая война началась в num году
Джордж Буш был 21-м президентом США.,2,джордж буш был 21-м президентом сша.,джордж буш был num м президентом сша
Натали Вуд умерла в возрасте 33 лет.,2,натали вуд умерла в возрасте 33 лет.,натали вуд умерла в возрасте num лет
"Генриетта Мария, Франция, умерла в 50 лет.",0,"генриетта мария, франция, умерла в 50 лет.",генриетта мария франция умерла в num лет
До Ночного Фоллса фильм 2000 года.,0,до ночного фоллса фильм 2000 года.,до ночного фоллса фильм num года
Аватар был выпущен в 2009 году.,0,аватар был выпущен в 2009 году.,аватар был выпущен в num году
Чарльз Вудрафф Йост родился в 1908 году.,2,чарльз вудрафф йост родился в 1908 году.,чарльз вудрафф йост родился в num году
Дуэйн Уэйд начал играть за Bulls в 2014 году.,2,дуэйн уэйд начал играть за bulls в 2014 году.,дуэйн уэйд начал играть за bulls в num году
Кристен Белл родилась в 1980 году.,0,кристен белл родилась в 1980 году.,кристен белл родилась в num году
Летние Олимпийские игры 2016 года начались 22 августа.,2,летние олимпийские игры 2016 года начались 22 августа.,летние олимпийские игры num года начались num августа
Датская девочка — фильм 2016 года.,0,датская девочка — фильм 2016 года.,датская девочка фильм num года
Волк Уолл-стрит () — 17-й по величине грациозный фильм 2009 года.,2,волк уолл-стрит () — 17-й по величине грациозный фильм 2009 года.,волк уолл стрит num й по величине грациозный фильм num года
Джеффри Дамер родился в 1995 году.,2,джеффри дамер родился в 1995 году.,джеффри дамер родился в num году
Второй студийный альбом Арианы Гранде был выпущен в 2015 году.,2,второй студийный альбом арианы гранде был выпущен в 2015 году.,второй студийный альбом арианы гранде был выпущен в num году
Рамаянам () — фильм 1982 года.,2,рамаянам () — фильм 1982 года.,рамаянам фильм num года
Ромилу Лукаку родился 13 мая 1993 года.,0,ромилу лукаку родился 13 мая 1993 года.,ромилу лукаку родился num мая num года
Андерсон Сильва родился в 1975 году.,0,андерсон сильва родился в 1975 году.,андерсон сильва родился в num году
Лесли Гроувс окончила школу в 2001 году.,2,лесли гроувс окончила школу в 2001 году.,лесли гроувс окончила школу в num году
Дэвид Саймон родился в 1980 году.,2,дэвид саймон родился в 1980 году.,дэвид саймон родился в num году
Малкольм Янг был одним из основателей АС/ДК в 1993 году.,2,малкольм янг был одним из основателей ас/дк в 1993 году.,малкольм янг был одним из основателей ас дк в num году
Пенни Ужасная началась в 2017 году.,2,пенни ужасная началась в 2017 году.,пенни ужасная началась в num году
Blue Velvet был выпущен в 1886 году.,2,blue velvet был выпущен в 1886 году.,blue velvet был выпущен в num году
Вилли Нельсон окончил среднюю школу в 1950 году.,0,вилли нельсон окончил среднюю школу в 1950 году.,вилли нельсон окончил среднюю школу в num году
Премьера зоотопии состоялась в 2016 году.,0,премьера зоотопии состоялась в 2016 году.,премьера зоотопии состоялась в num году
Кэлвин Харрис родился 17 января.,0,кэлвин харрис родился 17 января.,кэлвин харрис родился num января
Джордж Бест был накрыт 38 раз.,2,джордж бест был накрыт 38 раз.,джордж бест был накрыт num раз
Пейдж Гамильтон родилась 18 мая 1960 года.,0,пейдж гамильтон родилась 18 мая 1960 года.,пейдж гамильтон родилась num мая num года
Гуам был колонизирован в 1668 году.,0,гуам был колонизирован в 1668 году.,гуам был колонизирован в num году
Анна Кендрик играла в музыкальной комедии 2010 года.,2,анна кендрик играла в музыкальной комедии 2010 года.,анна кендрик играла в музыкальной комедии num года
Уоррен Г. Хардинг умер в 1923 году.,0,уоррен г. хардинг умер в 1923 году.,уоррен г хардинг умер в num году
Уилл Феррелл основал себя в середине 70-х.,2,уилл феррелл основал себя в середине 70-х.,уилл феррелл основал себя в середине num х
Итан Хоук родился в 1970 году.,0,итан хоук родился в 1970 году.,итан хоук родился в num году
Новак Джокович родился в 1913 году.,2,новак джокович родился в 1913 году.,новак джокович родился в num году
Ариана Гранде начала свой первый тур по миру в 2015 году.,0,ариана гранде начала свой первый тур по миру в 2015 году.,ариана гранде начала свой первый тур по миру в num году
"У ""Убирайся"" был бюджет в 4,5 миллиона долларов.",0,"у ""убирайся"" был бюджет в 4,5 миллиона долларов.",у убирайся был бюджет в num миллиона долларов
Премьера в сердце моря состоялась в 2014 году.,2,премьера в сердце моря состоялась в 2014 году.,премьера в сердце моря состоялась в num году
Saamy — фильм 2003 года.,0,saamy — фильм 2003 года.,saamy фильм num года
Суринам стал независимым государством в 1970 году.,2,суринам стал независимым государством в 1970 году.,суринам стал независимым государством в num году
Билл Гейтс родился в 70-х.,2,билл гейтс родился в 70-х.,билл гейтс родился в num х
"Гаитянский креольский язык — язык, на котором говорят от 9,6 до 12 миллионов человек.",0,"гаитянский креольский язык — язык, на котором говорят от 9,6 до 12 миллионов человек.",гаитянский креольский язык язык на котором говорят от num до num миллионов человек
Лед Зеппелин был образован в 1868 году.,2,лед зеппелин был образован в 1868 году.,лед зеппелин был образован в num году
"По оценкам Форбса, чистая стоимость доктора Дре в 2013 году составила 550 миллионов долларов.",2,"по оценкам форбса, чистая стоимость доктора дре в 2013 году составила 550 миллионов долларов.",по оценкам форбса чистая стоимость доктора дре в num году составила num миллионов долларов
Джемейн Клемент родилась в 1974 году.,0,джемейн клемент родилась в 1974 году.,джемейн клемент родилась в num году
В 2004 году Хью Джекман был принимающей стороной премии Академии.,2,в 2004 году хью джекман был принимающей стороной премии академии.,в num году хью джекман был принимающей стороной премии академии
Старбакс был основан в 1971 году.,0,старбакс был основан в 1971 году.,старбакс был основан в num году
Гэри Риджвей убил людей в 1980-х и 1990-х годах.,0,гэри риджвей убил людей в 1980-х и 1990-х годах.,гэри риджвей убил людей в num х и num х годах
Дата рождения Неймара - 5 февраля 1992 года.,0,дата рождения неймара - 5 февраля 1992 года.,дата рождения неймара num февраля num года
Оливия Уайлд родилась в 1956 году.,2,оливия уайлд родилась в 1956 году.,оливия уайлд родилась в num году
Нападение на блок было выпущено в 2011 году.,0,нападение на блок было выпущено в 2011 году.,нападение на блок было выпущено в num году
Десять заповедей — фильм 2017 года.,2,десять заповедей — фильм 2017 года.,десять заповедей фильм num года
Гайатхри Рагурам начал действовать в 1992 году.,2,гайатхри рагурам начал действовать в 1992 году.,гайатхри рагурам начал действовать в num году
Девятнадцать восемьдесят четыре получили номер 13 в списке редакторов 100 лучших новелл современной библиотеки.,0,девятнадцать восемьдесят четыре получили номер 13 в списке редакторов 100 лучших новелл современной библиотеки.,девятнадцать восемьдесят четыре получили номер num в списке редакторов num лучших новелл современной библиотеки
Shallow Hal — фильм 2002 года.,2,shallow hal — фильм 2002 года.,shallow hal фильм num года
Ричард III из Англии умер в возрасте 32 лет.,0,ричард iii из англии умер в возрасте 32 лет.,ричард iii из англии умер в возрасте num лет
"Cugar Town — американский телевизионный ситком, который закончился в 2015 году.",0,"cugar town — американский телевизионный ситком, который закончился в 2015 году.",cugar town американский телевизионный ситком который закончился в num году
Граждане Соединенных Штатов имеют почти 75% общего богатства в мире.,2,граждане соединенных штатов имеют почти 75% общего богатства в мире.,граждане соединенных штатов имеют почти num общего богатства в мире
30 Seconds to Mars были выпущены в 2010.,2,30 seconds to mars были выпущены в 2010.,num seconds to mars были выпущены в num
Слэш вернулся в Guns N' Roses в 1999 году.,2,слэш вернулся в guns n' roses в 1999 году.,слэш вернулся в guns n roses в num году
"Тина Тернер выпустила ""Иностранную аферу"" в 1989 году.",0,"тина тернер выпустила ""иностранную аферу"" в 1989 году.",тина тернер выпустила иностранную аферу в num году
Чарльз; принц Уэльский основал Фонд Принца в 1976 году.,0,чарльз; принц уэльский основал фонд принца в 1976 году.,чарльз принц уэльский основал фонд принца в num году
Мэрилин Монро умерла в 1962 году.,0,мэрилин монро умерла в 1962 году.,мэрилин монро умерла в num году
Энн Ромни родилась 11 апреля 1941 года.,2,энн ромни родилась 11 апреля 1941 года.,энн ромни родилась num апреля num года
Субхас Чандра Бос родился 15 января 1897 года.,2,субхас чандра бос родился 15 января 1897 года.,субхас чандра бос родился num января num года
Up All Night был выпущен во всем мире в 2016 году.,2,up all night был выпущен во всем мире в 2016 году.,up all night был выпущен во всем мире в num году
Уолт Дисней переехал в Калифорнию в начале 1930-х годов.,2,уолт дисней переехал в калифорнию в начале 1930-х годов.,уолт дисней переехал в калифорнию в начале num х годов
Роберт Ли Йейтс родился в 1953 году.,2,роберт ли йейтс родился в 1953 году.,роберт ли йейтс родился в num году
Последний дом слева был выпущен в 2010 году.,2,последний дом слева был выпущен в 2010 году.,последний дом слева был выпущен в num году
О. Джей Симпсон родился в 1955 году.,2,о. джей симпсон родился в 1955 году.,о джей симпсон родился в num году
Saamy — фильм 2015 года.,2,saamy — фильм 2015 года.,saamy фильм num года
Филиппины были названы в 1543 году.,0,филиппины были названы в 1543 году.,филиппины были названы в num году
Скарлетт Йоханссон выпустила альбом в 2009 году.,0,скарлетт йоханссон выпустила альбом в 2009 году.,скарлетт йоханссон выпустила альбом в num году
В 2009 году сторожа были адаптированы к фильму.,0,в 2009 году сторожа были адаптированы к фильму.,в num году сторожа были адаптированы к фильму
Роуп был выпущен в 1935 году.,2,роуп был выпущен в 1935 году.,роуп был выпущен в num году
Big Trail был выпущен в 1830 году.,2,big trail был выпущен в 1830 году.,big trail был выпущен в num году
Сверхъестественное (американское телевидение) было впервые показано 13 сентября 2005 года.,0,сверхъестественное (американское телевидение) было впервые показано 13 сентября 2005 года.,сверхъестественное американское телевидение было впервые показано num сентября num года
Второй студийный альбом Арианы Гранде был выпущен в 2014 году.,0,второй студийный альбом арианы гранде был выпущен в 2014 году.,второй студийный альбом арианы гранде был выпущен в num году
«Девушка в поезде» — фильм 2010 года.,2,«девушка в поезде» — фильм 2010 года.,девушка в поезде фильм num года
Эндрю Гарфилд родился 20 августа 1932 года.,2,эндрю гарфилд родился 20 августа 1932 года.,эндрю гарфилд родился num августа num года
Род Айленд ратифицировал статьи Конфедерации в 1779 году.,2,род айленд ратифицировал статьи конфедерации в 1779 году.,род айленд ратифицировал статьи конфедерации в num году
Джулс Дюмон д'Урвилль родился 13 мая 1790 года.,2,джулс дюмон д'урвилль родился 13 мая 1790 года.,джулс дюмон д урвилль родился num мая num года
Эмили Дикинсон родилась 11 декабря 1830 года.,2,эмили дикинсон родилась 11 декабря 1830 года.,эмили дикинсон родилась num декабря num года
Мейзи Уильямс дебютировала в 2011 году.,0,мейзи уильямс дебютировала в 2011 году.,мейзи уильямс дебютировала в num году
Сью Верту родилась 30 сентября.,2,сью верту родилась 30 сентября.,сью верту родилась num сентября
Джозеф Фенн родился 13 мая 1970 года.,2,джозеф фенн родился 13 мая 1970 года.,джозеф фенн родился num мая num года
Агата Кристи умерла в 1979 году.,2,агата кристи умерла в 1979 году.,агата кристи умерла в num году
Дом один был выпущен в 1990 году.,0,дом один был выпущен в 1990 году.,дом один был выпущен в num году
12 мая 1967 года родилась молодая мальчишка.,2,12 мая 1967 года родилась молодая мальчишка.,num мая num года родилась молодая мальчишка
The Economic Times была впервые опубликована в 1970 году.,2,the economic times была впервые опубликована в 1970 году.,the economic times была впервые опубликована в num году
"В 1912 году вышел клуб ""Завтрак"".",2,"в 1912 году вышел клуб ""завтрак"".",в num году вышел клуб завтрак
American Horror Story: премьера отеля состоялась 16 октября 2015 года.,2,american horror story: премьера отеля состоялась 16 октября 2015 года.,american horror story премьера отеля состоялась num октября num года
Джакомо Казанова умер в 1798 году.,0,джакомо казанова умер в 1798 году.,джакомо казанова умер в num году
Тим Райс написал рок оперу 1917 года.,2,тим райс написал рок оперу 1917 года.,тим райс написал рок оперу num года
Led Zeppelin выпустила альбом Led Zeppelin II в 1979 году.,2,led zeppelin выпустила альбом led zeppelin ii в 1979 году.,led zeppelin выпустила альбом led zeppelin ii в num году
В 678 году европейцы открыли австралийский континент.,2,в 678 году европейцы открыли австралийский континент.,в num году европейцы открыли австралийский континент
В 1985 году Синди Лаупер получила премию «Лучший новый художник».,0,в 1985 году синди лаупер получила премию «лучший новый художник».,в num году синди лаупер получила премию лучший новый художник
Отрицательный фильм (2016) был выпущен в США 30 сентября 2016 года.,0,отрицательный фильм (2016) был выпущен в сша 30 сентября 2016 года.,отрицательный фильм num был выпущен в сша num сентября num года
Song Sung Blue был выпущен в 1852 году.,2,song sung blue был выпущен в 1852 году.,song sung blue был выпущен в num году
"Тина Тернер выпустила ""Break Every Rule"" в 1986 году.",0,"тина тернер выпустила ""break every rule"" в 1986 году.",тина тернер выпустила break every rule в num году
Основан в 1770 году.,2,основан в 1770 году.,основан в num году
На странных тидах () — роман 1997 года.,2,на странных тидах () — роман 1997 года.,на странных тидах роман num года
Диана Ригг родилась в 1938 году.,0,диана ригг родилась в 1938 году.,диана ригг родилась в num году
"Горячий певец, родившийся 2 мая.",2,"горячий певец, родившийся 2 мая.",горячий певец родившийся num мая
Почетная премия Академии была учреждена в 1948 году.,0,почетная премия академии была учреждена в 1948 году.,почетная премия академии была учреждена в num году
« Звездные войны»: Силы Пробудятся через 30 лет после возвращения джедаев.,0,« звездные войны»: силы пробудятся через 30 лет после возвращения джедаев.,звездные войны силы пробудятся через num лет после возвращения джедаев
Боб Марли начал работать в 1980 году.,2,боб марли начал работать в 1980 году.,боб марли начал работать в num году
25 было выпущено в 2015 году.,0,25 было выпущено в 2015 году.,num было выпущено в num году
Датская девочка — фильм 2013 года.,2,датская девочка — фильм 2013 года.,датская девочка фильм num года
Дневники вампира транслировали 371 эпизод.,2,дневники вампира транслировали 371 эпизод.,дневники вампира транслировали num эпизод
В 2015 году был выпущен альбом Her Soes.,2,в 2015 году был выпущен альбом her soes.,в num году был выпущен альбом her soes
Грейсон Ченс родился в 1850 году.,2,грейсон ченс родился в 1850 году.,грейсон ченс родился в num году
Ник Джонас выпустил свой третий студийный альбом в 2016 году.,0,ник джонас выпустил свой третий студийный альбом в 2016 году.,ник джонас выпустил свой третий студийный альбом в num году
В 1998 году Pink Floyd был введён в Зал славы American Rock and Roll Hall of Fame.,2,в 1998 году pink floyd был введен в зал славы american rock and roll hall of fame.,в num году pink floyd был введен в зал славы american rock and roll hall of fame
K2 — 8611 метров над уровнем моря.,0,k2 — 8611 метров над уровнем моря.,k num num метров над уровнем моря
Кейдж Воины были созданы в 2001 году.,0,кейдж воины были созданы в 2001 году.,кейдж воины были созданы в num году
Габури Сидибе дебютировала в фильме 2006 года.,2,габури сидибе дебютировала в фильме 2006 года.,габури сидибе дебютировала в фильме num года
Havoc — фильм 2006 года.,2,havoc — фильм 2006 года.,havoc фильм num года
День рождения Ади Шанкара 8 января.,0,день рождения ади шанкара 8 января.,день рождения ади шанкара num января
Портал 2 был выпущен 19 апреля 2001 года.,2,портал 2 был выпущен 19 апреля 2001 года.,портал num был выпущен num апреля num года
Девушка была сформирована в 2012 году.,0,девушка была сформирована в 2012 году.,девушка была сформирована в num году
50 Cent занял 8-е место лучшего художника 2000-х годов в Billboard.,2,50 cent занял 8-е место лучшего художника 2000-х годов в billboard.,num cent занял num е место лучшего художника num х годов в billboard
Милли Бобби Браун родилась 19 февраля.,0,милли бобби браун родилась 19 февраля.,милли бобби браун родилась num февраля
Дом один был выпущен в 1600 году.,2,дом один был выпущен в 1600 году.,дом один был выпущен в num году
Тэйлор Кич родился в 1981 году.,0,тэйлор кич родился в 1981 году.,тэйлор кич родился в num году
Райан О'Нил родился в 1945 году.,2,райан о'нил родился в 1945 году.,райан о нил родился в num году
"Падающие звезды - актриса, родившаяся в 1998 году.",2,"падающие звезды - актриса, родившаяся в 1998 году.",падающие звезды актриса родившаяся в num году
"Джефф Безос основал ""Голубое происхождение"" в 2000 году.",0,"джефф безос основал ""голубое происхождение"" в 2000 году.",джефф безос основал голубое происхождение в num году
Авраам Линкольн родился в 1807 году.,2,авраам линкольн родился в 1807 году.,авраам линкольн родился в num году
Бхарат Арун родился в 1963 году.,2,бхарат арун родился в 1963 году.,бхарат арун родился в num году
Ананасовый экспресс — фильм 2017 года.,2,ананасовый экспресс — фильм 2017 года.,ананасовый экспресс фильм num года
Фарго был вдохновлен фильмом 1996 года.,0,фарго был вдохновлен фильмом 1996 года.,фарго был вдохновлен фильмом num года
Мать Тереза получила Нобелевскую премию мира 1979 года.,0,мать тереза получила нобелевскую премию мира 1979 года.,мать тереза получила нобелевскую премию мира num года
Таня Робертс родилась в 1955 году.,0,таня робертс родилась в 1955 году.,таня робертс родилась в num году
Джордж Бест был накрыт 37 раз.,0,джордж бест был накрыт 37 раз.,джордж бест был накрыт num раз
Led Zeppelin выпустил альбом Led Zeppelin в 1969 году.,0,led zeppelin выпустил альбом led zeppelin в 1969 году.,led zeppelin выпустил альбом led zeppelin в num году
Лиза Мари Пресли родилась в 2000 году.,2,лиза мари пресли родилась в 2000 году.,лиза мари пресли родилась в num году
Хильда Эллис Дэвидсон умерла в 2008 году.,2,хильда эллис дэвидсон умерла в 2008 году.,хильда эллис дэвидсон умерла в num году
Backstreet Boys образовались в 1991 году.,2,backstreet boys образовались в 1991 году.,backstreet boys образовались в num году
Житель Зла 7: Биооопасность продала более 3 миллионов копий.,0,житель зла 7: биооопасность продала более 3 миллионов копий.,житель зла num биооопасность продала более num миллионов копий
Премьера пилота сверхъестественной системы состоялась в 2007 году.,2,премьера пилота сверхъестественной системы состоялась в 2007 году.,премьера пилота сверхъестественной системы состоялась в num году
"Зеленая Стрела — персонаж комиксов, впервые появившийся в 1941 году.",0,"зеленая стрела — персонаж комиксов, впервые появившийся в 1941 году.",зеленая стрела персонаж комиксов впервые появившийся в num году
Прусская академия наук была создана в 1700 году.,0,прусская академия наук была создана в 1700 году.,прусская академия наук была создана в num году
В 1970 году было опубликовано издание &quot; Убийство пересмешника &quot; .,2,в 1970 году было опубликовано издание &quot; убийство пересмешника &quot; .,в num году было опубликовано издание quot убийство пересмешника quot
Стэнли Туччи родился в 1960-х годах.,0,стэнли туччи родился в 1960-х годах.,стэнли туччи родился в num х годах
Крис Вейц родился в 1969 году.,0,крис вейц родился в 1969 году.,крис вейц родился в num году
Мария Антуанетт родилась 2 ноября 1733 года.,2,мария антуанетт родилась 2 ноября 1733 года.,мария антуанетт родилась num ноября num года
Красота и Зверь были выпущены в 2017 году.,0,красота и зверь были выпущены в 2017 году.,красота и зверь были выпущены в num году
Пол Уокер родился в 1973 году.,0,пол уокер родился в 1973 году.,пол уокер родился в num году
Фильм Канганы Ранаут дебютировал в 2006 году.,0,фильм канганы ранаут дебютировал в 2006 году.,фильм канганы ранаут дебютировал в num году
Катрина Кайф родилась 17 июля 1983 года.,2,катрина кайф родилась 17 июля 1983 года.,катрина кайф родилась num июля num года
The Weeknd выпустил свой третий студийный альбом в 2017 году.,2,the weeknd выпустил свой третий студийный альбом в 2017 году.,the weeknd выпустил свой третий студийный альбом в num году
Дата рождения Анерина Барнарда - 8 мая.,0,дата рождения анерина барнарда - 8 мая.,дата рождения анерина барнарда num мая
Бхарат Арун родился 14-го числа.,0,бхарат арун родился 14-го числа.,бхарат арун родился num го числа
Майкл МакКэри родился в декабре 1971 года.,0,майкл маккэри родился в декабре 1971 года.,майкл маккэри родился в декабре num года
Kate & Leopold — фильм 2017 года.,2,kate & leopold — фильм 2017 года.,kate leopold фильм num года
Мария Кэри родилась 27-го.,0,мария кэри родилась 27-го.,мария кэри родилась num го
Синий район Тихого океана закончился в 1998 году.,2,синий район тихого океана закончился в 1998 году.,синий район тихого океана закончился в num году
Ник Джонас выпустил свой третий студийный альбом в 2017 году.,2,ник джонас выпустил свой третий студийный альбом в 2017 году.,ник джонас выпустил свой третий студийный альбом в num году
Великая британская пчела закончилась 4 июля.,0,великая британская пчела закончилась 4 июля.,великая британская пчела закончилась num июля
О. Джей Симпсон был приговорен к 100 годам тюремного заключения.,2,о. джей симпсон был приговорен к 100 годам тюремного заключения.,о джей симпсон был приговорен к num годам тюремного заключения
Фантастические Звери и Куда найти их были выпущены 18 ноября 2005 года.,2,фантастические звери и куда найти их были выпущены 18 ноября 2005 года.,фантастические звери и куда найти их были выпущены num ноября num года
Эмили Дикинсон родилась 10 декабря 1830 года.,0,эмили дикинсон родилась 10 декабря 1830 года.,эмили дикинсон родилась num декабря num года
Виктор Хьюго родился в 1850 году.,2,виктор хьюго родился в 1850 году.,виктор хьюго родился в num году
Стивен Найт родился в 1969 году.,2,стивен найт родился в 1969 году.,стивен найт родился в num году
Линда Шуйлер родилась в 1999 году.,2,линда шуйлер родилась в 1999 году.,линда шуйлер родилась в num году
Чарльз Мари де Ла Кондамин умер в 1774 году.,0,чарльз мари де ла кондамин умер в 1774 году.,чарльз мари де ла кондамин умер в num году
Антонио Вивальди умер в возрасте 63 лет.,0,антонио вивальди умер в возрасте 63 лет.,антонио вивальди умер в возрасте num лет
Bends были выпущены в 1995 году.,0,bends были выпущены в 1995 году.,bends были выпущены в num году
Джоан Кузак была в фильме 1997 года.,0,джоан кузак была в фильме 1997 года.,джоан кузак была в фильме num года
Hacksaw Ridge был выпущен в США в 2016 году.,0,hacksaw ridge был выпущен в сша в 2016 году.,hacksaw ridge был выпущен в сша в num году
Дэвис Гуггенхейм родился в 1963 году.,0,дэвис гуггенхейм родился в 1963 году.,дэвис гуггенхейм родился в num году
Непал находится в 34 милях от Бангладеш.,2,непал находится в 34 милях от бангладеш.,непал находится в num милях от бангладеш
Билли Клэнтон родился в 1961 году.,2,билли клэнтон родился в 1961 году.,билли клэнтон родился в num году
Джей Секулоу родился в 1945 году.,2,джей секулоу родился в 1945 году.,джей секулоу родился в num году
Кристиан Бэйл родился в 1974 году.,0,кристиан бэйл родился в 1974 году.,кристиан бэйл родился в num году
Как я встретил твою маму 9 сезонов.,0,как я встретил твою маму 9 сезонов.,как я встретил твою маму num сезонов
Alessia Cara выпустила свой дебютный сингл «Here» в 2016 году.,2,alessia cara выпустила свой дебютный сингл «here» в 2016 году.,alessia cara выпустила свой дебютный сингл here в num году
RMS Titanic покинул Саутгемптон в 1914 году.,2,rms titanic покинул саутгемптон в 1914 году.,rms titanic покинул саутгемптон в num году
Курт Англ родился в 1968 году.,0,курт англ родился в 1968 году.,курт англ родился в num году
Диего Луна родился в 2012 году.,2,диего луна родился в 2012 году.,диего луна родился в num году
С Земли до Луны был создан в 1998 году.,0,с земли до луны был создан в 1998 году.,с земли до луны был создан в num году
В Википедии ежемесячно было 19 миллиардов просмотров страниц.,2,в википедии ежемесячно было 19 миллиардов просмотров страниц.,в википедии ежемесячно было num миллиардов просмотров страниц
Арнольд Шварценеггер покинул свой пост в 2009 году.,2,арнольд шварценеггер покинул свой пост в 2009 году.,арнольд шварценеггер покинул свой пост в num году
Кэлвин Харрис родился в 1995 году.,2,кэлвин харрис родился в 1995 году.,кэлвин харрис родился в num году
Bake a Bow был выпущен в 2007 году.,2,bake a bow был выпущен в 2007 году.,bake a bow был выпущен в num году
Madonna подписала контракт с Sire Records в 1984 году.,2,madonna подписала контракт с sire records в 1984 году.,madonna подписала контракт с sire records в num году
Оливер Рид родился 13 февраля 1938 года.,0,оливер рид родился 13 февраля 1938 года.,оливер рид родился num февраля num года
Джексоны начались в 1976 году.,0,джексоны начались в 1976 году.,джексоны начались в num году
Рамаянам () — фильм 1996 года.,0,рамаянам () — фильм 1996 года.,рамаянам фильм num года
Гарри Каспаров родился 10 апреля 1961 года.,2,гарри каспаров родился 10 апреля 1961 года.,гарри каспаров родился num апреля num года
Первый альбом Set MacFarlane был выпущен в 2011 году.,0,первый альбом set macfarlane был выпущен в 2011 году.,первый альбом set macfarlane был выпущен в num году
Нил Янг родился в 1980 году.,2,нил янг родился в 1980 году.,нил янг родился в num году
CBS был переименован в 1928 году.,0,cbs был переименован в 1928 году.,cbs был переименован в num году
Генри V — фильм 2001 года.,2,генри v — фильм 2001 года.,генри v фильм num года
Второй сезон Sonny с Шансом состоялся 14 марта 2011 года.,2,второй сезон sonny с шансом состоялся 14 марта 2011 года.,второй сезон sonny с шансом состоялся num марта num года
Айрис Мёрдок родилась в 1930 году.,2,айрис мердок родилась в 1930 году.,айрис мердок родилась в num году
Фейт Эванс выпустила свой пятый альбом в 2010 году.,0,фейт эванс выпустила свой пятый альбом в 2010 году.,фейт эванс выпустила свой пятый альбом в num году
Джонатан Хенсли родился в 1999 году.,2,джонатан хенсли родился в 1999 году.,джонатан хенсли родился в num году
Миссис Хендерсон представляет фильм 2005 года.,0,миссис хендерсон представляет фильм 2005 года.,миссис хендерсон представляет фильм num года
21 Jump Street была выпущена 16 марта 2012 года.,0,21 jump street была выпущена 16 марта 2012 года.,num jump street была выпущена num марта num года
Американцы начали в 2010 году.,2,американцы начали в 2010 году.,американцы начали в num году
Джанкарло Стэнтон участвовал в проекте MLB 2017 года.,2,джанкарло стэнтон участвовал в проекте mlb 2017 года.,джанкарло стэнтон участвовал в проекте mlb num года
Дэвид Тевлис родился в 1983 году.,2,дэвид тевлис родился в 1983 году.,дэвид тевлис родился в num году
Уильям МакКинли родился в 1901 году.,2,уильям маккинли родился в 1901 году.,уильям маккинли родился в num году
Black Zirror впервые транслировался в 2000 году.,2,black zirror впервые транслировался в 2000 году.,black zirror впервые транслировался в num году
Клинт Иствуд родился в 1935 году.,2,клинт иствуд родился в 1935 году.,клинт иствуд родился в num году
Премьера состоялась в 2015 году.,0,премьера состоялась в 2015 году.,премьера состоялась в num году
Чарльз Мари де Ла Кондамин родился в 1774 году.,2,чарльз мари де ла кондамин родился в 1774 году.,чарльз мари де ла кондамин родился в num году
Ник Джонас выпустил свой дебютный альбом в 2001 году.,2,ник джонас выпустил свой дебютный альбом в 2001 году.,ник джонас выпустил свой дебютный альбом в num году
Чарльз Диккенс родился в 1812 году.,0,чарльз диккенс родился в 1812 году.,чарльз диккенс родился в num году
Криштиано Роналдо родился в 1985 году.,0,криштиано роналдо родился в 1985 году.,криштиано роналдо родился в num году
Генриетта Мария из Франции родилась в 1577 году.,2,генриетта мария из франции родилась в 1577 году.,генриетта мария из франции родилась в num году
Спотлайт собрал 100 миллионов долларов по всему миру.,2,спотлайт собрал 100 миллионов долларов по всему миру.,спотлайт собрал num миллионов долларов по всему миру
Александр Лукашенко работает с 1994 года.,0,александр лукашенко работает с 1994 года.,александр лукашенко работает с num года
Слэш покинул Guns N' Roses в 2016 году.,2,слэш покинул guns n' roses в 2016 году.,слэш покинул guns n roses в num году
Первый роман Твайлайт был выпущен в 2005 году.,0,первый роман твайлайт был выпущен в 2005 году.,первый роман твайлайт был выпущен в num году
Чарльз Диккенс умер в 1890 году.,2,чарльз диккенс умер в 1890 году.,чарльз диккенс умер в num году
Законы Джима Кроу применялись до 1965 года.,0,законы джима кроу применялись до 1965 года.,законы джима кроу применялись до num года
Телангана отделилась от Андхра-Прадеш в 2014 году.,0,телангана отделилась от андхра-прадеш в 2014 году.,телангана отделилась от андхра прадеш в num году
Смурфы начали снимать в 2011 году.,2,смурфы начали снимать в 2011 году.,смурфы начали снимать в num году
Бэтмен: The Killing Joke была проиллюстрирована британским художником комиксов 1951 года рождения.,0,бэтмен: the killing joke была проиллюстрирована британским художником комиксов 1951 года рождения.,бэтмен the killing joke была проиллюстрирована британским художником комиксов num года рождения
Адриан Бронер родился 28 июля 1989 года.,0,адриан бронер родился 28 июля 1989 года.,адриан бронер родился num июля num года
Уилт Чемберлен забил 100 очков в одной игре.,0,уилт чемберлен забил 100 очков в одной игре.,уилт чемберлен забил num очков в одной игре
Премьера состоялась 15 апреля 1995 года.,0,премьера состоялась 15 апреля 1995 года.,премьера состоялась num апреля num года
Крис Нот был номинирован на лучший актёр в поддержку секса и города в 1989 году.,2,крис нот был номинирован на лучший актер в поддержку секса и города в 1989 году.,крис нот был номинирован на лучший актер в поддержку секса и города в num году
Элвис был телепрограммой 1968 года.,0,элвис был телепрограммой 1968 года.,элвис был телепрограммой num года
Фьюриус 7 начал основную фотографию в 2013 году.,0,фьюриус 7 начал основную фотографию в 2013 году.,фьюриус num начал основную фотографию в num году
Элвис был телепрограммой 2016 года.,2,элвис был телепрограммой 2016 года.,элвис был телепрограммой num года
«Планета обезьян» была выпущена 8 февраля 1868 года.,2,«планета обезьян» была выпущена 8 февраля 1868 года.,планета обезьян была выпущена num февраля num года
Нас работает по крайней мере с 1966 года.,2,нас работает по крайней мере с 1966 года.,нас работает по крайней мере с num года
Грейс ВандерВаль родилась 15 января 2007 года.,2,грейс вандерваль родилась 15 января 2007 года.,грейс вандерваль родилась num января num года
Атомная блондинка основана на графическом романе 2012 года.,0,атомная блондинка основана на графическом романе 2012 года.,атомная блондинка основана на графическом романе num года
В 2016 году The Weeknd выпустила Starboy.,0,в 2016 году the weeknd выпустила starboy.,в num году the weeknd выпустила starboy
Элизабет II родилась 21 апреля 1926 года.,0,элизабет ii родилась 21 апреля 1926 года.,элизабет ii родилась num апреля num года
Синий район Тихого океана закончился в 2009 году.,2,синий район тихого океана закончился в 2009 году.,синий район тихого океана закончился в num году
Up All Night был выпущен во всем мире в 2017 году.,2,up all night был выпущен во всем мире в 2017 году.,up all night был выпущен во всем мире в num году
Сплэш - это фильм 1995 года.,2,сплэш - это фильм 1995 года.,сплэш это фильм num года
Тоби Магуайр начал свою карьеру в конце 80-х годов.,0,тоби магуайр начал свою карьеру в конце 80-х годов.,тоби магуайр начал свою карьеру в конце num х годов
Пабло Эскобар был убит в 47.,2,пабло эскобар был убит в 47.,пабло эскобар был убит в num
Лаадла была выпущена в 1994 году.,0,лаадла была выпущена в 1994 году.,лаадла была выпущена в num году
"Все мои дети были созданы американцем, родившимся в 1917 году.",2,"все мои дети были созданы американцем, родившимся в 1917 году.",все мои дети были созданы американцем родившимся в num году
Мэгги Смит родилась 11 декабря 1934 года.,2,мэгги смит родилась 11 декабря 1934 года.,мэгги смит родилась num декабря num года
Luxo-младший — фильм 1984 года.,2,luxo-младший — фильм 1984 года.,luxo младший фильм num года
Дж. Коул родился в 1986 году.,2,дж. коул родился в 1986 году.,дж коул родился в num году
Джудит Барси умерла в 1977 году.,2,джудит барси умерла в 1977 году.,джудит барси умерла в num году
Борис Карлофф родился в 1887 году.,0,борис карлофф родился в 1887 году.,борис карлофф родился в num году
Волшебник из Оза с 1948 года.,2,волшебник из оза с 1948 года.,волшебник из оза с num года
Марк Руффало родился в 1967 году.,0,марк руффало родился в 1967 году.,марк руффало родился в num году
Рой Уитинг родился в 1959 году.,0,рой уитинг родился в 1959 году.,рой уитинг родился в num году
Линда Маккартни умерла 16 апреля 1998 года.,2,линда маккартни умерла 16 апреля 1998 года.,линда маккартни умерла num апреля num года
Блейк Эдвардс начал свою карьеру в 1920-х годах.,2,блейк эдвардс начал свою карьеру в 1920-х годах.,блейк эдвардс начал свою карьеру в num х годах
Эллен Бёрстин начала свою карьеру в конце 1950-х.,0,эллен берстин начала свою карьеру в конце 1950-х.,эллен берстин начала свою карьеру в конце num х
Broad Green Pictures был основан в 2012 году.,2,broad green pictures был основан в 2012 году.,broad green pictures был основан в num году
Сара Полсон была актёром в 1980-х.,2,сара полсон была актером в 1980-х.,сара полсон была актером в num х
Конор Макгрегор начал свою карьеру в боевых искусствах в 2003 году.,2,конор макгрегор начал свою карьеру в боевых искусствах в 2003 году.,конор макгрегор начал свою карьеру в боевых искусствах в num году
Фрэнк Седгман родился в 1927 году.,0,фрэнк седгман родился в 1927 году.,фрэнк седгман родился в num году
Красивые люди закончили показ в 2009 году.,0,красивые люди закончили показ в 2009 году.,красивые люди закончили показ в num году
Американцы начали в 2013 году.,0,американцы начали в 2013 году.,американцы начали в num году
Джордж Кукор умер в 1990 году.,2,джордж кукор умер в 1990 году.,джордж кукор умер в num году
Словения вступила в НАТО и Европейский союз в 1920 году.,2,словения вступила в нато и европейский союз в 1920 году.,словения вступила в нато и европейский союз в num году
Ричард Харрис родился 25 октября 2002 года.,0,ричард харрис родился 25 октября 2002 года.,ричард харрис родился num октября num года
Линда Маккартни умерла в возрасте 56 лет.,0,линда маккартни умерла в возрасте 56 лет.,линда маккартни умерла в возрасте num лет
Лукас был создан в 1986 году.,0,лукас был создан в 1986 году.,лукас был создан в num году
Ужасные боссы были созданы в 2001 году.,2,ужасные боссы были созданы в 2001 году.,ужасные боссы были созданы в num году
Межзвездная премьера состоялась в 2015 году.,2,межзвездная премьера состоялась в 2015 году.,межзвездная премьера состоялась в num году
Эмма Робертс родилась в 1998 году.,2,эмма робертс родилась в 1998 году.,эмма робертс родилась в num году
Доминик Данн родился в 1923 году.,2,доминик данн родился в 1923 году.,доминик данн родился в num году
Тед Качински родился в 1942 году.,0,тед качински родился в 1942 году.,тед качински родился в num году
Вьетнамская война началась в 1955 году.,0,вьетнамская война началась в 1955 году.,вьетнамская война началась в num году
Законы Джима Кроу применялись до 1995 года.,2,законы джима кроу применялись до 1995 года.,законы джима кроу применялись до num года
Мальчик был выброшен 6 августа.,0,мальчик был выброшен 6 августа.,мальчик был выброшен num августа
Ариана Гранде начала свой первый тур по миру в 2013 году.,2,ариана гранде начала свой первый тур по миру в 2013 году.,ариана гранде начала свой первый тур по миру в num году
Аватар был выпущен в 2011 году.,2,аватар был выпущен в 2011 году.,аватар был выпущен в num году
Дэвид Анжел родился в 1946 году.,0,дэвид анжел родился в 1946 году.,дэвид анжел родился в num году
Джастиниан Я умер в 585 году.,2,джастиниан я умер в 585 году.,джастиниан я умер в num году
Вупи Голдберг родился 13 ноября 1855 года.,2,вупи голдберг родился 13 ноября 1855 года.,вупи голдберг родился num ноября num года
Первый альбом Фрэнка Заппы был выпущен в 1876 году.,2,первый альбом фрэнка заппы был выпущен в 1876 году.,первый альбом фрэнка заппы был выпущен в num году
"Рак стал причиной 12,4 процента человеческих смертей.",2,"рак стал причиной 12,4 процента человеческих смертей.",рак стал причиной num процента человеческих смертей
Ли Мин Хо родилась 22 июня 1987 года.,0,ли мин хо родилась 22 июня 1987 года.,ли мин хо родилась num июня num года
Кристоф Вальц родился в 1956 году.,0,кристоф вальц родился в 1956 году.,кристоф вальц родился в num году
"площадь Торонто составляет 630,2 кв. км.",0,"площадь торонто составляет 630,2 кв. км.",площадь торонто составляет num кв км
Чарльз Мари де Ла Кондамин родился в 1705 году.,2,чарльз мари де ла кондамин родился в 1705 году.,чарльз мари де ла кондамин родился в num году
"""Радиохед"", образованный в 1987 году.",2,"""радиохед"", образованный в 1987 году.",радиохед образованный в num году
Деннис Хастерт выиграл выборы в Палату представителей Иллинойса в 1981 году.,0,деннис хастерт выиграл выборы в палату представителей иллинойса в 1981 году.,деннис хастерт выиграл выборы в палату представителей иллинойса в num году
Харви Курцман начал преподавать в Школе изобразительного искусства в 1973 году.,0,харви курцман начал преподавать в школе изобразительного искусства в 1973 году.,харви курцман начал преподавать в школе изобразительного искусства в num году
Термин культовый фильм был впервые использован в 1970-х годах.,0,термин культовый фильм был впервые использован в 1970-х годах.,термин культовый фильм был впервые использован в num х годах
Папа Янки родился в 1988 году.,2,папа янки родился в 1988 году.,папа янки родился в num году
"Население Пуэрто-Рико составляет 5,4 млн. человек.",2,"население пуэрто-рико составляет 5,4 млн. человек.",население пуэрто рико составляет num млн человек
Эдвард VIII родился в 1894 году.,0,эдвард viii родился в 1894 году.,эдвард viii родился в num году
Смурфы начали снимать в 2015 году.,2,смурфы начали снимать в 2015 году.,смурфы начали снимать в num году
Маленькие большие съёмки прошли в 2007 году.,2,маленькие большие съемки прошли в 2007 году.,маленькие большие съемки прошли в num году
В 2004 году группа «Трой Бейкер» выпустила свой дебютный альбом.,0,в 2004 году группа «трой бейкер» выпустила свой дебютный альбом.,в num году группа трой бейкер выпустила свой дебютный альбом
Роман Этвуд родился в 1983 году.,0,роман этвуд родился в 1983 году.,роман этвуд родился в num году
В 1990 году Джоди Фостер сняла свой второй фильм.,2,в 1990 году джоди фостер сняла свой второй фильм.,в num году джоди фостер сняла свой второй фильм
Изабелла из Франции умерла в 1295 году.,2,изабелла из франции умерла в 1295 году.,изабелла из франции умерла в num году
Фредерик Огюст Бартольди родился 2 августа 1834 года.,0,фредерик огюст бартольди родился 2 августа 1834 года.,фредерик огюст бартольди родился num августа num года
The Crazies были выпущены в 2010 году.,0,the crazies были выпущены в 2010 году.,the crazies были выпущены в num году
Paper Moon () — драматический фильм 1973 года.,0,paper moon () — драматический фильм 1973 года.,paper moon драматический фильм num года
"Горячий певец, родившийся 29 мая.",0,"горячий певец, родившийся 29 мая.",горячий певец родившийся num мая
В поколении Х есть годы рождения с 1910-х годов.,2,в поколении х есть годы рождения с 1910-х годов.,в поколении х есть годы рождения с num х годов
Эрик фон Манштейн умер 9 июня 1973 года.,0,эрик фон манштейн умер 9 июня 1973 года.,эрик фон манштейн умер num июня num года
Эми Адамс родилась в 1975 году.,2,эми адамс родилась в 1975 году.,эми адамс родилась в num году
В 2016 году были выпущены монстрские звонки.,0,в 2016 году были выпущены монстрские звонки.,в num году были выпущены монстрские звонки
24 — фильм 2010 года.,2,24 — фильм 2010 года.,num фильм num года
Дэвид Анжел родился в 2001 году.,2,дэвид анжел родился в 2001 году.,дэвид анжел родился в num году
Лили Джеймс начала свою профессиональную актерскую карьеру в 2010 году.,0,лили джеймс начала свою профессиональную актерскую карьеру в 2010 году.,лили джеймс начала свою профессиональную актерскую карьеру в num году
"""Человек из стали"" начал фотографировать в 2011 году.",0,"""человек из стали"" начал фотографировать в 2011 году.",человек из стали начал фотографировать в num году
Джуди Гарланд умерла в 1800 году.,2,джуди гарланд умерла в 1800 году.,джуди гарланд умерла в num году
«Иллюзист» () — фильм 2006 года.,0,«иллюзист» () — фильм 2006 года.,иллюзист фильм num года
В 1999 году Квентин Тарантино выпустил свой фильм «Собаки-резервуары».,2,в 1999 году квентин тарантино выпустил свой фильм «собаки-резервуары».,в num году квентин тарантино выпустил свой фильм собаки резервуары
В 1976 году Джеки Робинсон выиграл премию Национальной лиги за лучший игрок.,2,в 1976 году джеки робинсон выиграл премию национальной лиги за лучший игрок.,в num году джеки робинсон выиграл премию национальной лиги за лучший игрок
Джеффри Дамер умер в 1994 году.,0,джеффри дамер умер в 1994 году.,джеффри дамер умер в num году
Pan Am закончился в 2000 году.,2,pan am закончился в 2000 году.,pan am закончился в num году
30 Seconds to Mars были выпущены в 2002.,0,30 seconds to mars были выпущены в 2002.,num seconds to mars были выпущены в num
Уолт Дисней переехал в Калифорнию в начале 1920-х годов.,0,уолт дисней переехал в калифорнию в начале 1920-х годов.,уолт дисней переехал в калифорнию в начале num х годов
Сердце дебютировало в 2007 году.,0,сердце дебютировало в 2007 году.,сердце дебютировало в num году
"В апреле 2019 года будет выпущена ""Wrinkle in Time"".",2,"в апреле 2019 года будет выпущена ""wrinkle in time"".",в апреле num года будет выпущена wrinkle in time
Линда Маккартни родилась 24 сентября 1951 года.,2,линда маккартни родилась 24 сентября 1951 года.,линда маккартни родилась num сентября num года
Пятый студийный альбом Гориллаза был выпущен в 2015 году.,2,пятый студийный альбом гориллаза был выпущен в 2015 году.,пятый студийный альбом гориллаза был выпущен в num году
Джудит Барси родилась в 1989 году.,2,джудит барси родилась в 1989 году.,джудит барси родилась в num году
Принцесса Агенты была выпущена в 2015 году.,2,принцесса агенты была выпущена в 2015 году.,принцесса агенты была выпущена в num году
Непал находится в 17 милях от Бангладеш.,0,непал находится в 17 милях от бангладеш.,непал находится в num милях от бангладеш
Нежная Мерси - это фильм 1923 года.,2,нежная мерси - это фильм 1923 года.,нежная мерси это фильм num года
"Патриция Лиа ""Пэтти"" Дженкинс родилась в 1979 году.",2,"патриция лиа ""пэтти"" дженкинс родилась в 1979 году.",патриция лиа пэтти дженкинс родилась в num году
"Представьте, что Драконы впервые получили воздействие в 2012 году.",0,"представьте, что драконы впервые получили воздействие в 2012 году.",представьте что драконы впервые получили воздействие в num году
Шаниа Твен родилась в 1967 году.,2,шаниа твен родилась в 1967 году.,шаниа твен родилась в num году
Рич девчонка (песня Гвен Стефани) была номинирована на премию на 43-й Грэмми.,2,рич девчонка (песня гвен стефани) была номинирована на премию на 43-й грэмми.,рич девчонка песня гвен стефани была номинирована на премию на num й грэмми
Тайра Бэнкс начала моделирование в возрасте 15 лет.,0,тайра бэнкс начала моделирование в возрасте 15 лет.,тайра бэнкс начала моделирование в возрасте num лет
Оливер Рид был в фильме в 1936 году.,2,оливер рид был в фильме в 1936 году.,оливер рид был в фильме в num году
Маврикий обрел независимость в 1968 году.,0,маврикий обрел независимость в 1968 году.,маврикий обрел независимость в num году
Баахубали: Начало — индийский фильм 2015 года.,0,баахубали: начало — индийский фильм 2015 года.,баахубали начало индийский фильм num года
Даг Дюси - 25-й губернатор Аризоны.,2,даг дюси - 25-й губернатор аризоны.,даг дюси num й губернатор аризоны
Daft Punk выпустили свой первый альбом в 1987 году.,2,daft punk выпустили свой первый альбом в 1987 году.,daft punk выпустили свой первый альбом в num году
Бадди Холли умер 3 февраля 1959 года.,0,бадди холли умер 3 февраля 1959 года.,бадди холли умер num февраля num года
Диего Луна родился в 1979 году.,0,диего луна родился в 1979 году.,диего луна родился в num году
Нил де Грасс Тайсон написал эссе для журнала Natural History с 1995 по 2005 год.,0,нил де грасс тайсон написал эссе для журнала natural history с 1995 по 2005 год.,нил де грасс тайсон написал эссе для журнала natural history с num по num год
О. Джей Симпсон родился в 1947 году.,0,о. джей симпсон родился в 1947 году.,о джей симпсон родился в num году
Субхас Чандра Бос родился 23 января 1897 года.,0,субхас чандра бос родился 23 января 1897 года.,субхас чандра бос родился num января num года
Джордж Р.Р. Мартин родился в 1948 году.,0,джордж р.р. мартин родился в 1948 году.,джордж р р мартин родился в num году
The Outcasts — фильм 2017 года.,0,the outcasts — фильм 2017 года.,the outcasts фильм num года
Премьера пилота сверхъестественной системы состоялась в 2006 году.,2,премьера пилота сверхъестественной системы состоялась в 2006 году.,премьера пилота сверхъестественной системы состоялась в num году
Карьера Роберта Редфорда началась в 1965 году.,2,карьера роберта редфорда началась в 1965 году.,карьера роберта редфорда началась в num году
Термин культовый фильм использовался в 1960-х годах.,2,термин культовый фильм использовался в 1960-х годах.,термин культовый фильм использовался в num х годах
Августо Пиночета умер в 1914 году.,2,августо пиночета умер в 1914 году.,августо пиночета умер в num году
Сигмунд Фрейд начал свою клиническую практику в 1776 году.,2,сигмунд фрейд начал свою клиническую практику в 1776 году.,сигмунд фрейд начал свою клиническую практику в num году
Эндрю Вуд умер в 1990 году.,0,эндрю вуд умер в 1990 году.,эндрю вуд умер в num году
Джек Паар родился 1 мая 1919 года.,2,джек паар родился 1 мая 1919 года.,джек паар родился num мая num года
Джозеф Сталин родился 28 декабря 1878 года.,2,джозеф сталин родился 28 декабря 1878 года.,джозеф сталин родился num декабря num года
Нина Симон родилась в 1933 году.,0,нина симон родилась в 1933 году.,нина симон родилась в num году
Pirates of the Caribbean: Dead Men Tell No Tales изначально планировалось выпустить в 2015 году.,0,pirates of the caribbean: dead men tell no tales изначально планировалось выпустить в 2015 году.,pirates of the caribbean dead men tell no tales изначально планировалось выпустить в num году
Премьера состоялась в 1935 году.,0,премьера состоялась в 1935 году.,премьера состоялась в num году
Гвен Стефани продала более 30 миллионов альбомов по всему миру.,0,гвен стефани продала более 30 миллионов альбомов по всему миру.,гвен стефани продала более num миллионов альбомов по всему миру
Премьера состоялась 17 марта 2015 года.,0,премьера состоялась 17 марта 2015 года.,премьера состоялась num марта num года
Всемирная штаб-квартира «Армадильо» была закрыта в 1980 году.,0,всемирная штаб-квартира «армадильо» была закрыта в 1980 году.,всемирная штаб квартира армадильо была закрыта в num году
Сингапур стал полностью независимым в 1965 году.,0,сингапур стал полностью независимым в 1965 году.,сингапур стал полностью независимым в num году
Дом мисс Перегрин для детей-пекулиаров — фильм 2011 года.,2,дом мисс перегрин для детей-пекулиаров — фильм 2011 года.,дом мисс перегрин для детей пекулиаров фильм num года
Кэти Прайс и Алекс Рид были женаты с 2010 по 2016 год.,2,кэти прайс и алекс рид были женаты с 2010 по 2016 год.,кэти прайс и алекс рид были женаты с num по num год
Г-н Солнышко вышел в эфир в 1999 году.,2,г-н солнышко вышел в эфир в 1999 году.,г н солнышко вышел в эфир в num году
Нежная Мерси - это фильм 1983 года.,0,нежная мерси - это фильм 1983 года.,нежная мерси это фильм num года
Сид Барретт умер в 2006 году.,0,сид барретт умер в 2006 году.,сид барретт умер в num году
Рон Перлман родился в 1950 году.,0,рон перлман родился в 1950 году.,рон перлман родился в num году
Роуп был выпущен в 1948 году.,0,роуп был выпущен в 1948 году.,роуп был выпущен в num году
Уорд Мур родился в 1904 году.,2,уорд мур родился в 1904 году.,уорд мур родился в num году
Дензель Вашингтон родился 9 декабря 1955 года.,2,дензель вашингтон родился 9 декабря 1955 года.,дензель вашингтон родился num декабря num года
Межзвездная премьера состоялась в 2014 году.,0,межзвездная премьера состоялась в 2014 году.,межзвездная премьера состоялась в num году
24 — американский фильм.,2,24 — американский фильм.,num американский фильм
Джозеф Сталин родился до 1917 года.,0,джозеф сталин родился до 1917 года.,джозеф сталин родился до num года
В 2001 году премьера состоялась в США.,2,в 2001 году премьера состоялась в сша.,в num году премьера состоялась в сша
Эдвард I из Англии подавил мятеж в 1276 году.,0,эдвард i из англии подавил мятеж в 1276 году.,эдвард i из англии подавил мятеж в num году
Тирез Гибсон родился 30 декабря 1978 года.,0,тирез гибсон родился 30 декабря 1978 года.,тирез гибсон родился num декабря num года
Мировая война началась в 2006 году.,2,мировая война началась в 2006 году.,мировая война началась в num году
Южный парк существует по крайней мере с 2000 года.,2,южный парк существует по крайней мере с 2000 года.,южный парк существует по крайней мере с num года
Джордж Р.Р. Мартин родился в 1944 году.,2,джордж р.р. мартин родился в 1944 году.,джордж р р мартин родился в num году
"Лед Зеппелин был назван « столь влиятельным» в 1970-х годах, как Beatles в 1960-х.",0,"лед зеппелин был назван « столь влиятельным» в 1970-х годах, как beatles в 1960-х.",лед зеппелин был назван столь влиятельным в num х годах как beatles в num х
"Население США составляет 3,8 миллиона человек.",2,"население сша составляет 3,8 миллиона человек.",население сша составляет num миллиона человек
"Тина Тернер выпустила ""Иностранную аферу"" в 1999 году.",2,"тина тернер выпустила ""иностранную аферу"" в 1999 году.",тина тернер выпустила иностранную аферу в num году
Джеймс Марсден появился в фильме 1928 года.,2,джеймс марсден появился в фильме 1928 года.,джеймс марсден появился в фильме num года
"Как вы любите, он был выпущен в 2003 году.",2,"как вы любите, он был выпущен в 2003 году.",как вы любите он был выпущен в num году
Род Лавер родился в 1962 году.,2,род лавер родился в 1962 году.,род лавер родился в num году
Burnaby был зарегистрирован в 1892 году.,0,burnaby был зарегистрирован в 1892 году.,burnaby был зарегистрирован в num году
Уильям МакКинли родился в 1846 году.,2,уильям маккинли родился в 1846 году.,уильям маккинли родился в num году
Journey выпустила альбом в 1978 году.,0,journey выпустила альбом в 1978 году.,journey выпустила альбом в num году
Старбакс был основан в 1974 году.,2,старбакс был основан в 1974 году.,старбакс был основан в num году
Джет Ли родился в 1943 году.,2,джет ли родился в 1943 году.,джет ли родился в num году
Билли Джоэл выпустил Реку Мечт в 1993 году.,0,билли джоэл выпустил реку мечт в 1993 году.,билли джоэл выпустил реку мечт в num году
Чарльз Диккенс умер в 1870 году.,0,чарльз диккенс умер в 1870 году.,чарльз диккенс умер в num году
Крис Ву родился в 2010 году.,2,крис ву родился в 2010 году.,крис ву родился в num году
Умер 12 апреля 1980 года.,0,умер 12 апреля 1980 года.,умер num апреля num года
Paper Moon () — американский фильм 1973 года.,0,paper moon () — американский фильм 1973 года.,paper moon американский фильм num года
Мишель Уильямс дебютировала в 1994 году.,0,мишель уильямс дебютировала в 1994 году.,мишель уильямс дебютировала в num году
"Население Нью-Йорка составляет 19,8 млн. человек.",0,"население нью-йорка составляет 19,8 млн. человек.",население нью йорка составляет num млн человек
"Население Нью-Йорка составляет 21,8 млн. человек.",2,"население нью-йорка составляет 21,8 млн. человек.",население нью йорка составляет num млн человек
Красота и Зверь были выпущены в 2008 году.,2,красота и зверь были выпущены в 2008 году.,красота и зверь были выпущены в num году
«Опасные связи» — американский фильм 1998 года.,2,«опасные связи» — американский фильм 1998 года.,опасные связи американский фильм num года
Маккензи Фой снимался в The Twearlight Saga: Breaking Dawn -- Part 1.,2,маккензи фой снимался в the twearlight saga: breaking dawn -- part 1.,маккензи фой снимался в the twearlight saga breaking dawn part num
В 1995 году у Линды Маккартни был диагностирован рак груди.,0,в 1995 году у линды маккартни был диагностирован рак груди.,в num году у линды маккартни был диагностирован рак груди
Билл Гейтс родился в 1955 году.,0,билл гейтс родился в 1955 году.,билл гейтс родился в num году
Шон Комбс выпустил альбом Forever в 1999 году.,0,шон комбс выпустил альбом forever в 1999 году.,шон комбс выпустил альбом forever в num году
Абрахам Линкольн начал свое президентство в 1865 году.,2,абрахам линкольн начал свое президентство в 1865 году.,абрахам линкольн начал свое президентство в num году
Абрахам Линкольн начал свое президентство в 1861 году.,0,абрахам линкольн начал свое президентство в 1861 году.,абрахам линкольн начал свое президентство в num году
Пятый студийный альбом Гориллаза был выпущен в 2017 году.,0,пятый студийный альбом гориллаза был выпущен в 2017 году.,пятый студийный альбом гориллаза был выпущен в num году
Запуск STS-96 состоялся в 6:50 утра.,2,запуск sts-96 состоялся в 6:50 утра.,запуск sts num состоялся в num num утра
Флойд Мэйвезер-младший родился 14 февраля 1977 года.,2,флойд мэйвезер-младший родился 14 февраля 1977 года.,флойд мэйвезер младший родился num февраля num года
Мао Цзэдун умер в 1976 году.,0,мао цзэдун умер в 1976 году.,мао цзэдун умер в num году
Мукеш Амбани родился 30 апреля.,2,мукеш амбани родился 30 апреля.,мукеш амбани родился num апреля
Летнее время (песня Джорджа Гершвина) была составлена в 1987 году для оперы.,2,летнее время (песня джорджа гершвина) была составлена в 1987 году для оперы.,летнее время песня джорджа гершвина была составлена в num году для оперы
В 2016 году Непал занял 100-е место по индексу развития человеческого потенциала.,2,в 2016 году непал занял 100-е место по индексу развития человеческого потенциала.,в num году непал занял num е место по индексу развития человеческого потенциала
Побег с планеты Земля — фильм 2013 года.,0,побег с планеты земля — фильм 2013 года.,побег с планеты земля фильм num года
Совет по иностранным делам был основан в 1921 году.,0,совет по иностранным делам был основан в 1921 году.,совет по иностранным делам был основан в num году
Пол Ньюман умер 26 сентября 2008 года.,0,пол ньюман умер 26 сентября 2008 года.,пол ньюман умер num сентября num года
Ли Чайлд родился в 1984 году.,2,ли чайлд родился в 1984 году.,ли чайлд родился в num году
Dead Man Down был выпущен в 2014 году.,2,dead man down был выпущен в 2014 году.,dead man down был выпущен в num году
Престиж был опубликован в 1998 году.,2,престиж был опубликован в 1998 году.,престиж был опубликован в num году
Роналдо Макзински родился в 1960 году.,2,роналдо макзински родился в 1960 году.,роналдо макзински родился в num году
Вторая мировая война состоялась с 1939 по 1945 год.,0,вторая мировая война состоялась с 1939 по 1945 год.,вторая мировая война состоялась с num по num год
Нев Кэмпбелл родился 3 октября 1974 года.,2,нев кэмпбелл родился 3 октября 1974 года.,нев кэмпбелл родился num октября num года
Америго Веспуччи умер 26 февраля 1512 года.,2,америго веспуччи умер 26 февраля 1512 года.,америго веспуччи умер num февраля num года
Агентство по охране окружающей среды США приступило к работе 12 декабря 1972 года.,2,агентство по охране окружающей среды сша приступило к работе 12 декабря 1972 года.,агентство по охране окружающей среды сша приступило к работе num декабря num года
Премьера состоялась в 1995 году.,0,премьера состоялась в 1995 году.,премьера состоялась в num году
Орлы были активны в 1960 году.,2,орлы были активны в 1960 году.,орлы были активны в num году
Пассажиры были выпущены в 2011 году.,2,пассажиры были выпущены в 2011 году.,пассажиры были выпущены в num году
Лед Зеппелин был введён в Зал славы Рок и Ролл в 1985 году.,2,лед зеппелин был введен в зал славы рок и ролл в 1985 году.,лед зеппелин был введен в зал славы рок и ролл в num году
Джанкарло Стэнтон участвовал в проекте MLB 2007 года.,0,джанкарло стэнтон участвовал в проекте mlb 2007 года.,джанкарло стэнтон участвовал в проекте mlb num года
Мисс Солнышко была снята в 2000 году.,2,мисс солнышко была снята в 2000 году.,мисс солнышко была снята в num году
"Население Соединенных Штатов составляет лишь 4,3 % от общемирового населения.",0,"население соединенных штатов составляет лишь 4,3 % от общемирового населения.",население соединенных штатов составляет лишь num от общемирового населения
Том Фелтон родился в 1987 году.,0,том фелтон родился в 1987 году.,том фелтон родился в num году
Организация Объединенных Наций была учреждена 25-го числа.,2,организация объединенных наций была учреждена 25-го числа.,организация объединенных наций была учреждена num го числа
Премьера состоялась 3 января 2013 года.,2,премьера состоялась 3 января 2013 года.,премьера состоялась num января num года
"25 было выпущено через звукозаписывающий лейбл, основанный в 1782 году.",2,"25 было выпущено через звукозаписывающий лейбл, основанный в 1782 году.",num было выпущено через звукозаписывающий лейбл основанный в num году
Джон Сена начал свою профессиональную карьеру в борьбе в 1999 году.,0,джон сена начал свою профессиональную карьеру в борьбе в 1999 году.,джон сена начал свою профессиональную карьеру в борьбе в num году
"Все мои дети были созданы американцем, родившимся в 1922 году.",0,"все мои дети были созданы американцем, родившимся в 1922 году.",все мои дети были созданы американцем родившимся в num году
Рон Перлман родился в 1945 году.,2,рон перлман родился в 1945 году.,рон перлман родился в num году
Маргарет Браун родилась в 1868 году.,2,маргарет браун родилась в 1868 году.,маргарет браун родилась в num году
Мир дебютировал 16 апреля 1956 года.,2,мир дебютировал 16 апреля 1956 года.,мир дебютировал num апреля num года
Цзинь Тянь родилась в 1958 году.,2,цзинь тянь родилась в 1958 году.,цзинь тянь родилась в num году
Рэнди Ортон родился в 1980 году.,0,рэнди ортон родился в 1980 году.,рэнди ортон родился в num году
Google был основан в 1988 году.,2,google был основан в 1988 году.,google был основан в num году
Ричард Никсон переехал в Вашингтон в 1942 году.,0,ричард никсон переехал в вашингтон в 1942 году.,ричард никсон переехал в вашингтон в num году
Мария Шарапова была миром No 1 в 18.,0,мария шарапова была миром no 1 в 18.,мария шарапова была миром no num в num
"Cugar Town — американский телевизионный ситком, который закончился в 2016 году.",2,"cugar town — американский телевизионный ситком, который закончился в 2016 году.",cugar town американский телевизионный ситком который закончился в num году
Алан Рикман родился в 1946 году.,0,алан рикман родился в 1946 году.,алан рикман родился в num году
Номер формы Джеки Робинсон был 42.,0,номер формы джеки робинсон был 42.,номер формы джеки робинсон был num
Вьетнамская война началась в 1945 году.,2,вьетнамская война началась в 1945 году.,вьетнамская война началась в num году
UFC 216 состоится в 2017 году.,0,ufc 216 состоится в 2017 году.,ufc num состоится в num году
Дулеп Сингх умер в 1893 году.,0,дулеп сингх умер в 1893 году.,дулеп сингх умер в num году
Пилот Хора транслировался в 2009 году.,0,пилот хора транслировался в 2009 году.,пилот хора транслировался в num году
Кольм Форе родился в 1958 году.,0,кольм форе родился в 1958 году.,кольм форе родился в num году
Эмма Робертс родилась в 1991 году.,0,эмма робертс родилась в 1991 году.,эмма робертс родилась в num году
Современная семья началась 23 сентября 2009 года.,0,современная семья началась 23 сентября 2009 года.,современная семья началась num сентября num года
Аль Гор стал вице-президентом в 1993 году.,0,аль гор стал вице-президентом в 1993 году.,аль гор стал вице президентом в num году
Шон Комбс выпустил альбом Forever в 2004 году.,2,шон комбс выпустил альбом forever в 2004 году.,шон комбс выпустил альбом forever в num году
Сигмунд Фрейд начал свою клиническую практику в 1886 году.,0,сигмунд фрейд начал свою клиническую практику в 1886 году.,сигмунд фрейд начал свою клиническую практику в num году
Arsenic and Old Lace были выпущены в 1964 году.,2,arsenic and old lace были выпущены в 1964 году.,arsenic and old lace были выпущены в num году
Житель Зла 7: Биооопасность продала более 7 миллионов копий.,2,житель зла 7: биооопасность продала более 7 миллионов копий.,житель зла num биооопасность продала более num миллионов копий
Род Айленд ратифицировал статьи Конфедерации в 1774 году.,2,род айленд ратифицировал статьи конфедерации в 1774 году.,род айленд ратифицировал статьи конфедерации в num году
Джо Байден стал вице-президентом в 2009 году.,0,джо байден стал вице-президентом в 2009 году.,джо байден стал вице президентом в num году
Пол Ньюман умер 6 сентября 2008 года.,2,пол ньюман умер 6 сентября 2008 года.,пол ньюман умер num сентября num года
Львиный король был выпущен в 1876 году.,2,львиный король был выпущен в 1876 году.,львиный король был выпущен в num году
Красные — это фильм 1981 года.,0,красные — это фильм 1981 года.,красные это фильм num года
Прусская академия наук была создана в 1838 году.,2,прусская академия наук была создана в 1838 году.,прусская академия наук была создана в num году
В 2000 году население Пенсильвании составляло 10 человек.,0,в 2000 году население пенсильвании составляло 10 человек.,в num году население пенсильвании составляло num человек
Даг Дюси продал компанию в 2007 году.,0,даг дюси продал компанию в 2007 году.,даг дюси продал компанию в num году
Ли Мин Хо родилась 22 июня 1957 года.,2,ли мин хо родилась 22 июня 1957 года.,ли мин хо родилась num июня num года
Hitman — фильм 2010 года.,2,hitman — фильм 2010 года.,hitman фильм num года
Комната была выпущена в 2015 году.,0,комната была выпущена в 2015 году.,комната была выпущена в num году
Суринам стал независимым государством в 1975 году.,0,суринам стал независимым государством в 1975 году.,суринам стал независимым государством в num году
Главная фотография фильма Split (2016) началась 11 ноября 2015 года.,0,главная фотография фильма split (2016) началась 11 ноября 2015 года.,главная фотография фильма split num началась num ноября num года
Майк Тайсон ушел из профессионального боксинга в 2006 году.,0,майк тайсон ушел из профессионального боксинга в 2006 году.,майк тайсон ушел из профессионального боксинга в num году
На странных тидах роман 1987 года.,0,на странных тидах роман 1987 года.,на странных тидах роман num года
Луиза Симонсон родилась 16 сентября 1946 года.,2,луиза симонсон родилась 16 сентября 1946 года.,луиза симонсон родилась num сентября num года
Мэтт Смит начал играть в 2009 году.,2,мэтт смит начал играть в 2009 году.,мэтт смит начал играть в num году
Основана в 1979 году.,2,основана в 1979 году.,основана в num году
Тревор Бербик умер 29 октября 2006 года.,2,тревор бербик умер 29 октября 2006 года.,тревор бербик умер num октября num года
Брэндон Ли умер в 1993 году.,0,брэндон ли умер в 1993 году.,брэндон ли умер в num году
SpaceX начал сбор средств в частном секторе в 2012 году.,2,spacex начал сбор средств в частном секторе в 2012 году.,spacex начал сбор средств в частном секторе в num году
"В 2010 году был выпущен саундтрек ""Tropic Thunder"".",2,"в 2010 году был выпущен саундтрек ""tropic thunder"".",в num году был выпущен саундтрек tropic thunder
Одинокий голубь (мини-сериал) получил семь побед на Премии Эмми 1980 года.,2,одинокий голубь (мини-сериал) получил семь побед на премии эмми 1980 года.,одинокий голубь мини сериал получил семь побед на премии эмми num года
Лана Дель Рей выпустила свой третий студийный альбом в 2016 году.,2,лана дель рей выпустила свой третий студийный альбом в 2016 году.,лана дель рей выпустила свой третий студийный альбом в num году
Джозеф Фенн родился в 1971 году.,2,джозеф фенн родился в 1971 году.,джозеф фенн родился в num году
Темная половина — фильм 1983 года.,2,темная половина — фильм 1983 года.,темная половина фильм num года
Уильям МакКинли был президентом США с 1 марта 1897 года до своей смерти.,2,уильям маккинли был президентом сша с 1 марта 1897 года до своей смерти.,уильям маккинли был президентом сша с num марта num года до своей смерти
Тони Билл дебютировал в 1926 году.,2,тони билл дебютировал в 1926 году.,тони билл дебютировал в num году
Мама - это фильм 1994 года.,2,мама - это фильм 1994 года.,мама это фильм num года
Августо Пиночета родился в 1915 году.,0,августо пиночета родился в 1915 году.,августо пиночета родился в num году
Кристина Эпплгейт была в The Big Hit в 2010 году.,2,кристина эпплгейт была в the big hit в 2010 году.,кристина эпплгейт была в the big hit в num году
Пенни Ужасная премьера состоялась 11 мая.,0,пенни ужасная премьера состоялась 11 мая.,пенни ужасная премьера состоялась num мая
Райан О'Нил родился в 1941 году.,0,райан о'нил родился в 1941 году.,райан о нил родился в num году
Джерард Ли родился в 1951 году.,0,джерард ли родился в 1951 году.,джерард ли родился в num году
Эухенио Канфари родился в 1877 году.,0,эухенио канфари родился в 1877 году.,эухенио канфари родился в num году
Декларация независимости была принята 4 июля 1776 года в США.,0,декларация независимости была принята 4 июля 1776 года в сша.,декларация независимости была принята num июля num года в сша
Макбет был показан на Каннском кинофестивале в 1973 году.,2,макбет был показан на каннском кинофестивале в 1973 году.,макбет был показан на каннском кинофестивале в num году
Дж. Дж. Кейл умер 26 июля 2003 года.,2,дж. дж. кейл умер 26 июля 2003 года.,дж дж кейл умер num июля num года
Чёрная суббота распалась в 2017 году.,0,черная суббота распалась в 2017 году.,черная суббота распалась в num году
Фабиан Канселара родился 13 марта 1981 года.,2,фабиан канселара родился 13 марта 1981 года.,фабиан канселара родился num марта num года
In Some Deep () — кинофильм о преступлениях 1997 года.,2,in some deep () — кинофильм о преступлениях 1997 года.,in some deep кинофильм о преступлениях num года
XXx: Возвращение Ксандера Кейджа () — фильм 2017 года.,0,xxx: возвращение ксандера кейджа () — фильм 2017 года.,xxx возвращение ксандера кейджа фильм num года
Снуп Догг родился в 50-х.,2,снуп догг родился в 50-х.,снуп догг родился в num х
Бал Гангадхар Тилак умер в 1845 году.,2,бал гангадхар тилак умер в 1845 году.,бал гангадхар тилак умер в num году
Малыш Рут потерял свою жизнь в 1948 году.,0,малыш рут потерял свою жизнь в 1948 году.,малыш рут потерял свою жизнь в num году
Бал Гангадхар Тилак родился 23 июля 1756 года.,2,бал гангадхар тилак родился 23 июля 1756 года.,бал гангадхар тилак родился num июля num года
Год рождения Кэти Стивенс был 1982.,2,год рождения кэти стивенс был 1982.,год рождения кэти стивенс был num
Роальд Даль был включен в список 16-го величайшего британского писателя с 1945 года.,0,роальд даль был включен в список 16-го величайшего британского писателя с 1945 года.,роальд даль был включен в список num го величайшего британского писателя с num года
Уайти Балгер был найден причастным к 0 убийствам.,2,уайти балгер был найден причастным к 0 убийствам.,уайти балгер был найден причастным к num убийствам
В 2016 году Непал занял 144-е место по индексу развития человеческого потенциала.,0,в 2016 году непал занял 144-е место по индексу развития человеческого потенциала.,в num году непал занял num е место по индексу развития человеческого потенциала
Летнее время (песня Джорджа Гершвина) была составлена в 1934 году для оперы.,0,летнее время (песня джорджа гершвина) была составлена в 1934 году для оперы.,летнее время песня джорджа гершвина была составлена в num году для оперы
"Голодные игры, открывавшиеся в выходные, составили 152,5 млн. долл. США.",0,"голодные игры, открывавшиеся в выходные, составили 152,5 млн. долл. сша.",голодные игры открывавшиеся в выходные составили num млн долл сша
Стеффи Граф родился в 1979 году.,2,стеффи граф родился в 1979 году.,стеффи граф родился в num году
Меган Фокс начала свою актерскую карьеру в 1934 году.,2,меган фокс начала свою актерскую карьеру в 1934 году.,меган фокс начала свою актерскую карьеру в num году
Бриджит Макрон родилась 13 апреля.,0,бриджит макрон родилась 13 апреля.,бриджит макрон родилась num апреля
Кхаль Дрого был представлен в 1796 году.,2,кхаль дрого был представлен в 1796 году.,кхаль дрого был представлен в num году
Джим Кэрри появился в Kick-Ass 2 в 2013 году.,0,джим кэрри появился в kick-ass 2 в 2013 году.,джим кэрри появился в kick ass num в num году
VHS был разработан в 1980-х годах.,2,vhs был разработан в 1980-х годах.,vhs был разработан в num х годах
Эрик фон Манштейн умер 5 июня 1973 года.,2,эрик фон манштейн умер 5 июня 1973 года.,эрик фон манштейн умер num июня num года
Декларация независимости была принята 4 июля 1775 года в США.,2,декларация независимости была принята 4 июля 1775 года в сша.,декларация независимости была принята num июля num года в сша
"Are You Experied — альбом группы, образованный в 1978 году.",2,"are you experied — альбом группы, образованный в 1978 году.",are you experied альбом группы образованный в num году
Шах Рух Хан дебютировал в Болливуде в 1942 году.,2,шах рух хан дебютировал в болливуде в 1942 году.,шах рух хан дебютировал в болливуде в num году
Уоррен Г. Хардинг родился в 1906 году.,2,уоррен г. хардинг родился в 1906 году.,уоррен г хардинг родился в num году
Джастиниан Я управлял Византийской империей с 524 до 565.,2,джастиниан я управлял византийской империей с 524 до 565.,джастиниан я управлял византийской империей с num до num
Софи Тернер родилась в 1997 году.,2,софи тернер родилась в 1997 году.,софи тернер родилась в num году
Темная половина — фильм 1993 года.,0,темная половина — фильм 1993 года.,темная половина фильм num года
"Отец Фреда Трампа умер, когда ему было 13.",0,"отец фреда трампа умер, когда ему было 13.",отец фреда трампа умер когда ему было num
Фильм Канганы Ранаут дебютировал в 2001 году.,2,фильм канганы ранаут дебютировал в 2001 году.,фильм канганы ранаут дебютировал в num году
Кэрол Лейфер родилась в 1957 году.,2,кэрол лейфер родилась в 1957 году.,кэрол лейфер родилась в num году
Journey выпустила альбом в 1946 году.,2,journey выпустила альбом в 1946 году.,journey выпустила альбом в num году
Барнаби получил статус города в 1992 году.,0,барнаби получил статус города в 1992 году.,барнаби получил статус города в num году
Тамара Тейлор родилась в 1974 году.,2,тамара тейлор родилась в 1974 году.,тамара тейлор родилась в num году
Дензель Вашингтон родился 28 декабря 1954 года.,0,дензель вашингтон родился 28 декабря 1954 года.,дензель вашингтон родился num декабря num года
Матрица была выпущена в 1999 году.,0,матрица была выпущена в 1999 году.,матрица была выпущена в num году
"Gendry впервые появился в 1800 году в ""Игре престолов"".",2,"gendry впервые появился в 1800 году в ""игре престолов"".",gendry впервые появился в num году в игре престолов
Стэнли Туччи родился в 1930-х годах.,2,стэнли туччи родился в 1930-х годах.,стэнли туччи родился в num х годах
Вторая Пуничная война закончилась в 451 году до н. э.,2,вторая пуничная война закончилась в 451 году до н. э.,вторая пуничная война закончилась в num году до н э
Либерия объявила о своей независимости 5 июля 1847 года.,2,либерия объявила о своей независимости 5 июля 1847 года.,либерия объявила о своей независимости num июля num года
Paper Moon () — американский фильм 1974 года.,2,paper moon () — американский фильм 1974 года.,paper moon американский фильм num года
Тимоти Олифант родился в 1968 году.,0,тимоти олифант родился в 1968 году.,тимоти олифант родился в num году
Шестое расширение World of Warcraft было выпущено 30-го числа.,0,шестое расширение world of warcraft было выпущено 30-го числа.,шестое расширение world of warcraft было выпущено num го числа
Рональд Рейган покинул свой пост в 1999 году.,2,рональд рейган покинул свой пост в 1999 году.,рональд рейган покинул свой пост в num году
Рейчел МакАдамс была в идеальном пироге.,2,рейчел макадамс была в идеальном пироге.,рейчел макадамс была в идеальном пироге
Джоан Кроуфорд родилась 23 марта 1994 года.,2,джоан кроуфорд родилась 23 марта 1994 года.,джоан кроуфорд родилась num марта num года
Ужасные боссы были созданы в 2011 году.,0,ужасные боссы были созданы в 2011 году.,ужасные боссы были созданы в num году
Жена Ричарда Никсона умерла 22 июня.,0,жена ричарда никсона умерла 22 июня.,жена ричарда никсона умерла num июня
Уайти Балгер был осужден в 2013 году.,0,уайти балгер был осужден в 2013 году.,уайти балгер был осужден в num году
Пабло Эскобар был застрелен в 1983 году.,2,пабло эскобар был застрелен в 1983 году.,пабло эскобар был застрелен в num году
В 2016 году премьера первого сезона легиона состоялась в Тихоокеанском конструкторском центре.,2,в 2016 году премьера первого сезона легиона состоялась в тихоокеанском конструкторском центре.,в num году премьера первого сезона легиона состоялась в тихоокеанском конструкторском центре
K2 — 5000 метров над уровнем моря.,2,k2 — 5000 метров над уровнем моря.,k num num метров над уровнем моря
Фурия с 1999 года.,0,фурия с 1999 года.,фурия с num года
"Гарри Стайлз и его товарищи по группе выпустили альбом ""Up All Night"".",2,"гарри стайлз и его товарищи по группе выпустили альбом ""up all night"".",гарри стайлз и его товарищи по группе выпустили альбом up all night
Незнакомец по сравнению с Fiction был выпущен в 2009 году.,2,незнакомец по сравнению с fiction был выпущен в 2009 году.,незнакомец по сравнению с fiction был выпущен в num году
Премьера Дневников вампира состоялась 18 сентября 2009 года.,2,премьера дневников вампира состоялась 18 сентября 2009 года.,премьера дневников вампира состоялась num сентября num года
"Грегор Клеган был представлен в 1999 году в ""Игре престолов"".",2,"грегор клеган был представлен в 1999 году в ""игре престолов"".",грегор клеган был представлен в num году в игре престолов
Элвис Пресли вернулся на сцену в 1968 году.,0,элвис пресли вернулся на сцену в 1968 году.,элвис пресли вернулся на сцену в num году
Чарльз; принц Уэльский основал Фонд Принца в 1986 году.,2,чарльз; принц уэльский основал фонд принца в 1986 году.,чарльз принц уэльский основал фонд принца в num году
Алиа Бхэтт родилась 15 марта 1993 года.,0,алиа бхэтт родилась 15 марта 1993 года.,алиа бхэтт родилась num марта num года
Trolls (Soundtrack) был выпущен в сентябре 2017 года.,2,trolls (soundtrack) был выпущен в сентябре 2017 года.,trolls soundtrack был выпущен в сентябре num года
Герд фон Рундстедт умер 24 февраля 1953 года.,0,герд фон рундстедт умер 24 февраля 1953 года.,герд фон рундстедт умер num февраля num года
"Зеленая Стрела — персонаж комиксов, впервые появившийся в 1939 году.",2,"зеленая стрела — персонаж комиксов, впервые появившийся в 1939 году.",зеленая стрела персонаж комиксов впервые появившийся в num году
Принцесса Агенты была выпущена в 2017 году.,0,принцесса агенты была выпущена в 2017 году.,принцесса агенты была выпущена в num году
Винни Харлоу родилась в 1994 году.,0,винни харлоу родилась в 1994 году.,винни харлоу родилась в num году
Князь Египта () — фильм 1999 года.,2,князь египта () — фильм 1999 года.,князь египта фильм num года
Род-Айленд отказался от своей верности Британской короне в 1776 году.,0,род-айленд отказался от своей верности британской короне в 1776 году.,род айленд отказался от своей верности британской короне в num году
Четвертый альбом Джастина Бибера вышел в 2015 году.,0,четвертый альбом джастина бибера вышел в 2015 году.,четвертый альбом джастина бибера вышел в num году
Генриетта Мария (Франция) умерла в возрасте 79 лет.,2,генриетта мария (франция) умерла в возрасте 79 лет.,генриетта мария франция умерла в возрасте num лет
Крис Террио родился в 1978 году.,2,крис террио родился в 1978 году.,крис террио родился в num году
Тупак Шакур был введён в Зал славы Рок и Ролл в 2016 году.,2,тупак шакур был введен в зал славы рок и ролл в 2016 году.,тупак шакур был введен в зал славы рок и ролл в num году
Жан-Мартин Чаркот умер в 1885 году.,2,жан-мартин чаркот умер в 1885 году.,жан мартин чаркот умер в num году
One Direction's Where We Are Tour был самым гадким концертным туром в 2016 году.,2,one direction's where we are tour был самым гадким концертным туром в 2016 году.,one direction s where we are tour был самым гадким концертным туром в num году
Билл Гейтс родился в 50-х.,0,билл гейтс родился в 50-х.,билл гейтс родился в num х
Айшварья Рай вышла замуж в 2007 году.,0,айшварья рай вышла замуж в 2007 году.,айшварья рай вышла замуж в num году
Дивергент был выпущен на Blu-ray 5 августа 2014 года.,0,дивергент был выпущен на blu-ray 5 августа 2014 года.,дивергент был выпущен на blu ray num августа num года
Австрия находилась под оккупацией до 1945 года.,2,австрия находилась под оккупацией до 1945 года.,австрия находилась под оккупацией до num года
Подземные и драконы впервые были опубликованы в 1974 году.,2,подземные и драконы впервые были опубликованы в 1974 году.,подземные и драконы впервые были опубликованы в num году
"В 2000-х годах было выпущено ""Уилл Бэ Блад"".",0,"в 2000-х годах было выпущено ""уилл бэ блад"".",в num х годах было выпущено уилл бэ блад
Alessia Cara выпустила свой дебютный сингл «Here» в 2017 году.,2,alessia cara выпустила свой дебютный сингл «here» в 2017 году.,alessia cara выпустила свой дебютный сингл here в num году
В 1995 году был создан Национальный совет по делам женщин.,0,в 1995 году был создан национальный совет по делам женщин.,в num году был создан национальный совет по делам женщин
Мать Тереза получила Нобелевскую премию мира 1980 года.,0,мать тереза получила нобелевскую премию мира 1980 года.,мать тереза получила нобелевскую премию мира num года
Мисс Солнышко была снята в 2005 году.,0,мисс солнышко была снята в 2005 году.,мисс солнышко была снята в num году
Билли Клэнтон родился в 1862 году.,0,билли клэнтон родился в 1862 году.,билли клэнтон родился в num году
Пол Уэсли родился в 1972 году.,2,пол уэсли родился в 1972 году.,пол уэсли родился в num году
Крис Хардвик начал принимать Министерство Смеха в 2013 году.,2,крис хардвик начал принимать министерство смеха в 2013 году.,крис хардвик начал принимать министерство смеха в num году
Work Bains была выпущена 31 августа в США.,2,work bains была выпущена 31 августа в сша.,work bains была выпущена num августа в сша
В 1957 году премьера «Красивых» и «Красивых» состоялась.,2,в 1957 году премьера «красивых» и «красивых» состоялась.,в num году премьера красивых и красивых состоялась
Айрис Мёрдок умерла в феврале 2010 года.,2,айрис мердок умерла в феврале 2010 года.,айрис мердок умерла в феврале num года
Грейсон Ченс родился в 1997 году.,0,грейсон ченс родился в 1997 году.,грейсон ченс родился в num году
"""Короли-самоубийцы"" — фильм, созданный в 1997 году.",0,"""короли-самоубийцы"" — фильм, созданный в 1997 году.",короли самоубийцы фильм созданный в num году
Мэтт Смит начал играть в 2006 году.,0,мэтт смит начал играть в 2006 году.,мэтт смит начал играть в num году
Бэтмен был в детективе Комиксе No13.,2,бэтмен был в детективе комиксе no13.,бэтмен был в детективе комиксе no num
Нил Шон родился 28-го.,2,нил шон родился 28-го.,нил шон родился num го
В 2015 году было создано двадцать один пилотный проект.,2,в 2015 году было создано двадцать один пилотный проект.,в num году было создано двадцать один пилотный проект
Население Соединенных Штатов составляет лишь 12% от общемирового населения.,2,население соединенных штатов составляет лишь 12% от общемирового населения.,население соединенных штатов составляет лишь num от общемирового населения
Стэнли Кубрик работал в 1870-х.,2,стэнли кубрик работал в 1870-х.,стэнли кубрик работал в num х
Hacksaw Ridge был выпущен 4 ноября 2016 года.,0,hacksaw ridge был выпущен 4 ноября 2016 года.,hacksaw ridge был выпущен num ноября num года
Изабелла из Франции умерла в 1360 году.,2,изабелла из франции умерла в 1360 году.,изабелла из франции умерла в num году
Алан Рикман умер в возрасте 69 лет.,0,алан рикман умер в возрасте 69 лет.,алан рикман умер в возрасте num лет
Сильвестр Сталлоне родился 30 июля.,2,сильвестр сталлоне родился 30 июля.,сильвестр сталлоне родился num июля
За свою карьеру Диана Росс получила в общей сложности 10 хитов.,2,за свою карьеру диана росс получила в общей сложности 10 хитов.,за свою карьеру диана росс получила в общей сложности num хитов
Становление Джейн началось в 2008 году.,2,становление джейн началось в 2008 году.,становление джейн началось в num году
Рамзан Кадыров родился в 1936 году.,2,рамзан кадыров родился в 1936 году.,рамзан кадыров родился в num году
В поколении Х есть годы рождения с 1970-х годов.,0,в поколении х есть годы рождения с 1970-х годов.,в поколении х есть годы рождения с num х годов
День памяти отмечался 4 мая 1868 — 1971 годов.,2,день памяти отмечался 4 мая 1868 — 1971 годов.,день памяти отмечался num мая num num годов
Уильям МакКинли умер в 1843 году.,2,уильям маккинли умер в 1843 году.,уильям маккинли умер в num году
Джозеф Сталин родился до 1770 года.,2,джозеф сталин родился до 1770 года.,джозеф сталин родился до num года
Джакомо Казанова родился в 1725 году.,0,джакомо казанова родился в 1725 году.,джакомо казанова родился в num году
Уолт Дисней умер в 1988 году.,2,уолт дисней умер в 1988 году.,уолт дисней умер в num году
Дж. Дж. Кейл умер 26 июля 2013 года.,0,дж. дж. кейл умер 26 июля 2013 года.,дж дж кейл умер num июля num года
"В 1753 году Словения стала первой ранее коммунистической страной, присоединившейся к еврозоне.",2,"в 1753 году словения стала первой ранее коммунистической страной, присоединившейся к еврозоне.",в num году словения стала первой ранее коммунистической страной присоединившейся к еврозоне
Алан Ладд родился в 1987 году.,2,алан ладд родился в 1987 году.,алан ладд родился в num году
Джасинда Барретт родилась в 1972 году.,0,джасинда барретт родилась в 1972 году.,джасинда барретт родилась в num году
Брюс Уиллис родился в 1955 году.,0,брюс уиллис родился в 1955 году.,брюс уиллис родился в num году
В Соединенных Штатах насчитывается более 300 миллионов человек.,0,в соединенных штатах насчитывается более 300 миллионов человек.,в соединенных штатах насчитывается более num миллионов человек
Члены Дафта Панка родились в 1970-х годах.,0,члены дафта панка родились в 1970-х годах.,члены дафта панка родились в num х годах
В 1774 году родился Чарльз Мари де Ла Кондамин.,2,в 1774 году родился чарльз мари де ла кондамин.,в num году родился чарльз мари де ла кондамин
Род Айленд ратифицировал статьи Конфедерации в 1778 году.,0,род айленд ратифицировал статьи конфедерации в 1778 году.,род айленд ратифицировал статьи конфедерации в num году
Тиффани Хван выпустила я просто хочу танцевать в 2016 году.,0,тиффани хван выпустила я просто хочу танцевать в 2016 году.,тиффани хван выпустила я просто хочу танцевать в num году
Гэри Риджвей убил людей в 1960-х и 1970-х годах.,2,гэри риджвей убил людей в 1960-х и 1970-х годах.,гэри риджвей убил людей в num х и num х годах
Майкл Китон родился в 1951 году.,0,майкл китон родился в 1951 году.,майкл китон родился в num году
Игра престолов завершится в 2020 году.,2,игра престолов завершится в 2020 году.,игра престолов завершится в num году
Сара Полсон была актёром в 2000-х.,0,сара полсон была актером в 2000-х.,сара полсон была актером в num х
Lego Movie был выпущен в 2014 году.,0,lego movie был выпущен в 2014 году.,lego movie был выпущен в num году
Майкл Джексон дебютировал в 1967 году.,2,майкл джексон дебютировал в 1967 году.,майкл джексон дебютировал в num году
Displicable Me был выпущен 9 июля 2010 года.,0,displicable me был выпущен 9 июля 2010 года.,displicable me был выпущен num июля num года
Все о Еве было номинировано на 17 наград Академии.,2,все о еве было номинировано на 17 наград академии.,все о еве было номинировано на num наград академии
Юбер Хамфри помог найти ДФЛ в 1944 году.,0,юбер хамфри помог найти дфл в 1944 году.,юбер хамфри помог найти дфл в num году
"""Suping Up with the Jones"" был выпущен в 2017 году.",2,"""suping up with the jones"" был выпущен в 2017 году.",suping up with the jones был выпущен в num году
Лупе Фиаско выпустил свой дебютный альбом в 2015 году.,2,лупе фиаско выпустил свой дебютный альбом в 2015 году.,лупе фиаско выпустил свой дебютный альбом в num году
Улисс С. Грант был 31-м президентом США.,2,улисс с. грант был 31-м президентом сша.,улисс с грант был num м президентом сша
Дата рождения Х.Х. Холмса была 8 мая 1861 года.,2,дата рождения х.х. холмса была 8 мая 1861 года.,дата рождения х х холмса была num мая num года
Рассел Бранд родился в 1978 году.,2,рассел бранд родился в 1978 году.,рассел бранд родился в num году
Марк Руффало родился в 1968 году.,2,марк руффало родился в 1968 году.,марк руффало родился в num году
Гнев Титанов был выпущен в 1999 году.,2,гнев титанов был выпущен в 1999 году.,гнев титанов был выпущен в num году
Нил де Грасс Тайсон написал эссе для журнала Natural History с 1995 по 2007 год.,2,нил де грасс тайсон написал эссе для журнала natural history с 1995 по 2007 год.,нил де грасс тайсон написал эссе для журнала natural history с num по num год
Премьера состоялась 13 декабря 2016 года.,2,премьера состоялась 13 декабря 2016 года.,премьера состоялась num декабря num года
Карл II из Англии родился 12 мая 1630 года.,2,карл ii из англии родился 12 мая 1630 года.,карл ii из англии родился num мая num года
Энн Ромни родилась 16 апреля 1949 года.,0,энн ромни родилась 16 апреля 1949 года.,энн ромни родилась num апреля num года
Премьера клуба состоялась в 2015 году.,2,премьера клуба состоялась в 2015 году.,премьера клуба состоялась в num году
Базз Олдрин родился в 1987 году.,2,базз олдрин родился в 1987 году.,базз олдрин родился в num году
RMS Titanic покинул Саутгемптон в 1912 году.,0,rms titanic покинул саутгемптон в 1912 году.,rms titanic покинул саутгемптон в num году
Современная семья началась 24 сентября 2009 года.,2,современная семья началась 24 сентября 2009 года.,современная семья началась num сентября num года
Лиза Мари Пресли родилась в 1968 году.,0,лиза мари пресли родилась в 1968 году.,лиза мари пресли родилась в num году
High Story — фильм 1960 года.,0,high story — фильм 1960 года.,high story фильм num года
Дэвид Джонс (разработчик видеоигр) основал Realtime Worlds в 1990 году.,2,дэвид джонс (разработчик видеоигр) основал realtime worlds в 1990 году.,дэвид джонс разработчик видеоигр основал realtime worlds в num году
Дэвид Тевлис родился 20 марта 1963 года.,0,дэвид тевлис родился 20 марта 1963 года.,дэвид тевлис родился num марта num года
Снуп Догг родился в 1971 году.,0,снуп догг родился в 1971 году.,снуп догг родился в num году
Джордж Кукор родился в 1879 году.,2,джордж кукор родился в 1879 году.,джордж кукор родился в num году
Фейт Эванс дебютировала в 1973 году.,2,фейт эванс дебютировала в 1973 году.,фейт эванс дебютировала в num году
Эллиза Перри родилась в 2000 году.,2,эллиза перри родилась в 2000 году.,эллиза перри родилась в num году
The Economic Times была впервые опубликована в 1961 году.,0,the economic times была впервые опубликована в 1961 году.,the economic times была впервые опубликована в num году
В 2000 году было создано двадцать один пилотный проект.,2,в 2000 году было создано двадцать один пилотный проект.,в num году было создано двадцать один пилотный проект
Агентство по охране окружающей среды США приступило к работе 2 декабря 1970 года.,0,агентство по охране окружающей среды сша приступило к работе 2 декабря 1970 года.,агентство по охране окружающей среды сша приступило к работе num декабря num года
Саддам Хусейн родился в 1870 году.,2,саддам хусейн родился в 1870 году.,саддам хусейн родился в num году
Led Zeppelin II был выпущен в США 22 октября 1969 года.,0,led zeppelin ii был выпущен в сша 22 октября 1969 года.,led zeppelin ii был выпущен в сша num октября num года
Кейдж Воины были созданы в 1973 году.,2,кейдж воины были созданы в 1973 году.,кейдж воины были созданы в num году
Марк Хэмилл родился в 1980 году.,2,марк хэмилл родился в 1980 году.,марк хэмилл родился в num году
Колумбия является одной из 17 стран с многообразной экономикой.,0,колумбия является одной из 17 стран с многообразной экономикой.,колумбия является одной из num стран с многообразной экономикой
Coke Boys Records был основан в 2008 году.,0,coke boys records был основан в 2008 году.,coke boys records был основан в num году
Роджер Мур родился в 1927 году и умер в 2016 году.,2,роджер мур родился в 1927 году и умер в 2016 году.,роджер мур родился в num году и умер в num году
Мир дебютировал 2 апреля 1956 года.,0,мир дебютировал 2 апреля 1956 года.,мир дебютировал num апреля num года
Приянка Чопра родилась в 1982 году.,0,приянка чопра родилась в 1982 году.,приянка чопра родилась в num году
Pan Am закончился в 2012 году.,0,pan am закончился в 2012 году.,pan am закончился в num году
Тэйлор Шиллинг дебютировала в 2007 году.,0,тэйлор шиллинг дебютировала в 2007 году.,тэйлор шиллинг дебютировала в num году
Джасинда Барретт родилась в 2000 году.,2,джасинда барретт родилась в 2000 году.,джасинда барретт родилась в num году
Ajab Prem Ki Gazab Kahani — фильм 2005 года.,2,ajab prem ki gazab kahani — фильм 2005 года.,ajab prem ki gazab kahani фильм num года
Человек-паук был выпущен в 2002 году.,0,человек-паук был выпущен в 2002 году.,человек паук был выпущен в num году
«Десять заповедей» (1956) — фильм 1959 года.,2,«десять заповедей» (1956) — фильм 1959 года.,десять заповедей num фильм num года
Стив Джобс умер в 2015 году.,2,стив джобс умер в 2015 году.,стив джобс умер в num году
«Планета обезьян» была выпущена в 1969 году.,2,«планета обезьян» была выпущена в 1969 году.,планета обезьян была выпущена в num году
Звёздные войны: Эпизод II – В 2012 году на Блу-рэе было совершено нападение Клонов.,2,звездные войны: эпизод ii – в 2012 году на блу-рэе было совершено нападение клонов.,звездные войны эпизод ii в num году на блу рэе было совершено нападение клонов
Гарри Стайлз и его товарищи по группе выпустили альбом Up All Night.,0,гарри стайлз и его товарищи по группе выпустили альбом up all night.,гарри стайлз и его товарищи по группе выпустили альбом up all night
"Dumb and Dumber — фильм, выпущенный в 1994 году.",0,"dumb and dumber — фильм, выпущенный в 1994 году.",dumb and dumber фильм выпущенный в num году
Дж. Коул родился в 1985 году.,0,дж. коул родился в 1985 году.,дж коул родился в num году
Линда Шуйлер родилась в 1948 году.,0,линда шуйлер родилась в 1948 году.,линда шуйлер родилась в num году
Уильям МакКинли родился в 1843 году.,0,уильям маккинли родился в 1843 году.,уильям маккинли родился в num году
Генриетта Мария из Франции родилась в 1609 году.,0,генриетта мария из франции родилась в 1609 году.,генриетта мария из франции родилась в num году
Аль Гор родился в 1958 году.,2,аль гор родился в 1958 году.,аль гор родился в num году
Оззи Осборн был уволен из Чёрной субботы в 1979 году.,0,оззи осборн был уволен из черной субботы в 1979 году.,оззи осборн был уволен из черной субботы в num году
Род Лавер родился в 1950 году.,2,род лавер родился в 1950 году.,род лавер родился в num году
Daft Punk выпустили свой первый альбом в 1997 году.,0,daft punk выпустили свой первый альбом в 1997 году.,daft punk выпустили свой первый альбом в num году
Фернандо Алонсо родился в 1972 году.,2,фернандо алонсо родился в 1972 году.,фернандо алонсо родился в num году
КФК оперировала в Канаде к середине 80-х годов.,2,кфк оперировала в канаде к середине 80-х годов.,кфк оперировала в канаде к середине num х годов
Опасная красота — фильм 1990 года.,2,опасная красота — фильм 1990 года.,опасная красота фильм num года
Патрик Уилсон родился в 1973 году.,0,патрик уилсон родился в 1973 году.,патрик уилсон родился в num году
One Direction выпустили свой альбом Midnight Memories в 2013 году.,0,one direction выпустили свой альбом midnight memories в 2013 году.,one direction выпустили свой альбом midnight memories в num году
"Дракула — роман, написанный человеком, который умер в 1910 году.",2,"дракула — роман, написанный человеком, который умер в 1910 году.",дракула роман написанный человеком который умер в num году
Дженнифер Грей родилась 27-го.,2,дженнифер грей родилась 27-го.,дженнифер грей родилась num го
Кааха Кааха с 2003 года.,0,кааха кааха с 2003 года.,кааха кааха с num года
Баахубали: Начало — индийский фильм 2005 года.,2,баахубали: начало — индийский фильм 2005 года.,баахубали начало индийский фильм num года
Ямайцы за справедливость были созданы в 1990 году.,2,ямайцы за справедливость были созданы в 1990 году.,ямайцы за справедливость были созданы в num году
В 1960 году было опубликовано издание &quot; Убийство пересмешника &quot; .,0,в 1960 году было опубликовано издание &quot; убийство пересмешника &quot; .,в num году было опубликовано издание quot убийство пересмешника quot
Милли Бобби Браун родилась 8 февраля.,2,милли бобби браун родилась 8 февраля.,милли бобби браун родилась num февраля
Трансформеры: Возраст вымирания был выпущен в 1777 году.,2,трансформеры: возраст вымирания был выпущен в 1777 году.,трансформеры возраст вымирания был выпущен в num году
Флаг Гадсдена был разработан в 1770 году.,2,флаг гадсдена был разработан в 1770 году.,флаг гадсдена был разработан в num году
Нападение на блок было выпущено в 1911 году.,2,нападение на блок было выпущено в 1911 году.,нападение на блок было выпущено в num году
"Интерес к четвёртым сериям Шерлока, как представляется, сократился примерно на 50 процентов.",2,"интерес к четвертым сериям шерлока, как представляется, сократился примерно на 50 процентов.",интерес к четвертым сериям шерлока как представляется сократился примерно на num процентов
The Weeknd выпустил свой третий студийный альбом в 2016 году.,0,the weeknd выпустил свой третий студийный альбом в 2016 году.,the weeknd выпустил свой третий студийный альбом в num году
Матрица была выпущена в 1989 году.,2,матрица была выпущена в 1989 году.,матрица была выпущена в num году
Пятый элемент был самым грациозным французским фильмом в международном боксе до 2001 года.,2,пятый элемент был самым грациозным французским фильмом в международном боксе до 2001 года.,пятый элемент был самым грациозным французским фильмом в международном боксе до num года
"Хэкзавский хребет собрал 175,6 млн. долларов.",2,"хэкзавский хребет собрал 175,6 млн. долларов.",хэкзавский хребет собрал num млн долларов
Lego Movie был выпущен в 2015 году.,2,lego movie был выпущен в 2015 году.,lego movie был выпущен в num году
Ронин — фильм 2001 года.,2,ронин — фильм 2001 года.,ронин фильм num года
Авраам Линкольн был убит в 1809 году.,2,авраам линкольн был убит в 1809 году.,авраам линкольн был убит в num году
Фрэнк Седгман родился в 1960 году.,2,фрэнк седгман родился в 1960 году.,фрэнк седгман родился в num году
Билли Джоэл выпустил Реку Мечт в 1775 году.,2,билли джоэл выпустил реку мечт в 1775 году.,билли джоэл выпустил реку мечт в num году
Hitman — фильм 2007 года.,0,hitman — фильм 2007 года.,hitman фильм num года
Джудит Барси родилась в 1978 году.,0,джудит барси родилась в 1978 году.,джудит барси родилась в num году
Лив Шрейбер родился в 1969 году.,2,лив шрейбер родился в 1969 году.,лив шрейбер родился в num году
Том Фелтон был в фильме в 2011 году.,0,том фелтон был в фильме в 2011 году.,том фелтон был в фильме в num году
Серия Симпсонов будет состоять из 22 эпизодов тридцатого сезона.,0,серия симпсонов будет состоять из 22 эпизодов тридцатого сезона.,серия симпсонов будет состоять из num эпизодов тридцатого сезона
Новак Джокович родился в 1987 году.,0,новак джокович родился в 1987 году.,новак джокович родился в num году
Dark Places был выпущен в 2016 году.,2,dark places был выпущен в 2016 году.,dark places был выпущен в num году
"Райан Дюсик — американец, родившийся в 1940-х годах.",2,"райан дюсик — американец, родившийся в 1940-х годах.",райан дюсик американец родившийся в num х годах
Дэвид Швиммер был показан как титульный персонаж в драме Дюэйн Хопвуд 2005 года.,0,дэвид швиммер был показан как титульный персонаж в драме дюэйн хопвуд 2005 года.,дэвид швиммер был показан как титульный персонаж в драме дюэйн хопвуд num года
Джеки Робинсон умерла в 1976 году.,2,джеки робинсон умерла в 1976 году.,джеки робинсон умерла в num году
Deadbool () — фильм 2016 года.,0,deadbool () — фильм 2016 года.,deadbool фильм num года
Колин Пауэлл был 67-м госсекретарем.,2,колин пауэлл был 67-м госсекретарем.,колин пауэлл был num м госсекретарем
Уильям МакКинли был президентом США с 4 марта 1887 года до своей смерти.,2,уильям маккинли был президентом сша с 4 марта 1887 года до своей смерти.,уильям маккинли был президентом сша с num марта num года до своей смерти
Рафаэль Надал выиграл 18 турниров ATP 500.,0,рафаэль надал выиграл 18 турниров atp 500.,рафаэль надал выиграл num турниров atp num
Sage Stallone родилась в 1976 году.,0,sage stallone родилась в 1976 году.,sage stallone родилась в num году
Синий район Тихого океана закончился в 1995 году.,2,синий район тихого океана закончился в 1995 году.,синий район тихого океана закончился в num году
Ли Майорс родился в 1959 году.,2,ли майорс родился в 1959 году.,ли майорс родился в num году
Arsenic and Old Lace были выпущены в 1944 году.,0,arsenic and old lace были выпущены в 1944 году.,arsenic and old lace были выпущены в num году
Основным соревнованием Boeing 737s является Airbus A530.,2,основным соревнованием boeing 737s является airbus a530.,основным соревнованием boeing num s является airbus a num
Элис - это переработка фильма 2017 года.,2,элис - это переработка фильма 2017 года.,элис это переработка фильма num года
Пятый элемент был составлен по бюджету в размере 96 млн. долл. США.,2,пятый элемент был составлен по бюджету в размере 96 млн. долл. сша.,пятый элемент был составлен по бюджету в размере num млн долл сша
Джеффри Дамер родился в 1970 году.,2,джеффри дамер родился в 1970 году.,джеффри дамер родился в num году
«Как быть» — независимый фильм 2010 года.,2,«как быть» — независимый фильм 2010 года.,как быть независимый фильм num года
Андерсон Сильва родился в 1976 году.,2,андерсон сильва родился в 1976 году.,андерсон сильва родился в num году
"""Человек из стали"" начал фотографировать в 1980 году.",2,"""человек из стали"" начал фотографировать в 1980 году.",человек из стали начал фотографировать в num году
Сиэтл - технологический центр с 1980-х годов.,0,сиэтл - технологический центр с 1980-х годов.,сиэтл технологический центр с num х годов
Фейт Эванс дебютировала в 2000 году.,0,фейт эванс дебютировала в 2000 году.,фейт эванс дебютировала в num году
Алан Рикман умер в 2016 году.,0,алан рикман умер в 2016 году.,алан рикман умер в num году
Шахид Капур дебютировал в 2003 году.,0,шахид капур дебютировал в 2003 году.,шахид капур дебютировал в num году
"Патриция Лиа ""Пэтти"" Дженкинс родилась в 1970 году.",2,"патриция лиа ""пэтти"" дженкинс родилась в 1970 году.",патриция лиа пэтти дженкинс родилась в num году
Орлы были активны в 1975 году.,0,орлы были активны в 1975 году.,орлы были активны в num году
Баахубали: Начало было выпущено в 2015 году.,0,баахубали: начало было выпущено в 2015 году.,баахубали начало было выпущено в num году
Луиза Симонсон родилась 26 сентября 1926 года.,2,луиза симонсон родилась 26 сентября 1926 года.,луиза симонсон родилась num сентября num года
Кристен Белл начала играть на Веронике Марс в 2004 году.,0,кристен белл начала играть на веронике марс в 2004 году.,кристен белл начала играть на веронике марс в num году
Грант Густин родился 14 января 1957 года.,2,грант густин родился 14 января 1957 года.,грант густин родился num января num года
Майкл Джексон умер в 2008 году.,2,майкл джексон умер в 2008 году.,майкл джексон умер в num году
Нина Симона умерла в 2003 году.,0,нина симона умерла в 2003 году.,нина симона умерла в num году
Фрэнк Синатра умер в 1997 году.,2,фрэнк синатра умер в 1997 году.,фрэнк синатра умер в num году
Агата Кристи умерла в 1976 году.,0,агата кристи умерла в 1976 году.,агата кристи умерла в num году
Кристофер Хивджу родился в 1978 году.,0,кристофер хивджу родился в 1978 году.,кристофер хивджу родился в num году
Тре Кул родился 9 декабря 1972 года.,0,тре кул родился 9 декабря 1972 года.,тре кул родился num декабря num года
«Иллюзист» () — фильм 2007 года.,2,«иллюзист» () — фильм 2007 года.,иллюзист фильм num года
Изабелла из Франции родилась в 1295 году.,0,изабелла из франции родилась в 1295 году.,изабелла из франции родилась в num году
Томми Чонг родился 23 мая 1938 года.,2,томми чонг родился 23 мая 1938 года.,томми чонг родился num мая num года
One Direction выпустили свой альбом Four в 2016 году.,2,one direction выпустили свой альбом four в 2016 году.,one direction выпустили свой альбом four в num году
Королева Виктория была жива в 1976 году.,2,королева виктория была жива в 1976 году.,королева виктория была жива в num году
Baahubali 2: Заключение — индийский фильм 2006 года.,2,baahubali 2: заключение — индийский фильм 2006 года.,baahubali num заключение индийский фильм num года
Чарли Шин родился 3 сентября 1965 года.,0,чарли шин родился 3 сентября 1965 года.,чарли шин родился num сентября num года
Граждане Соединенных Штатов имеют почти 40% общего богатства в мире.,0,граждане соединенных штатов имеют почти 40% общего богатства в мире.,граждане соединенных штатов имеют почти num общего богатства в мире
Тоби Магуайр начал свою карьеру в конце 1920-х годов.,2,тоби магуайр начал свою карьеру в конце 1920-х годов.,тоби магуайр начал свою карьеру в конце num х годов
"По оценкам Форбса, чистая стоимость доктора Дре в 2014 году составила 550 миллионов долларов.",0,"по оценкам форбса, чистая стоимость доктора дре в 2014 году составила 550 миллионов долларов.",по оценкам форбса чистая стоимость доктора дре в num году составила num миллионов долларов
Фрэнк Оушен родился 28 октября 1998 года.,2,фрэнк оушен родился 28 октября 1998 года.,фрэнк оушен родился num октября num года
Аль Гор стал вице-президентом в 1990 году.,2,аль гор стал вице-президентом в 1990 году.,аль гор стал вице президентом в num году
Ричард III из Англии умер в возрасте 64 лет.,2,ричард iii из англии умер в возрасте 64 лет.,ричард iii из англии умер в возрасте num лет
"В конгрессе Соединенных Штатов насчитывается 575 членов, имеющих право голоса.",2,"в конгрессе соединенных штатов насчитывается 575 членов, имеющих право голоса.",в конгрессе соединенных штатов насчитывается num членов имеющих право голоса
Оливер Рид был в фильме в 1986 году.,0,оливер рид был в фильме в 1986 году.,оливер рид был в фильме в num году
Члены Дафта Панка родились в 1980-х годах.,2,члены дафта панка родились в 1980-х годах.,члены дафта панка родились в num х годах
Мой собственный рядовой Айдахо был выпущен в 1990 году.,2,мой собственный рядовой айдахо был выпущен в 1990 году.,мой собственный рядовой айдахо был выпущен в num году
Джоуи Грейсффа родился в 1982 году.,2,джоуи грейсффа родился в 1982 году.,джоуи грейсффа родился в num году
Фрэнк Синатра выпустил свой дебютный альбом в 1986 году.,2,фрэнк синатра выпустил свой дебютный альбом в 1986 году.,фрэнк синатра выпустил свой дебютный альбом в num году
Ромилу Лукаку родился 8 мая 1995 года.,2,ромилу лукаку родился 8 мая 1995 года.,ромилу лукаку родился num мая num года
Премьера Щита состоялась в 1950 году.,2,премьера щита состоялась в 1950 году.,премьера щита состоялась в num году
Брэндон Ли умер в марте 1995 года.,2,брэндон ли умер в марте 1995 года.,брэндон ли умер в марте num года
30 Seconds to Mars были выпущены в 2004.,2,30 seconds to mars были выпущены в 2004.,num seconds to mars были выпущены в num
Род-Айленд отказался от своей верности Британской короне в 1779 году.,2,род-айленд отказался от своей верности британской короне в 1779 году.,род айленд отказался от своей верности британской короне в num году
Douglas Aircraft Company была основана в 1993 году.,2,douglas aircraft company была основана в 1993 году.,douglas aircraft company была основана в num году
Джоан Кроуфорд умерла 14 мая 1977 года.,2,джоан кроуфорд умерла 14 мая 1977 года.,джоан кроуфорд умерла num мая num года
В конгрессе Соединенных Штатов насчитывается 410 представителей.,2,в конгрессе соединенных штатов насчитывается 410 представителей.,в конгрессе соединенных штатов насчитывается num представителей
Мартина Хингис родилась в 2007 году.,2,мартина хингис родилась в 2007 году.,мартина хингис родилась в num году
Флойд Мэйвезер-младший участвовал в боксе с 1996 по 2015 год.,0,флойд мэйвезер-младший участвовал в боксе с 1996 по 2015 год.,флойд мэйвезер младший участвовал в боксе с num по num год
Дата рождения Х.Х. Холмса была 16 мая 1861 года.,0,дата рождения х.х. холмса была 16 мая 1861 года.,дата рождения х х холмса была num мая num года
Alive 2006/2007 — первый концертный тур Дафта Панка в качестве дуэта с 1997 года.,0,alive 2006/2007 — первый концертный тур дафта панка в качестве дуэта с 1997 года.,alive num num первый концертный тур дафта панка в качестве дуэта с num года
В 2005 году был выпущен альбом Her Soes.,0,в 2005 году был выпущен альбом her soes.,в num году был выпущен альбом her soes
Грейсон Ченс родился в 1990-х.,0,грейсон ченс родился в 1990-х.,грейсон ченс родился в num х
Лорен Бэколл умерла в возрасте 87 лет.,2,лорен бэколл умерла в возрасте 87 лет.,лорен бэколл умерла в возрасте num лет
В 2000 году был введен в действие режим деинвестирования из Южной Африки.,2,в 2000 году был введен в действие режим деинвестирования из южной африки.,в num году был введен в действие режим деинвестирования из южной африки
"Мистер ""Никто"" - это драматик.",2,"мистер ""никто"" - это драматик.",мистер никто это драматик
Нина Симон родилась в 1935 году.,2,нина симон родилась в 1935 году.,нина симон родилась в num году
Джоан Кузак была в фильме 1926 года.,2,джоан кузак была в фильме 1926 года.,джоан кузак была в фильме num года
Она была выпущена в 2006 году.,2,она была выпущена в 2006 году.,она была выпущена в num году
Сплит (2016 американский фильм) о человеке с 23 разными личностями.,0,сплит (2016 американский фильм) о человеке с 23 разными личностями.,сплит num американский фильм о человеке с num разными личностями
Побег с планеты Земля — фильм 2017 года.,2,побег с планеты земля — фильм 2017 года.,побег с планеты земля фильм num года
Как быть - это фильм 2005 года.,2,как быть - это фильм 2005 года.,как быть это фильм num года
Эд Ширан родился 17 февраля.,0,эд ширан родился 17 февраля.,эд ширан родился num февраля
Паттон Освальт родился в 1969 году.,0,паттон освальт родился в 1969 году.,паттон освальт родился в num году
"Кэролайн; принцесса Ганновера замужем за человеком, родившимся в 1954 году.",0,"кэролайн; принцесса ганновера замужем за человеком, родившимся в 1954 году.",кэролайн принцесса ганновера замужем за человеком родившимся в num году
Дуайт Д. Эйзенхауэр окончил школу в 1934 году.,2,дуайт д. эйзенхауэр окончил школу в 1934 году.,дуайт д эйзенхауэр окончил школу в num году
Чарльз Вудрафф Йост родился в 1907 году.,0,чарльз вудрафф йост родился в 1907 году.,чарльз вудрафф йост родился в num году
Ади Шанкар родился в 1985 году.,0,ади шанкар родился в 1985 году.,ади шанкар родился в num году
Кристина Эпплгейт была в The Big Hit в 1998 году.,0,кристина эпплгейт была в the big hit в 1998 году.,кристина эпплгейт была в the big hit в num году
Рич девчонка (песня Гвен Стефани) была номинирована на премию на 47-й Грэмми.,0,рич девчонка (песня гвен стефани) была номинирована на премию на 47-й грэмми.,рич девчонка песня гвен стефани была номинирована на премию на num й грэмми
Lego Movie был выпущен в 2016 году.,2,lego movie был выпущен в 2016 году.,lego movie был выпущен в num году
Второй сезон Outlander (TV-сериал) был проведён в 2016 году.,0,второй сезон outlander (tv-сериал) был проведен в 2016 году.,второй сезон outlander tv сериал был проведен в num году
Волк Уолл-стрит () — 17-й по величине грациозный фильм 2013 года.,0,волк уолл-стрит () — 17-й по величине грациозный фильм 2013 года.,волк уолл стрит num й по величине грациозный фильм num года
Пропал фильм 2017 года.,2,пропал фильм 2017 года.,пропал фильм num года
Джунун () — фильм американского режиссёра 1970 года рождения.,0,джунун () — фильм американского режиссера 1970 года рождения.,джунун фильм американского режиссера num года рождения
Пабло Эскобар был застрелен в 1993 году.,0,пабло эскобар был застрелен в 1993 году.,пабло эскобар был застрелен в num году
Кэлвин Харрис родился в 1984 году.,0,кэлвин харрис родился в 1984 году.,кэлвин харрис родился в num году
Мировые продажи Ашера составляют 90 миллионов рекордов.,2,мировые продажи ашера составляют 90 миллионов рекордов.,мировые продажи ашера составляют num миллионов рекордов
Сверхъестественное (U.S. TV-сериал) было впервые показано на WB в 2005 году.,0,сверхъестественное (u.s. tv-сериал) было впервые показано на wb в 2005 году.,сверхъестественное u s tv сериал было впервые показано на wb в num году
В Википедии ежемесячно было 18 миллиардов просмотров страниц.,0,в википедии ежемесячно было 18 миллиардов просмотров страниц.,в википедии ежемесячно было num миллиардов просмотров страниц
Тупак Шакур был введён в Зал славы Рок и Ролл в 2017 году.,0,тупак шакур был введен в зал славы рок и ролл в 2017 году.,тупак шакур был введен в зал славы рок и ролл в num году
Джаред Лето родился в 1971 году.,0,джаред лето родился в 1971 году.,джаред лето родился в num году
Ли Майорс родился в 1924 году.,2,ли майорс родился в 1924 году.,ли майорс родился в num году
Тезааб выиграл 3 награды за фильмы.,2,тезааб выиграл 3 награды за фильмы.,тезааб выиграл num награды за фильмы
Джексоны закончились в 1977 году.,0,джексоны закончились в 1977 году.,джексоны закончились в num году
Маврикий стал британским колониальным владением в 1810 году.,0,маврикий стал британским колониальным владением в 1810 году.,маврикий стал британским колониальным владением в num году
Джимми Уэльс родился в 1980 году.,2,джимми уэльс родился в 1980 году.,джимми уэльс родился в num году
Майк Лав был жив в 1780-х.,2,майк лав был жив в 1780-х.,майк лав был жив в num х
Джек Николсон получил честь в 2001 году.,0,джек николсон получил честь в 2001 году.,джек николсон получил честь в num году
Тайвань изменился с однопартийной военной диктатуры на многопартийную демократию в 80-х и начале 90-х годов.,0,тайвань изменился с однопартийной военной диктатуры на многопартийную демократию в 80-х и начале 90-х годов.,тайвань изменился с однопартийной военной диктатуры на многопартийную демократию в num х и начале num х годов
"""Радиохед"", образованный в 1985 году.",0,"""радиохед"", образованный в 1985 году.",радиохед образованный в num году
21 Jump Street была выпущена 26 марта 2012 года.,2,21 jump street была выпущена 26 марта 2012 года.,num jump street была выпущена num марта num года
Тайра Бэнкс начала моделирование в возрасте 20 лет.,2,тайра бэнкс начала моделирование в возрасте 20 лет.,тайра бэнкс начала моделирование в возрасте num лет
В 2010 году сторожа были адаптированы к фильму.,2,в 2010 году сторожа были адаптированы к фильму.,в num году сторожа были адаптированы к фильму
В & Out - фильм 1997 года.,0,в & out - фильм 1997 года.,в out фильм num года
Рональд Рейган раскрыл свой диагноз болезни Альцгеймера в 1994 году.,0,рональд рейган раскрыл свой диагноз болезни альцгеймера в 1994 году.,рональд рейган раскрыл свой диагноз болезни альцгеймера в num году
Аль Гор стал вице-президентом в 1995 году.,2,аль гор стал вице-президентом в 1995 году.,аль гор стал вице президентом в num году
Douglas Aircraft Company объединилась с McDonnell Aircraft в 1632 году.,2,douglas aircraft company объединилась с mcdonnell aircraft в 1632 году.,douglas aircraft company объединилась с mcdonnell aircraft в num году
В 2013 году средняя продолжительность жизни населения Андорры составляла 81 человек.,0,в 2013 году средняя продолжительность жизни населения андорры составляла 81 человек.,в num году средняя продолжительность жизни населения андорры составляла num человек
Борис Карлофф умер в 1969 году.,0,борис карлофф умер в 1969 году.,борис карлофф умер в num году
"Макбет, вероятно, был впервые исполнен в 1606 году.",0,"макбет, вероятно, был впервые исполнен в 1606 году.",макбет вероятно был впервые исполнен в num году
Красные - это фильм 1985 года.,2,красные - это фильм 1985 года.,красные это фильм num года
Бхарат Арун родился в 1964 году.,2,бхарат арун родился в 1964 году.,бхарат арун родился в num году
Карл; Принц Уэльский родился в 1950 году.,2,карл; принц уэльский родился в 1950 году.,карл принц уэльский родился в num году
Тэйлор Шиллинг дебютировала в 1807 году.,2,тэйлор шиллинг дебютировала в 1807 году.,тэйлор шиллинг дебютировала в num году
Жан-Мартин Чаркот родился в 1925 году.,2,жан-мартин чаркот родился в 1925 году.,жан мартин чаркот родился в num году
Рональд Рейган умер в 2004 году.,0,рональд рейган умер в 2004 году.,рональд рейган умер в num году
Джон Леннон умер в 1980 году.,0,джон леннон умер в 1980 году.,джон леннон умер в num году
Линда Маккартни умерла в возрасте 50 лет.,0,линда маккартни умерла в возрасте 50 лет.,линда маккартни умерла в возрасте num лет
Атомная блондинка основана на графическом романе 2017 года.,2,атомная блондинка основана на графическом романе 2017 года.,атомная блондинка основана на графическом романе num года
"Одри Хорн была представлена в серии, премьера которой состоялась в 1990 году.",0,"одри хорн была представлена в серии, премьера которой состоялась в 1990 году.",одри хорн была представлена в серии премьера которой состоялась в num году
Премьера состоялась 26 августа 2012 года.,2,премьера состоялась 26 августа 2012 года.,премьера состоялась num августа num года
KJ Apa была представлена как Арчи Эндрюс в 2014 году.,2,kj apa была представлена как арчи эндрюс в 2014 году.,kj apa была представлена как арчи эндрюс в num году
В 1967 году родилась молодая М.К.,0,в 1967 году родилась молодая м.к.,в num году родилась молодая м к
Уоррен Г. Хардинг родился в 1865 году.,0,уоррен г. хардинг родился в 1865 году.,уоррен г хардинг родился в num году
Ромилу Лукаку присоединился к Челси в 2016 году.,2,ромилу лукаку присоединился к челси в 2016 году.,ромилу лукаку присоединился к челси в num году
Suite Life Movie — фильм 2009 года.,2,suite life movie — фильм 2009 года.,suite life movie фильм num года
"Goliyon Ki Raasleela Ram-Lela — фильм, выпущенный в 2011 году.",2,"goliyon ki raasleela ram-lela — фильм, выпущенный в 2011 году.",goliyon ki raasleela ram lela фильм выпущенный в num году
В конгрессе США 200 сенаторов.,2,в конгрессе сша 200 сенаторов.,в конгрессе сша num сенаторов
Двенадцатый сезон сверхъестественного закончился в мае 2017 года.,0,двенадцатый сезон сверхъестественного закончился в мае 2017 года.,двенадцатый сезон сверхъестественного закончился в мае num года
One Direction выпустили свой альбом Midnight Memories в 2016 году.,2,one direction выпустили свой альбом midnight memories в 2016 году.,one direction выпустили свой альбом midnight memories в num году
Уран имеет минимальную температуру 22 К.,2,уран имеет минимальную температуру 22 к.,уран имеет минимальную температуру num к
Borrelia afzelii — один из 50 известных видов борелия.,2,borrelia afzelii — один из 50 известных видов борелия.,borrelia afzelii один из num известных видов борелия
Ярди был опубликован в 1970 году.,2,ярди был опубликован в 1970 году.,ярди был опубликован в num году
Натали Вуд родилась в 1938 году.,0,натали вуд родилась в 1938 году.,натали вуд родилась в num году
Неймар родился в 1993 году.,2,неймар родился в 1993 году.,неймар родился в num году
Легион был создан в 2015 году.,0,легион был создан в 2015 году.,легион был создан в num году
Незнакомец по сравнению с Fiction был выпущен в 2006 году.,0,незнакомец по сравнению с fiction был выпущен в 2006 году.,незнакомец по сравнению с fiction был выпущен в num году
Фернандо Алонсо родился в 1981 году.,0,фернандо алонсо родился в 1981 году.,фернандо алонсо родился в num году
Джудит Барси родилась в 1997 году.,2,джудит барси родилась в 1997 году.,джудит барси родилась в num году
RMS Titanic покинул Саутгемптон в 1930 году.,2,rms titanic покинул саутгемптон в 1930 году.,rms titanic покинул саутгемптон в num году
Лесли Гроувз умерла 11 июля 1960 года.,2,лесли гроувз умерла 11 июля 1960 года.,лесли гроувз умерла num июля num года
Первый сезон хора транслировался с сентября 2008 года по июнь 2009 года.,2,первый сезон хора транслировался с сентября 2008 года по июнь 2009 года.,первый сезон хора транслировался с сентября num года по июнь num года
Кольм Форе родился 30 августа 1958 года.,2,кольм форе родился 30 августа 1958 года.,кольм форе родился num августа num года
Субхас Чандра Бос умер 10 августа 1945 года.,2,субхас чандра бос умер 10 августа 1945 года.,субхас чандра бос умер num августа num года
Трэвис Баркер родился в 1975 году.,0,трэвис баркер родился в 1975 году.,трэвис баркер родился в num году
Колумбия является одной из 20 стран с многообразной экономикой.,2,колумбия является одной из 20 стран с многообразной экономикой.,колумбия является одной из num стран с многообразной экономикой
Квинси Джонс заняла видное место в 1950-х.,0,квинси джонс заняла видное место в 1950-х.,квинси джонс заняла видное место в num х
Тре Кул родился 2 декабря 1970 года.,2,тре кул родился 2 декабря 1970 года.,тре кул родился num декабря num года
Аль Гор родился в 1948 году.,0,аль гор родился в 1948 году.,аль гор родился в num году
Нас работает по крайней мере с 1994 года.,0,нас работает по крайней мере с 1994 года.,нас работает по крайней мере с num года
Дженнифер Джейсон Ли дебютировала на Бродвее в 1998 году.,0,дженнифер джейсон ли дебютировала на бродвее в 1998 году.,дженнифер джейсон ли дебютировала на бродвее в num году
День рождения Бала Гангадара Тилака был 23 июля.,0,день рождения бала гангадара тилака был 23 июля.,день рождения бала гангадара тилака был num июля
Третий сезон Флэша состоялся в 2014 году.,2,третий сезон флэша состоялся в 2014 году.,третий сезон флэша состоялся в num году
Американские боги были опубликованы в 2001 году.,0,американские боги были опубликованы в 2001 году.,американские боги были опубликованы в num году
«Сказка рабыни» () — роман канадской писательницы Маргарет Этвуд 1986 года.,2,«сказка рабыни» () — роман канадской писательницы маргарет этвуд 1986 года.,сказка рабыни роман канадской писательницы маргарет этвуд num года
Красивый фильм 2000 года.,0,красивый фильм 2000 года.,красивый фильм num года
Америго Веспуччи родился 9 марта 1454 года.,0,америго веспуччи родился 9 марта 1454 года.,америго веспуччи родился num марта num года
Эва Дюверней родилась в 1975 году.,2,эва дюверней родилась в 1975 году.,эва дюверней родилась в num году
Брукс Вакерман родился в 1989 году.,2,брукс вакерман родился в 1989 году.,брукс вакерман родился в num году
"""Craft"" — фильм 1999 года.",2,"""craft"" — фильм 1999 года.",craft фильм num года
Тони Голдвин родился в 1960 году.,0,тони голдвин родился в 1960 году.,тони голдвин родился в num году
Дейтонское соглашение было достигнуто в 2000 году.,2,дейтонское соглашение было достигнуто в 2000 году.,дейтонское соглашение было достигнуто в num году
Джет Ли дебютировал в 1982 году.,0,джет ли дебютировал в 1982 году.,джет ли дебютировал в num году
Премьера зоотопии состоялась в 2018 году.,2,премьера зоотопии состоялась в 2018 году.,премьера зоотопии состоялась в num году
Судьба была выпущена 9 сентября.,0,судьба была выпущена 9 сентября.,судьба была выпущена num сентября
Стив Ирвин родился в 1962 году.,0,стив ирвин родился в 1962 году.,стив ирвин родился в num году
Даг Дюси - 23-й губернатор Аризоны.,0,даг дюси - 23-й губернатор аризоны.,даг дюси num й губернатор аризоны
Грейсон Ченс родился в 1984 году.,2,грейсон ченс родился в 1984 году.,грейсон ченс родился в num году
Доминик Данн родился в 1925 году.,0,доминик данн родился в 1925 году.,доминик данн родился в num году
Бриджит Макрон родилась 24 апреля.,2,бриджит макрон родилась 24 апреля.,бриджит макрон родилась num апреля
Blizzard Entertainment создал World of Warcraft в 2004 году.,0,blizzard entertainment создал world of warcraft в 2004 году.,blizzard entertainment создал world of warcraft в num году
Machu Picchu — цитадель инков 15 века.,0,machu picchu — цитадель инков 15 века.,machu picchu цитадель инков num века
Кристен Белл начала играть на Веронике Марс в 2013 году.,2,кристен белл начала играть на веронике марс в 2013 году.,кристен белл начала играть на веронике марс в num году
VHS был выпущен в 1978 году в США.,2,vhs был выпущен в 1978 году в сша.,vhs был выпущен в num году в сша
Годовые осадки Антарктики составляют 8 дюймов вдоль побережья.,0,годовые осадки антарктики составляют 8 дюймов вдоль побережья.,годовые осадки антарктики составляют num дюймов вдоль побережья
Волк Уолл-стрит был фильмом 2017 года.,2,волк уолл-стрит был фильмом 2017 года.,волк уолл стрит был фильмом num года
Основан в 1767 году.,0,основан в 1767 году.,основан в num году
Вторая Пуничная война закончилась в 222 году до н. э.,2,вторая пуничная война закончилась в 222 году до н. э.,вторая пуничная война закончилась в num году до н э
Стэнли Туччи родился в 1900-х годах.,0,стэнли туччи родился в 1900-х годах.,стэнли туччи родился в num х годах
Тигр Вудс выиграл 14 профессиональных чемпионатов по гольфу.,0,тигр вудс выиграл 14 профессиональных чемпионатов по гольфу.,тигр вудс выиграл num профессиональных чемпионатов по гольфу
Сиэтл - технологический центр с 1990-х годов.,2,сиэтл - технологический центр с 1990-х годов.,сиэтл технологический центр с num х годов
Хор транслировался в 2011 году.,0,хор транслировался в 2011 году.,хор транслировался в num году
Население США составляет 324 миллиона человек.,0,население сша составляет 324 миллиона человек.,население сша составляет num миллиона человек
Всемирная штаб-квартира «Армадильо» была закрыта в 1981 году.,2,всемирная штаб-квартира «армадильо» была закрыта в 1981 году.,всемирная штаб квартира армадильо была закрыта в num году
Премьера состоялась 16 апреля 1999 года.,2,премьера состоялась 16 апреля 1999 года.,премьера состоялась num апреля num года
Рэнди Ортон родился в 1990 году.,2,рэнди ортон родился в 1990 году.,рэнди ортон родился в num году
Лиза Бонет родилась 16-го.,0,лиза бонет родилась 16-го.,лиза бонет родилась num го
Сердце дебютировало в 1923 году.,2,сердце дебютировало в 1923 году.,сердце дебютировало в num году
Орлы распались в 1990 году.,0,орлы распались в 1990 году.,орлы распались в num году
The Offspring выпустила Smash в 1992 году.,2,the offspring выпустила smash в 1992 году.,the offspring выпустила smash в num году
Финал WTA 2014 начался 17 октября.,0,финал wta 2014 начался 17 октября.,финал wta num начался num октября
Чемпион был выпущен в 1950 году.,2,чемпион был выпущен в 1950 году.,чемпион был выпущен в num году
Джозеф Сталин стал генеральным секретарем в 1922 году.,0,джозеф сталин стал генеральным секретарем в 1922 году.,джозеф сталин стал генеральным секретарем в num году
Премьера состоялась 11 мая 2014 года.,0,премьера состоялась 11 мая 2014 года.,премьера состоялась num мая num года
Собаки Д'Амур были сформированы в 1983 году.,0,собаки д'амур были сформированы в 1983 году.,собаки д амур были сформированы в num году
Дональд Трамп родился в 1950 году.,2,дональд трамп родился в 1950 году.,дональд трамп родился в num году
В поколении Х есть годы рождения начиная с 1930-х годов.,2,в поколении х есть годы рождения начиная с 1930-х годов.,в поколении х есть годы рождения начиная с num х годов
Южный парк существует по крайней мере с 2001 года.,0,южный парк существует по крайней мере с 2001 года.,южный парк существует по крайней мере с num года
Становление Джейн началось в 2006 году.,0,становление джейн началось в 2006 году.,становление джейн началось в num году
Хильда Эллис Дэвидсон умерла в 2009 году.,2,хильда эллис дэвидсон умерла в 2009 году.,хильда эллис дэвидсон умерла в num году
Джозеф Сталин родился в 1843 году.,2,джозеф сталин родился в 1843 году.,джозеф сталин родился в num году
Базз Олдрин родился в 1930 году.,0,базз олдрин родился в 1930 году.,базз олдрин родился в num году
Адрианн Паликки родилась в 1985 году.,2,адрианн паликки родилась в 1985 году.,адрианн паликки родилась в num году
«Женщина в красном» — фильм 1974 года.,2,«женщина в красном» — фильм 1974 года.,женщина в красном фильм num года
Среднезападный Готик был основан в 1992 году.,2,среднезападный готик был основан в 1992 году.,среднезападный готик был основан в num году
Ли Мин Хо родилась в 1994 году.,2,ли мин хо родилась в 1994 году.,ли мин хо родилась в num году
Spotlight был выпущен в 2014 году.,2,spotlight был выпущен в 2014 году.,spotlight был выпущен в num году
Пракаш Джа родилась 27 февраля 1952 года.,0,пракаш джа родилась 27 февраля 1952 года.,пракаш джа родилась num февраля num года
"По оценкам, в Соединенном Королевстве проживает 40,1 млн. человек.",2,"по оценкам, в соединенном королевстве проживает 40,1 млн. человек.",по оценкам в соединенном королевстве проживает num млн человек
Скарлетт Йоханссон выпустила альбом в 1908 году.,2,скарлетт йоханссон выпустила альбом в 1908 году.,скарлетт йоханссон выпустила альбом в num году
Йелп существовал в 2005 году.,0,йелп существовал в 2005 году.,йелп существовал в num году
Филиппины были названы в 1999 году.,2,филиппины были названы в 1999 году.,филиппины были названы в num году
Led Zeppelin выпустил альбом Led Zeppelin в 1970 году.,2,led zeppelin выпустил альбом led zeppelin в 1970 году.,led zeppelin выпустил альбом led zeppelin в num году
VHS был разработан в 70-х годах.,0,vhs был разработан в 70-х годах.,vhs был разработан в num х годах
"Райан Дюсик — американец, родившийся в 1960-х годах.",2,"райан дюсик — американец, родившийся в 1960-х годах.",райан дюсик американец родившийся в num х годах
Ли Чайлд родился в 1974 году.,2,ли чайлд родился в 1974 году.,ли чайлд родился в num году
Кейт Бекенсейл была студенткой в 1912 году.,2,кейт бекенсейл была студенткой в 1912 году.,кейт бекенсейл была студенткой в num году
Ник Нольте родился в 1943 году.,2,ник нольте родился в 1943 году.,ник нольте родился в num году
Гавайи — восьмой по величине штат.,0,гавайи — восьмой по величине штат.,гавайи восьмой по величине штат
The Outcasts были выпущены 14 апреля 1993 года.,2,the outcasts были выпущены 14 апреля 1993 года.,the outcasts были выпущены num апреля num года
В 1996 году Курт Англ впервые появился в профессиональной борьбе.,0,в 1996 году курт англ впервые появился в профессиональной борьбе.,в num году курт англ впервые появился в профессиональной борьбе
Американский пирог был создан в 1452 году.,2,американский пирог был создан в 1452 году.,американский пирог был создан в num году
Лицензия на Wed была выпущена в 2006 году.,2,лицензия на wed была выпущена в 2006 году.,лицензия на wed была выпущена в num году
В 1986 году был введен в действие режим деинвестирования из Южной Африки.,0,в 1986 году был введен в действие режим деинвестирования из южной африки.,в num году был введен в действие режим деинвестирования из южной африки
Мартина Навратилова родилась в 1956 году.,0,мартина навратилова родилась в 1956 году.,мартина навратилова родилась в num году
Като Кейлин родился в 1959 году.,0,като кейлин родился в 1959 году.,като кейлин родился в num году
Бэтмен был в детективе Комиксе No27.,0,бэтмен был в детективе комиксе no27.,бэтмен был в детективе комиксе no num
Мать Тереза получила Нобелевскую премию мира 1962 года.,2,мать тереза получила нобелевскую премию мира 1962 года.,мать тереза получила нобелевскую премию мира num года
Мария Шарапова была миром No 1 в 22.,2,мария шарапова была миром no 1 в 22.,мария шарапова была миром no num в num
В & Out — фильм 1997 года.,0,в & out — фильм 1997 года.,в out фильм num года
Ярди был опубликован в 2001 году.,2,ярди был опубликован в 2001 году.,ярди был опубликован в num году
Волк Уолл-стрит () — фильм 1999 года.,2,волк уолл-стрит () — фильм 1999 года.,волк уолл стрит фильм num года
Изабелла из Франции родилась в 1358 году.,2,изабелла из франции родилась в 1358 году.,изабелла из франции родилась в num году
Hacksaw Ridge был выпущен 4 ноября 2020 года.,2,hacksaw ridge был выпущен 4 ноября 2020 года.,hacksaw ridge был выпущен num ноября num года
Либерия объявила о своей независимости 26 июля 1847 года.,0,либерия объявила о своей независимости 26 июля 1847 года.,либерия объявила о своей независимости num июля num года
Легион был создан в 2010 году.,0,легион был создан в 2010 году.,легион был создан в num году
CBS был переименован в 1925 году.,2,cbs был переименован в 1925 году.,cbs был переименован в num году
До Ночного Фоллса фильм 2017 года.,2,до ночного фоллса фильм 2017 года.,до ночного фоллса фильм num года
В 2010 году в Новом Орлеане проживало 1 452 человека; 502 человека.,2,в 2010 году в новом орлеане проживало 1 452 человека; 502 человека.,в num году в новом орлеане проживало num num человека num человека
Джунун - это документальный фильм 2015 года.,0,джунун - это документальный фильм 2015 года.,джунун это документальный фильм num года
Четвертый альбом Джастина Бибера вышел в 2017 году.,2,четвертый альбом джастина бибера вышел в 2017 году.,четвертый альбом джастина бибера вышел в num году
Чёрная суббота сформировалась в 1968 году.,0,черная суббота сформировалась в 1968 году.,черная суббота сформировалась в num году
Америго Веспуччи родился 3 марта 1454 года.,2,америго веспуччи родился 3 марта 1454 года.,америго веспуччи родился num марта num года
Сэмми Кан умер в 80-х.,2,сэмми кан умер в 80-х.,сэмми кан умер в num х
Мэгги Смит родилась 28 декабря 1934 года.,0,мэгги смит родилась 28 декабря 1934 года.,мэгги смит родилась num декабря num года
Кейдж Воины были созданы в 1980 году.,2,кейдж воины были созданы в 1980 году.,кейдж воины были созданы в num году
Up All Night был выпущен во всем мире в 2012 году.,0,up all night был выпущен во всем мире в 2012 году.,up all night был выпущен во всем мире в num году
Малыш-водитель был выпущен в 2017 году.,0,малыш-водитель был выпущен в 2017 году.,малыш водитель был выпущен в num году
Instagram начал поддерживать видео в 2015 году.,2,instagram начал поддерживать видео в 2015 году.,instagram начал поддерживать видео в num году
Первый EP Beastie Boys был выпущен в 1982 году.,0,первый ep beastie boys был выпущен в 1982 году.,первый ep beastie boys был выпущен в num году
С 1930-х годов Колумбия страдает от вооруженного конфликта.,2,с 1930-х годов колумбия страдает от вооруженного конфликта.,с num х годов колумбия страдает от вооруженного конфликта
Джереми Аллен Уайт родился в 1991 году.,0,джереми аллен уайт родился в 1991 году.,джереми аллен уайт родился в num году
Bake a Bow был выпущен в 1994 году.,0,bake a bow был выпущен в 1994 году.,bake a bow был выпущен в num году
Майк Лав был жив в 1980-х.,0,майк лав был жив в 1980-х.,майк лав был жив в num х
Citadelle Laferrière находится примерно в 15 милях к югу от города Кап-Аитьен.,2,citadelle laferrière находится примерно в 15 милях к югу от города кап-аитьен.,citadelle laferri re находится примерно в num милях к югу от города кап аитьен
Alessia Cara выпустила свой дебютный сингл «Here» в 2015 году.,0,alessia cara выпустила свой дебютный сингл «here» в 2015 году.,alessia cara выпустила свой дебютный сингл here в num году
Havoc — фильм 2005 года.,0,havoc — фильм 2005 года.,havoc фильм num года
В своём пике Джон Рокфеллер контролировал 90% всей нефти в США.,0,в своем пике джон рокфеллер контролировал 90% всей нефти в сша.,в своем пике джон рокфеллер контролировал num всей нефти в сша
Стивен Зайлиан получил награду на Остинском кинофестивале 2009 года.,0,стивен зайлиан получил награду на остинском кинофестивале 2009 года.,стивен зайлиан получил награду на остинском кинофестивале num года
Фьюриус 7 начал основную фотографию в 2014 году.,2,фьюриус 7 начал основную фотографию в 2014 году.,фьюриус num начал основную фотографию в num году
Сьерра-Леоне стала независимой страной 17 апреля 1961 года.,2,сьерра-леоне стала независимой страной 17 апреля 1961 года.,сьерра леоне стала независимой страной num апреля num года
Телангана отделилась от Андхра-Прадеш в 2005 году.,2,телангана отделилась от андхра-прадеш в 2005 году.,телангана отделилась от андхра прадеш в num году
Кристен Белл родилась в 1962 году.,2,кристен белл родилась в 1962 году.,кристен белл родилась в num году
Натали Вуд умерла в возрасте 43 лет.,0,натали вуд умерла в возрасте 43 лет.,натали вуд умерла в возрасте num лет
Том Фелтон дебютировал на экране в 2000 году.,2,том фелтон дебютировал на экране в 2000 году.,том фелтон дебютировал на экране в num году
Пабло Эскобар был убит в 44.,0,пабло эскобар был убит в 44.,пабло эскобар был убит в num
В 1906 году Адель окончила БРИТскую школу искусств и технологий.,2,в 1906 году адель окончила бритскую школу искусств и технологий.,в num году адель окончила бритскую школу искусств и технологий
Адрианн Паликки родилась в 1983 году.,0,адрианн паликки родилась в 1983 году.,адрианн паликки родилась в num году
КФК оперировала в Канаде к середине 60-х годов.,0,кфк оперировала в канаде к середине 60-х годов.,кфк оперировала в канаде к середине num х годов
"Are You Experied — альбом группы, образованный в 1943 году.",2,"are you experied — альбом группы, образованный в 1943 году.",are you experied альбом группы образованный в num году
Азербайджан провозгласил независимость в 1948 году.,2,азербайджан провозгласил независимость в 1948 году.,азербайджан провозгласил независимость в num году
В 1606 году европейцы открыли австралийский континент.,0,в 1606 году европейцы открыли австралийский континент.,в num году европейцы открыли австралийский континент
Джонатан Хенсли родился в 1959 году.,0,джонатан хенсли родился в 1959 году.,джонатан хенсли родился в num году
Кэти Холмс родилась в 1948 году.,2,кэти холмс родилась в 1948 году.,кэти холмс родилась в num году
Бхарат Арун родился в 1962 году.,0,бхарат арун родился в 1962 году.,бхарат арун родился в num году
В начале 1980-х годов Grunge получил коммерческий успех.,2,в начале 1980-х годов grunge получил коммерческий успех.,в начале num х годов grunge получил коммерческий успех
Древний Египет объединился примерно в 3150 году до н. э.,0,древний египет объединился примерно в 3150 году до н. э.,древний египет объединился примерно в num году до н э
Джейсон Судейкис стал членом SNL в 2013 году.,2,джейсон судейкис стал членом snl в 2013 году.,джейсон судейкис стал членом snl в num году
Чарльз Мари де Ла Кондамин умер в 1980 году.,2,чарльз мари де ла кондамин умер в 1980 году.,чарльз мари де ла кондамин умер в num году
Уайти Балгер был найден причастным к 11 убийствам.,0,уайти балгер был найден причастным к 11 убийствам.,уайти балгер был найден причастным к num убийствам
В 1968 году родилась молодая М.К.,2,в 1968 году родилась молодая м.к.,в num году родилась молодая м к
Миранда Косгроув родилась в 1999 году.,2,миранда косгроув родилась в 1999 году.,миранда косгроув родилась в num году
Чжи Чан Ук родилась в 1987 году.,0,чжи чан ук родилась в 1987 году.,чжи чан ук родилась в num году
"Автор ""Никогда не возвращайся"" родился в 1954 году.",0,"автор ""никогда не возвращайся"" родился в 1954 году.",автор никогда не возвращайся родился в num году
Мухаммад покинул Мекку в 652.,2,мухаммад покинул мекку в 652.,мухаммад покинул мекку в num
Колин Пауэлл был 65-м государственным секретарем США.,0,колин пауэлл был 65-м государственным секретарем сша.,колин пауэлл был num м государственным секретарем сша
Пятый студийный альбом Гориллаза был выпущен в 2016 году.,2,пятый студийный альбом гориллаза был выпущен в 2016 году.,пятый студийный альбом гориллаза был выпущен в num году
Второй фильм «Твайлайт Сага» был выпущен в 2009 году.,0,второй фильм «твайлайт сага» был выпущен в 2009 году.,второй фильм твайлайт сага был выпущен в num году
Премьера 24 состоялась 5 ноября.,2,премьера 24 состоялась 5 ноября.,премьера num состоялась num ноября
Эллиза Перри родилась в 1987 году.,2,эллиза перри родилась в 1987 году.,эллиза перри родилась в num году
Сплит (2016 американский фильм) о человеке с 24 разными личностями.,2,сплит (2016 американский фильм) о человеке с 24 разными личностями.,сплит num американский фильм о человеке с num разными личностями
Мировые продажи Ашера составляют 75 миллионов рекордов.,0,мировые продажи ашера составляют 75 миллионов рекордов.,мировые продажи ашера составляют num миллионов рекордов
"Сезон 15 ""Гриффинов"" начался 26 сентября 2016 года.",2,"сезон 15 ""гриффинов"" начался 26 сентября 2016 года.",сезон num гриффинов начался num сентября num года
Тони Голдвин родился в 2001 году.,2,тони голдвин родился в 2001 году.,тони голдвин родился в num году
Дулеп Сингх родился в 1840 году.,2,дулеп сингх родился в 1840 году.,дулеп сингх родился в num году
Дэвид Теннант получил награду в 2008 году.,2,дэвид теннант получил награду в 2008 году.,дэвид теннант получил награду в num году
Бхарат Арун родился 15-го числа.,2,бхарат арун родился 15-го числа.,бхарат арун родился num го числа
В 1944 году у Капитана Америка был киносериал.,0,в 1944 году у капитана америка был киносериал.,в num году у капитана америка был киносериал
Третий сезон Флэша состоялся в 2016 году.,0,третий сезон флэша состоялся в 2016 году.,третий сезон флэша состоялся в num году
Бриджит Макрон родилась в 1955 году.,2,бриджит макрон родилась в 1955 году.,бриджит макрон родилась в num году
Сериал «Подземный мир» собрал в общей сложности 98 миллионов долларов.,2,сериал «подземный мир» собрал в общей сложности 98 миллионов долларов.,сериал подземный мир собрал в общей сложности num миллионов долларов
"Представьте, что Драконы впервые получили воздействие в 1932 году.",2,"представьте, что драконы впервые получили воздействие в 1932 году.",представьте что драконы впервые получили воздействие в num году
Виктор Хьюго родился в 1802 году.,0,виктор хьюго родился в 1802 году.,виктор хьюго родился в num году
Маргарет Браун родилась в 1867 году.,0,маргарет браун родилась в 1867 году.,маргарет браун родилась в num году
В 1990-х гг.,0,в 1990-х гг.,в num х гг
Термин «культовый фильм» использовался в 1970-х годах.,0,термин «культовый фильм» использовался в 1970-х годах.,термин культовый фильм использовался в num х годах
Судьба была выпущена 21 сентября.,2,судьба была выпущена 21 сентября.,судьба была выпущена num сентября
Tesla Model S была неспособна стать самым продаваемым в мире электромобилем в 2015 году.,0,tesla model s была неспособна стать самым продаваемым в мире электромобилем в 2015 году.,tesla model s была неспособна стать самым продаваемым в мире электромобилем в num году
Пол Уэсли родился в 1982 году.,0,пол уэсли родился в 1982 году.,пол уэсли родился в num году
Google был зарегистрирован в качестве частной компании 4 сентября 1998 года.,0,google был зарегистрирован в качестве частной компании 4 сентября 1998 года.,google был зарегистрирован в качестве частной компании num сентября num года
Премьера Дневников вампира состоялась 10 сентября 2002 года.,2,премьера дневников вампира состоялась 10 сентября 2002 года.,премьера дневников вампира состоялась num сентября num года
"В 2010 году в Новом Орлеане проживало 1 452 человека, 502 человека.",0,"в 2010 году в новом орлеане проживало 1 452 человека, 502 человека.",в num году в новом орлеане проживало num num человека num человека
Kick-Ass был выпущен в 2013 году.,2,kick-ass был выпущен в 2013 году.,kick ass был выпущен в num году
Мировая война началась в 2005 году.,0,мировая война началась в 2005 году.,мировая война началась в num году
Фрэнк Оушен родился 28 октября 1987 года.,0,фрэнк оушен родился 28 октября 1987 года.,фрэнк оушен родился num октября num года
Третий сезон Изомби начался 4 апреля.,0,третий сезон изомби начался 4 апреля.,третий сезон изомби начался num апреля
Деннис Хастерт проиграл выборы в Палату представителей Иллинойса в 1981 году.,2,деннис хастерт проиграл выборы в палату представителей иллинойса в 1981 году.,деннис хастерт проиграл выборы в палату представителей иллинойса в num году
Колин Куинн родился 20 июня.,2,колин куинн родился 20 июня.,колин куинн родился num июня
Хантер С. Томпсон умер в возрасте 67 лет.,0,хантер с. томпсон умер в возрасте 67 лет.,хантер с томпсон умер в возрасте num лет
Джозеф Барбера родился 24 марта.,0,джозеф барбера родился 24 марта.,джозеф барбера родился num марта
Эллен Помпео заработала 0 долларов в 2016 году.,2,эллен помпео заработала 0 долларов в 2016 году.,эллен помпео заработала num долларов в num году
Третий сезон IZombie состоялся в 1997 году.,2,третий сезон izombie состоялся в 1997 году.,третий сезон izombie состоялся в num году
Восьмерка будет выпущена 8 июня 2022 года.,2,восьмерка будет выпущена 8 июня 2022 года.,восьмерка будет выпущена num июня num года
Иллюзионист — фильм 2017 года.,2,иллюзионист — фильм 2017 года.,иллюзионист фильм num года
Хосе Мария Чакон сдал остров Тринидада в 1797 году.,0,хосе мария чакон сдал остров тринидада в 1797 году.,хосе мария чакон сдал остров тринидада в num году
В 2013 году был выпущен фильм Wolf of Wall Street (2013).,0,в 2013 году был выпущен фильм wolf of wall street (2013).,в num году был выпущен фильм wolf of wall street num
Меган Фокс начала свою актерскую карьеру в 2001 году.,0,меган фокс начала свою актерскую карьеру в 2001 году.,меган фокс начала свою актерскую карьеру в num году
"""American Horror Story"": премьера отеля состоялась 7 октября 2015 года.",0,"""american horror story"": премьера отеля состоялась 7 октября 2015 года.",american horror story премьера отеля состоялась num октября num года
День памяти отмечался 30 мая 1868 — 1971 годов.,0,день памяти отмечался 30 мая 1868 — 1971 годов.,день памяти отмечался num мая num num годов
Gopi Sunder получила награду на 60-й церемонии вручения премий South.,2,gopi sunder получила награду на 60-й церемонии вручения премий south.,gopi sunder получила награду на num й церемонии вручения премий south
В 2009 году было создано двадцать один пилотный проект.,0,в 2009 году было создано двадцать один пилотный проект.,в num году было создано двадцать один пилотный проект
Шаниа Твен родилась в 1965 году.,0,шаниа твен родилась в 1965 году.,шаниа твен родилась в num году
Дебютный альбом Фрэнка Заппы был выпущен в 1964 году.,2,дебютный альбом фрэнка заппы был выпущен в 1964 году.,дебютный альбом фрэнка заппы был выпущен в num году
Уилл Феррелл основал себя в середине 90-х.,0,уилл феррелл основал себя в середине 90-х.,уилл феррелл основал себя в середине num х
Ли Чайлд родился в 1954 году.,0,ли чайлд родился в 1954 году.,ли чайлд родился в num году
Рональд Рейган имел рейтинг одобрения в 68%.,0,рональд рейган имел рейтинг одобрения в 68%.,рональд рейган имел рейтинг одобрения в num
В 2010 году Курт Англ впервые появился в профессиональной борьбе.,2,в 2010 году курт англ впервые появился в профессиональной борьбе.,в num году курт англ впервые появился в профессиональной борьбе
Тупак Шакур умер в 1996 году.,0,тупак шакур умер в 1996 году.,тупак шакур умер в num году
"В 2004 году был выпущен фильм ""Wrincle in Time"".",2,"в 2004 году был выпущен фильм ""wrincle in time"".",в num году был выпущен фильм wrincle in time
Мейзи Уильямс родилась 15 апреля 1987 года.,2,мейзи уильямс родилась 15 апреля 1987 года.,мейзи уильямс родилась num апреля num года
Джордж Буш был президентом Соединенных Штатов с 1981 по 1989 год.,2,джордж буш был президентом соединенных штатов с 1981 по 1989 год.,джордж буш был президентом соединенных штатов с num по num год
Авраам Линкольн родился в 1808 году.,2,авраам линкольн родился в 1808 году.,авраам линкольн родился в num году
В начале 1990-х годов Grunge получил коммерческий успех.,0,в начале 1990-х годов grunge получил коммерческий успех.,в начале num х годов grunge получил коммерческий успех
Первый сезон хора транслировался с сентября 2009 года по июнь 2010 года.,0,первый сезон хора транслировался с сентября 2009 года по июнь 2010 года.,первый сезон хора транслировался с сентября num года по июнь num года
"Падающие звезды - актриса, родившаяся в 1997 году.",0,"падающие звезды - актриса, родившаяся в 1997 году.",падающие звезды актриса родившаяся в num году
Изабелла из Франции умерла в 1358 году.,0,изабелла из франции умерла в 1358 году.,изабелла из франции умерла в num году
Джулс Дюмон д'Урвилль родился 23 мая 1890 года.,2,джулс дюмон д'урвилль родился 23 мая 1890 года.,джулс дюмон д урвилль родился num мая num года
Гуд Уилл Хантинг был выпущен в 2997 году.,2,гуд уилл хантинг был выпущен в 2997 году.,гуд уилл хантинг был выпущен в num году
Г-н Солнышко вышел в эфир в 2011 году.,0,г-н солнышко вышел в эфир в 2011 году.,г н солнышко вышел в эфир в num году
Том Фелтон дебютировал на экране в 1997 году.,0,том фелтон дебютировал на экране в 1997 году.,том фелтон дебютировал на экране в num году
The Invention of Ling была выпущена в США в 2009 году.,0,the invention of ling была выпущена в сша в 2009 году.,the invention of ling была выпущена в сша в num году
One Direction выпустили свой альбом Four в 2014 году.,0,one direction выпустили свой альбом four в 2014 году.,one direction выпустили свой альбом four в num году
Уильям МакКинли умер в 1901 году.,0,уильям маккинли умер в 1901 году.,уильям маккинли умер в num году
Ананасовый экспресс — фильм 2008 года.,0,ананасовый экспресс — фильм 2008 года.,ананасовый экспресс фильм num года
Сверхъестественное (американское телевидение) было впервые показано 13 сентября 2010 года.,2,сверхъестественное (американское телевидение) было впервые показано 13 сентября 2010 года.,сверхъестественное американское телевидение было впервые показано num сентября num года
Бриджит Макрон родилась в 1953 году.,0,бриджит макрон родилась в 1953 году.,бриджит макрон родилась в num году
"В поколении Х есть годы рождения, начиная с 60-х годов.",0,"в поколении х есть годы рождения, начиная с 60-х годов.",в поколении х есть годы рождения начиная с num х годов
"T-Pain является основателем лейбла звукозаписи, созданного в 2005 году.",0,"t-pain является основателем лейбла звукозаписи, созданного в 2005 году.",t pain является основателем лейбла звукозаписи созданного в num году
"Beautiful (песня Кристины Агилеры) была записана для альбома, выпущенного в 2012 году.",2,"beautiful (песня кристины агилеры) была записана для альбома, выпущенного в 2012 году.",beautiful песня кристины агилеры была записана для альбома выпущенного в num году
Pink Floyd был введён в Зал славы Великобритании в 2015 году.,2,pink floyd был введен в зал славы великобритании в 2015 году.,pink floyd был введен в зал славы великобритании в num году
Дракула - это книга 1899 года.,2,дракула - это книга 1899 года.,дракула это книга num года
Охотники за привидениями прошли премьеру в 2016 году.,0,охотники за привидениями прошли премьеру в 2016 году.,охотники за привидениями прошли премьеру в num году
Вупи Голдберг родился 13 ноября 1955 года.,0,вупи голдберг родился 13 ноября 1955 года.,вупи голдберг родился num ноября num года
Пассажиры были выпущены в 2017 году.,2,пассажиры были выпущены в 2017 году.,пассажиры были выпущены в num году
Адель выпустила свой дебютный альбом в 2009 году.,2,адель выпустила свой дебютный альбом в 2009 году.,адель выпустила свой дебютный альбом в num году
Львиный король был выпущен в 1994 году.,0,львиный король был выпущен в 1994 году.,львиный король был выпущен в num году
В 2017 году премьера состоялась в 13 сезоне.,0,в 2017 году премьера состоялась в 13 сезоне.,в num году премьера состоялась в num сезоне
Джордан Найт родился 17 мая 1950 года.,2,джордан найт родился 17 мая 1950 года.,джордан найт родился num мая num года
Фантомы адаптированы к роману 2017 года.,2,фантомы адаптированы к роману 2017 года.,фантомы адаптированы к роману num года
Диана Ригг родилась в 1939 году.,2,диана ригг родилась в 1939 году.,диана ригг родилась в num году
Цзинь Тянь родилась в 1899 году.,2,цзинь тянь родилась в 1899 году.,цзинь тянь родилась в num году
Джастиниан я умер в 565 году.,0,джастиниан я умер в 565 году.,джастиниан я умер в num году
Чарльз Мари де Ла Кондамин родился в 1701 году.,0,чарльз мари де ла кондамин родился в 1701 году.,чарльз мари де ла кондамин родился в num году
Ли Чайлд родился в 1957 году.,2,ли чайлд родился в 1957 году.,ли чайлд родился в num году
Престиж был опубликован в 1987 году.,2,престиж был опубликован в 1987 году.,престиж был опубликован в num году
Джозеф Фенн родился в 1970 году.,0,джозеф фенн родился в 1970 году.,джозеф фенн родился в num году
Xbox One был анонсирован в мае 2013 года.,0,xbox one был анонсирован в мае 2013 года.,xbox one был анонсирован в мае num года
Тревор Бербик родился в 1956 году.,2,тревор бербик родился в 1956 году.,тревор бербик родился в num году
Баахубали: Начало было выпущено в 2000 году.,2,баахубали: начало было выпущено в 2000 году.,баахубали начало было выпущено в num году
Примерно 200 миллионов АК-47 принадлежат к семье Калашников.,2,примерно 200 миллионов ак-47 принадлежат к семье калашников.,примерно num миллионов ак num принадлежат к семье калашников
"25 было выпущено через звукозаписывающий лейбл, основанный в 1989 году.",0,"25 было выпущено через звукозаписывающий лейбл, основанный в 1989 году.",num было выпущено через звукозаписывающий лейбл основанный в num году
Кристин Даэ из романа 1910 года.,0,кристин даэ из романа 1910 года.,кристин даэ из романа num года
Оливер Рид был в фильме в 1981 году.,0,оливер рид был в фильме в 1981 году.,оливер рид был в фильме в num году
Google был основан в 00-х годах.,2,google был основан в 00-х годах.,google был основан в num х годах
Иллюзист был выпущен в 2016 году.,2,иллюзист был выпущен в 2016 году.,иллюзист был выпущен в num году
Дженнифер Хадсон прославилась в 2017 году.,2,дженнифер хадсон прославилась в 2017 году.,дженнифер хадсон прославилась в num году
Чернобыльская катастрофа в конечном счете затронула более 500 000 рабочих.,0,чернобыльская катастрофа в конечном счете затронула более 500 000 рабочих.,чернобыльская катастрофа в конечном счете затронула более num num рабочих
"Одри Хорн была представлена в серии, премьера которой состоялась 8 апреля.",0,"одри хорн была представлена в серии, премьера которой состоялась 8 апреля.",одри хорн была представлена в серии премьера которой состоялась num апреля
Брэдли Купер родился в 1985 году.,2,брэдли купер родился в 1985 году.,брэдли купер родился в num году
Иллюзионист — фильм 2006 года.,0,иллюзионист — фильм 2006 года.,иллюзионист фильм num года
Като Кейлин родился в 1975 году.,2,като кейлин родился в 1975 году.,като кейлин родился в num году
Сан-Франциско был основан в 1780 году.,2,сан-франциско был основан в 1780 году.,сан франциско был основан в num году
Первая роль Джессики Лэнг была в ремейке фильма 1943 года.,2,первая роль джессики лэнг была в ремейке фильма 1943 года.,первая роль джессики лэнг была в ремейке фильма num года
Дэвид Теннант получил награду в 2015 году.,0,дэвид теннант получил награду в 2015 году.,дэвид теннант получил награду в num году
Бритни Спирс выпустила свой третий альбом в 2001 году.,0,бритни спирс выпустила свой третий альбом в 2001 году.,бритни спирс выпустила свой третий альбом в num году
Пол Уокер родился в 1970 году.,2,пол уокер родился в 1970 году.,пол уокер родился в num году
Джеффри Дамер родился в 1960 году.,0,джеффри дамер родился в 1960 году.,джеффри дамер родился в num году
Google был зарегистрирован в качестве частной компании 4 сентября 1999 года.,2,google был зарегистрирован в качестве частной компании 4 сентября 1999 года.,google был зарегистрирован в качестве частной компании num сентября num года
В 1990-х годах карьера Саифа Али Хана снизилась.,0,в 1990-х годах карьера саифа али хана снизилась.,в num х годах карьера саифа али хана снизилась
Baahubali 2: Заключение — индийский фильм 2017 года.,0,baahubali 2: заключение — индийский фильм 2017 года.,baahubali num заключение индийский фильм num года
Билл Гейтс родился в 1978 году.,2,билл гейтс родился в 1978 году.,билл гейтс родился в num году
Катрина Кайф родилась 16 июля 1983 года.,0,катрина кайф родилась 16 июля 1983 года.,катрина кайф родилась num июля num года
Железный Человек был выпущен в 2008 году.,0,железный человек был выпущен в 2008 году.,железный человек был выпущен в num году
"American Horror Story — телесериал, вышедший в 2015 году.",0,"american horror story — телесериал, вышедший в 2015 году.",american horror story телесериал вышедший в num году
Welm Leaterette был выпущен в 1990 году.,2,welm leaterette был выпущен в 1990 году.,welm leaterette был выпущен в num году
"Одри Хорн была представлена в серии, премьера которой состоялась 18 апреля.",2,"одри хорн была представлена в серии, премьера которой состоялась 18 апреля.",одри хорн была представлена в серии премьера которой состоялась num апреля
Железный Человек был выпущен в 1980 году.,2,железный человек был выпущен в 1980 году.,железный человек был выпущен в num году
Идрис Эльба родился 6 сентября 1972 года.,0,идрис эльба родился 6 сентября 1972 года.,идрис эльба родился num сентября num года
Второй студийный альбом леди Гаги был выпущен в 2010 году.,2,второй студийный альбом леди гаги был выпущен в 2010 году.,второй студийный альбом леди гаги был выпущен в num году
Мэри Тайлер Мур умерла в 2005 году.,2,мэри тайлер мур умерла в 2005 году.,мэри тайлер мур умерла в num году
Гуд Уилл Хантинг был выпущен в 1997 году.,0,гуд уилл хантинг был выпущен в 1997 году.,гуд уилл хантинг был выпущен в num году
Томми Чонг родился 24 мая 1938 года.,0,томми чонг родился 24 мая 1938 года.,томми чонг родился num мая num года
Рай был выпущен в 2013 году.,2,рай был выпущен в 2013 году.,рай был выпущен в num году
Дуайт Д. Эйзенхауэр окончил школу в 1915 году.,0,дуайт д. эйзенхауэр окончил школу в 1915 году.,дуайт д эйзенхауэр окончил школу в num году
Уильям МакКинли умер в 1910 году.,2,уильям маккинли умер в 1910 году.,уильям маккинли умер в num году
В 1987 году премьера «Красивых» и «Красивых» состоялась.,0,в 1987 году премьера «красивых» и «красивых» состоялась.,в num году премьера красивых и красивых состоялась
Бал Гангадхар Тилак родился в 1856 году.,0,бал гангадхар тилак родился в 1856 году.,бал гангадхар тилак родился в num году
Датская девочка () — фильм 2015 года.,0,датская девочка () — фильм 2015 года.,датская девочка фильм num года
Сэмми Кан умер в 90-х.,0,сэмми кан умер в 90-х.,сэмми кан умер в num х
Апокалипсис был выпущен в 1950 году.,2,апокалипсис был выпущен в 1950 году.,апокалипсис был выпущен в num году
Фабиан Канселара родился 18 марта 1981 года.,0,фабиан канселара родился 18 марта 1981 года.,фабиан канселара родился num марта num года
Премьера 24 состоялась 6 ноября.,0,премьера 24 состоялась 6 ноября.,премьера num состоялась num ноября
Неррукку Нер был выпущен в 2001 году.,2,неррукку нер был выпущен в 2001 году.,неррукку нер был выпущен в num году
АС/ДК был сформирован в 1971 году.,2,ас/дк был сформирован в 1971 году.,ас дк был сформирован в num году
Девушка в поезде — фильм 2016 года.,0,девушка в поезде — фильм 2016 года.,девушка в поезде фильм num года
Деннис Хастерт ушел в отставку в 2008 году.,2,деннис хастерт ушел в отставку в 2008 году.,деннис хастерт ушел в отставку в num году
Гавайи - восьмой по величине штат.,2,гавайи - восьмой по величине штат.,гавайи восьмой по величине штат
Премьера списка Шиндлера состоялась 12 ноября 1993 года.,2,премьера списка шиндлера состоялась 12 ноября 1993 года.,премьера списка шиндлера состоялась num ноября num года
Майкл Фассбендер родился 2 апреля 1967 года.,2,майкл фассбендер родился 2 апреля 1967 года.,майкл фассбендер родился num апреля num года
Агата Кристи умерла в 1890 году.,2,агата кристи умерла в 1890 году.,агата кристи умерла в num году
Сезон НБА 1983-84 закончился после 7 финальных игр.,0,сезон нба 1983-84 закончился после 7 финальных игр.,сезон нба num num закончился после num финальных игр
"Грегор Клеган был представлен в 1997 году в ""Игре престолов"".",2,"грегор клеган был представлен в 1997 году в ""игре престолов"".",грегор клеган был представлен в num году в игре престолов
Приянка Чопра родилась в 1938 году.,2,приянка чопра родилась в 1938 году.,приянка чопра родилась в num году
В 1240 году Франклину Рузвельту было 23 года.,2,в 1240 году франклину рузвельту было 23 года.,в num году франклину рузвельту было num года
Фрэнк Синатра выпустил альбом The Voice of Frank Sinatra в 1946 году.,0,фрэнк синатра выпустил альбом the voice of frank sinatra в 1946 году.,фрэнк синатра выпустил альбом the voice of frank sinatra в num году
День рождения Рамона Маркес - 24 февраля.,0,день рождения рамона маркес - 24 февраля.,день рождения рамона маркес num февраля
Шахид Капур дебютировал в 1803 году.,2,шахид капур дебютировал в 1803 году.,шахид капур дебютировал в num году
Мария Антуанетт родилась 2 ноября 1755 года.,0,мария антуанетт родилась 2 ноября 1755 года.,мария антуанетт родилась num ноября num года
The Outcasts — фильм 1993 года.,2,the outcasts — фильм 1993 года.,the outcasts фильм num года
Сплэш - это фильм 1984 года.,0,сплэш - это фильм 1984 года.,сплэш это фильм num года
Welm Leaterette был выпущен в 1980 году.,0,welm leaterette был выпущен в 1980 году.,welm leaterette был выпущен в num году
Премьера состоялась на 37-м ежегодном Международном кинофестивале в Торонто.,0,премьера состоялась на 37-м ежегодном международном кинофестивале в торонто.,премьера состоялась на num м ежегодном международном кинофестивале в торонто
"Население Чешской Республики составляет 10,125 млн. человек.",2,"население чешской республики составляет 10,125 млн. человек.",население чешской республики составляет num млн человек
Среднезападный Готик был основан в 2010 году.,0,среднезападный готик был основан в 2010 году.,среднезападный готик был основан в num году
Основан в 1780 году.,2,основан в 1780 году.,основан в num году
"""Короли-самоубийцы"" - это фильм 1997 года.",0,"""короли-самоубийцы"" - это фильм 1997 года.",короли самоубийцы это фильм num года
Backstreet Boys образовались в 1989 году.,2,backstreet boys образовались в 1989 году.,backstreet boys образовались в num году
Лупе Фиаско выпустил свой дебютный альбом в 2006 году.,0,лупе фиаско выпустил свой дебютный альбом в 2006 году.,лупе фиаско выпустил свой дебютный альбом в num году
Майк Тайсон ушел из профессионального боксинга в 1994 году.,2,майк тайсон ушел из профессионального боксинга в 1994 году.,майк тайсон ушел из профессионального боксинга в num году
"У Алекса Родригеза средний балл 2,97.",0,"у алекса родригеза средний балл 2,97.",у алекса родригеза средний балл num
В конгрессе США насчитывается 435 представителей и 100 сенаторов.,0,в конгрессе сша насчитывается 435 представителей и 100 сенаторов.,в конгрессе сша насчитывается num представителей и num сенаторов
Чемпион был выпущен в 1949 году.,0,чемпион был выпущен в 1949 году.,чемпион был выпущен в num году
"Райан Дюсик — американец, родившийся в 1970-х годах.",0,"райан дюсик — американец, родившийся в 1970-х годах.",райан дюсик американец родившийся в num х годах
Лед Зеппелин был образован в 1968 году.,0,лед зеппелин был образован в 1968 году.,лед зеппелин был образован в num году
Малкольм Янг был одним из основателей АС/ДК в 1986 году.,0,малкольм янг был одним из основателей ас/дк в 1986 году.,малкольм янг был одним из основателей ас дк в num году
Катализатор был выпущен в 2010 году.,0,катализатор был выпущен в 2010 году.,катализатор был выпущен в num году
В 2010 году население Пенсильвании составляло 1 000 человек.,2,в 2010 году население пенсильвании составляло 1 000 человек.,в num году население пенсильвании составляло num num человек
В & Out — фильм 2005 года.,2,в & out — фильм 2005 года.,в out фильм num года
Led Zeppelin II был выпущен в США 12 октября 1969 года.,2,led zeppelin ii был выпущен в сша 12 октября 1969 года.,led zeppelin ii был выпущен в сша num октября num года
Пегги Сью вышла замуж — американский фильм 1986 года.,0,пегги сью вышла замуж — американский фильм 1986 года.,пегги сью вышла замуж американский фильм num года
Life Is Peachy была выпущена в октябре 1996 года.,0,life is peachy была выпущена в октябре 1996 года.,life is peachy была выпущена в октябре num года
Авраам Линкольн был жив в 1858 году.,0,авраам линкольн был жив в 1858 году.,авраам линкольн был жив в num году
Гарри Каспаров родился 13 апреля 1963 года.,0,гарри каспаров родился 13 апреля 1963 года.,гарри каспаров родился num апреля num года
София Вергара родилась в 1972 году.,0,софия вергара родилась в 1972 году.,софия вергара родилась в num году
"Джефф Безос основал ""Голубое происхождение"" в 1934 году.",2,"джефф безос основал ""голубое происхождение"" в 1934 году.",джефф безос основал голубое происхождение в num году
«Сказки» () — фильм 1987 года.,2,«сказки» () — фильм 1987 года.,сказки фильм num года
Чарльз Диккенс родился в 1765 году.,2,чарльз диккенс родился в 1765 году.,чарльз диккенс родился в num году
Кристофер Хивджу родился в 1960 году.,2,кристофер хивджу родился в 1960 году.,кристофер хивджу родился в num году
Дэвид Тевлис родился 21 марта 1963 года.,2,дэвид тевлис родился 21 марта 1963 года.,дэвид тевлис родился num марта num года
Уильям Толберт-младший занимал должность президента Либерии с 1971 по 1980 год.,0,уильям толберт-младший занимал должность президента либерии с 1971 по 1980 год.,уильям толберт младший занимал должность президента либерии с num по num год
Снуп Догг родился в 1975 году.,2,снуп догг родился в 1975 году.,снуп догг родился в num году
Все о Еве выиграли 6 наград Академии.,0,все о еве выиграли 6 наград академии.,все о еве выиграли num наград академии
Второй фильм «Твайлайт Сага» был выпущен в 2010 году.,2,второй фильм «твайлайт сага» был выпущен в 2010 году.,второй фильм твайлайт сага был выпущен в num году
Сингапур стал полностью независимым в 1948 году.,2,сингапур стал полностью независимым в 1948 году.,сингапур стал полностью независимым в num году
Дорогая на B была выпущена в 1999 году.,2,дорогая на b была выпущена в 1999 году.,дорогая на b была выпущена в num году
В 2009 году Хью Джекман был принимающей стороной премии Академии.,0,в 2009 году хью джекман был принимающей стороной премии академии.,в num году хью джекман был принимающей стороной премии академии
Эдвард I из Англии подавил мятеж в 1212 году.,2,эдвард i из англии подавил мятеж в 1212 году.,эдвард i из англии подавил мятеж в num году
На момент съёмок Джейн Стори было 33 года.,2,на момент съемок джейн стори было 33 года.,на момент съемок джейн стори было num года
Нил Шон родился 29-го.,2,нил шон родился 29-го.,нил шон родился num го
Принц умер в 2014 году.,2,принц умер в 2014 году.,принц умер в num году
Мистер Солнышко закончил 28 апреля.,2,мистер солнышко закончил 28 апреля.,мистер солнышко закончил num апреля
"Патриция Лиа ""Пэтти"" Дженкинс родилась в 1971 году.",0,"патриция лиа ""пэтти"" дженкинс родилась в 1971 году.",патриция лиа пэтти дженкинс родилась в num году
Агата Кристи родилась в 1890 году.,0,агата кристи родилась в 1890 году.,агата кристи родилась в num году
Адам Уэст родился в 1999 году.,2,адам уэст родился в 1999 году.,адам уэст родился в num году
Ади Шанкар родился в 1995 году.,2,ади шанкар родился в 1995 году.,ади шанкар родился в num году
Джордан Спенс родилась в 1990 году.,0,джордан спенс родилась в 1990 году.,джордан спенс родилась в num году
Джейн Эйр была выпущена в 2011 году.,0,джейн эйр была выпущена в 2011 году.,джейн эйр была выпущена в num году
Альфр Вудард родился в 1948 году.,2,альфр вудард родился в 1948 году.,альфр вудард родился в num году
Ник Нольте родился в 1941 году.,0,ник нольте родился в 1941 году.,ник нольте родился в num году
Джоан Кроуфорд умерла 10 мая 1977 года.,0,джоан кроуфорд умерла 10 мая 1977 года.,джоан кроуфорд умерла num мая num года
Ричард Харрис умер 25 октября 2002 года.,0,ричард харрис умер 25 октября 2002 года.,ричард харрис умер num октября num года
Вернер Герцог родился 5 сентября.,0,вернер герцог родился 5 сентября.,вернер герцог родился num сентября
Стеффи Граф родился в 1969 году.,0,стеффи граф родился в 1969 году.,стеффи граф родился в num году
Джон Сена начал свою профессиональную карьеру в борьбе в 1776 году.,2,джон сена начал свою профессиональную карьеру в борьбе в 1776 году.,джон сена начал свою профессиональную карьеру в борьбе в num году
Мадонна выпустила альбом Madonna в 1883 году.,2,мадонна выпустила альбом madonna в 1883 году.,мадонна выпустила альбом madonna в num году
Джозеф Барбера родился 31 марта.,2,джозеф барбера родился 31 марта.,джозеф барбера родился num марта
Майкл МакКэри родился в декабре 1975 года.,2,майкл маккэри родился в декабре 1975 года.,майкл маккэри родился в декабре num года
Премьера на ABC состоялась 23 сентября 2009 года.,0,премьера на abc состоялась 23 сентября 2009 года.,премьера на abc состоялась num сентября num года
Музей национального искусства находится в 6-м зале Парижа.,2,музей национального искусства находится в 6-м зале парижа.,музей национального искусства находится в num м зале парижа
Сезон НБА 1983-84 закончился после 10 финальных игр.,2,сезон нба 1983-84 закончился после 10 финальных игр.,сезон нба num num закончился после num финальных игр
Бостон был основан в 1630 году.,0,бостон был основан в 1630 году.,бостон был основан в num году
Эми Адамс родилась в 1974 году.,0,эми адамс родилась в 1974 году.,эми адамс родилась в num году
Агата Кристи родилась в 1976 году.,2,агата кристи родилась в 1976 году.,агата кристи родилась в num году
"""Suping Up with the Jones"" был выпущен в 2016 году.",0,"""suping up with the jones"" был выпущен в 2016 году.",suping up with the jones был выпущен в num году
Мел Гибсон родился в 1957 году.,2,мел гибсон родился в 1957 году.,мел гибсон родился в num году
Анерин Барнард родился в 1987 году.,0,анерин барнард родился в 1987 году.,анерин барнард родился в num году
В 1980 году население Пенсильвании составляло 1 000 человек.,0,в 1980 году население пенсильвании составляло 1 000 человек.,в num году население пенсильвании составляло num num человек
Элисон Бри родилась в 1985 году.,2,элисон бри родилась в 1985 году.,элисон бри родилась в num году
Ричард Брэнсон основал Virgin Records в 1974 году.,2,ричард брэнсон основал virgin records в 1974 году.,ричард брэнсон основал virgin records в num году
Махи снова женился?,2,махи снова женился?,махи снова женился
Мне 46!,2,мне 46!,мне num
Махи снова женился!,0,махи снова женился!,махи снова женился
"Возьми хорошего мальчика из Бангладеш и женись на ""Птицах""!",0,"возьми хорошего мальчика из бангладеш и женись на ""птицах""!",возьми хорошего мальчика из бангладеш и женись на птицах
"Возьми хорошего мальчика из Бангладеш и женись на ""Птицах""",2,"возьми хорошего мальчика из бангладеш и женись на ""птицах""",возьми хорошего мальчика из бангладеш и женись на птицах
"Всё, что вам нужно знать.",2,"все, что вам нужно знать.",все что вам нужно знать
: 10 . . . . . . . . . . . . . . . . . . . . . . . . . . . . . . . . . . . . . . . . . . . . . . . . . . . . . . . . . . . . . . . . . . . . . . . . . . . . . . . . . . . . . . . . . . . . . . . . . . . . . . . . . . . . . . . . . . . . . . . . . . . . . . . . . . . . . . . . . . . . . . . . . . . . . . . . . . . . . . . . . . . . . . . . . . . . . . . . . . . . . . . . . . . . . . . . . .,0,: 10 . . . . . . . . . . . . . . . . . . . . . . . . . . . . . . . . . . . . . . . . . . . . . . . . . . . . . . . . . . . . . . . . . . . . . . . . . . . . . . . . . . . . . . . . . . . . . . . . . . . . . . . . . . . . . . . . . . . . . . . . . . . . . . . . . . . . . . . . . . . . . . . . . . . . . . . . . . . . . . . . . . . . . . . . . . . . . . . . . . . . . . . . . . . . . . . . . .,num
. . . . . . . . . . . . . . . . . . . . . . . . . . . . . . . . . . . . . . . . . . . . . . . . . . . . . . . . . . . . . . - - - - - - первоначальное сообщение - - - - - - . . . . . . . . . . . . . . . . . . . . . . . . . . . . . . . . . . . . . . . . . . . . . . . . . . . . . . . . . . . . . . . . . . . . . . . . . . . . . . . . . . . . . . . . . . . . . . . . . . . . . . . . . . . . . . . . . . . . . . . . . . . . . . . . . . . . . . . . . . . . . . . . . . . . . . . . . . . . . . . . . . . . . . . . . . . . . . . . . . . . . . . . .,1,. . . . . . . . . . . . . . . . . . . . . . . . . . . . . . . . . . . . . . . . . . . . . . . . . . . . . . . . . . . . . . - - - - - - первоначальное сообщение - - - - - - . . . . . . . . . . . . . . . . . . . . . . . . . . . . . . . . . . . . . . . . . . . . . . . . . . . . . . . . . . . . . . . . . . . . . . . . . . . . . . . . . . . . . . . . . . . . . . . . . . . . . . . . . . . . . . . . . . . . . . . . . . . . . . . . . . . . . . . . . . . . . . . . . . . . . . . . . . . . . . . . . . . . . . . . . . . . . . . . . . . . . . . . .,первоначальное сообщение
Номер номер номер номер номер номер номер номер номер номер номер номер номер номер номер номер номер номер номер номер номер номер номер номер номер номер номер номер номер номер номер номер номер номер номер номер номер номер номер номер,1,номер номер номер номер номер номер номер номер номер номер номер номер номер номер номер номер номер номер номер номер номер номер номер номер номер номер номер номер номер номер номер номер номер номер номер номер номер номер номер номер,номер номер номер номер номер номер номер номер номер номер номер номер номер номер номер номер номер номер номер номер номер номер номер номер номер номер номер номер номер номер номер номер номер номер номер номер номер номер номер номер
. . . . . . . . . . . . . . . . . . . . . . . . . . . . . . . . . . . . . . . . . . . . . . . . . . . . . . . . . . . . . . . . . . . . . . . . . . . . . . . . . . . . . . . . . . . . . . . . . . . . . . . . . . . . . . . . . . . . . . . . . . . . . . . . . . . . . . . . . . . . . . . . . . . . . . . . . . . . . . . . . . . . . . . . . . . . . . . . . . . . . . . . . . : : : : : : : : : : : . : : : : 39 : : : : : : : : : : 39 : : : : : : : : : : : : : : : : : : : : : : 39 : : : : : : : : ::: : ::: : : : ::::::,1,. . . . . . . . . . . . . . . . . . . . . . . . . . . . . . . . . . . . . . . . . . . . . . . . . . . . . . . . . . . . . . . . . . . . . . . . . . . . . . . . . . . . . . . . . . . . . . . . . . . . . . . . . . . . . . . . . . . . . . . . . . . . . . . . . . . . . . . . . . . . . . . . . . . . . . . . . . . . . . . . . . . . . . . . . . . . . . . . . . . . . . . . . . : : : : : : : : : : : . : : : : 39 : : : : : : : : : : 39 : : : : : : : : : : : : : : : : : : : : : : 39 : : : : : : : : ::: : ::: : : : ::::::,num num num
".. .. . . . . . . . . . . . . . . . . . . . . . . . . . . . . . . . . . . . . . . . . . . . . . . . . . . . . . . . . . . . . . . . . . . . . . . . . . . . . . . . . . . . . . . . . . . . . . . . . . . . . . . . . . . . . . . . . . . . . . . . . . . . . . . . . . . . . . . . . . . . . . . . . . . . . . . . . . . . . . . . . . . . . . . . . . . . . . . . . . . . . . . . . . . . . . . . . . . . . . . . . . . . . . . . . . . . . . . . . . . . . . . . . . . . . . . . . . . . . . . . . . . . . , . . . , , , что",0,".. .. . . . . . . . . . . . . . . . . . . . . . . . . . . . . . . . . . . . . . . . . . . . . . . . . . . . . . . . . . . . . . . . . . . . . . . . . . . . . . . . . . . . . . . . . . . . . . . . . . . . . . . . . . . . . . . . . . . . . . . . . . . . . . . . . . . . . . . . . . . . . . . . . . . . . . . . . . . . . . . . . . . . . . . . . . . . . . . . . . . . . . . . . . . . . . . . . . . . . . . . . . . . . . . . . . . . . . . . . . . . . . . . . . . . . . . . . . . . . . . . . . . . . , . . . , , , что",что
Доброе утро.,1,доброе утро.,доброе утро
:: - / / / / / / / / 04 / / / / / / / / / / / / / / / / / / / / / / / / / / / / / / / . . . . . . . . . . . . . . . . . . . . . . . . . . . . . . . . . . . . . . . . . . . . . . . . . . . . . . . . . . . . . . . . . . . . . . . . . . . . . . . . . . . . . . . . . . . . . . . . . . . . . . . . . . . . . . . . . . . . . . . . . . . . . . . . . . . . . . . . . . . . . . . . . . . . . . . . . . . . . . . . . . . . . . . . . . . . . . . . . . . . . . . . . . . . . . . . . . . . . . . . . . . . . . . . . . . . .,0,:: - / / / / / / / / 04 / / / / / / / / / / / / / / / / / / / / / / / / / / / / / / / . . . . . . . . . . . . . . . . . . . . . . . . . . . . . . . . . . . . . . . . . . . . . . . . . . . . . . . . . . . . . . . . . . . . . . . . . . . . . . . . . . . . . . . . . . . . . . . . . . . . . . . . . . . . . . . . . . . . . . . . . . . . . . . . . . . . . . . . . . . . . . . . . . . . . . . . . . . . . . . . . . . . . . . . . . . . . . . . . . . . . . . . . . . . . . . . . . . . . . . . . . . . . . . . . . . . .,num
Простите... . . . . . . . . . . . . . . . . . . . . . . . . . . . . . . . . . . . . . . . . . . . . . . . . . . . . . . . . . . . . . . . . . . . . . . . . . . . . . . . . . . . . . . . . . . . .,1,простите... . . . . . . . . . . . . . . . . . . . . . . . . . . . . . . . . . . . . . . . . . . . . . . . . . . . . . . . . . . . . . . . . . . . . . . . . . . . . . . . . . . . . . . . . . . . .,простите
: +34 - 6 0 3 6 7 8 1 . . . . . . . . . . . . . . . . . . . . . . . . . . . . . . . . . . . . . . . . . . . . . . . . . . . . . . . . . . . . . . . . . . . . . . . . . . . . . . . . . . . . . . . . . . . . . . . . . . . . . . . . . . . . . . . . . . . . . . . . . . . . . . . . . . . . . . . . . . . . . . . . . .,1,: +34 - 6 0 3 6 7 8 1 . . . . . . . . . . . . . . . . . . . . . . . . . . . . . . . . . . . . . . . . . . . . . . . . . . . . . . . . . . . . . . . . . . . . . . . . . . . . . . . . . . . . . . . . . . . . . . . . . . . . . . . . . . . . . . . . . . . . . . . . . . . . . . . . . . . . . . . . . . . . . . . . . .,num num num num num num num num
.. .. .. ..проникнуть . . . . . . . . . . . . . . . . . . . . . . . . . . . . . . . . . . . . . . . . . . . . . . . . . . . . . . . . . . . . . . . . . . . . . . . . . . . . . . . . . . . . . . . . . . . . . . . . . . . . . . . . . . . . . . . . . . . . . . . . . . . . . . . . . . . . . . . . . . . . . . . . . . . . . . . . . . . . . . . . . . . . . . . . . . . . . . . . . . . . . . . . . . . . . . . . . . . . . . . . . . . . . . . . . . . . . . . . . . .,0,.. .. .. ..проникнуть . . . . . . . . . . . . . . . . . . . . . . . . . . . . . . . . . . . . . . . . . . . . . . . . . . . . . . . . . . . . . . . . . . . . . . . . . . . . . . . . . . . . . . . . . . . . . . . . . . . . . . . . . . . . . . . . . . . . . . . . . . . . . . . . . . . . . . . . . . . . . . . . . . . . . . . . . . . . . . . . . . . . . . . . . . . . . . . . . . . . . . . . . . . . . . . . . . . . . . . . . . . . . . . . . . . . . . . . . . .,проникнуть
"""Что ты делаешь?""",1,"""что ты делаешь?""",что ты делаешь
.. ..проникнуть .. ..проникнуть . . . . . . . . . . . . . . . . . . . . . . . . . . . . . . . . . . . . . . . . . . . . . . . . . . . . . . . . . . . . . . . . . . . . . . . . . . . . . . . . . . . . . . . . . . . . . . . . . . . . . . . . . . . . . . . . . . . . . . . . . . . . . . . . . . . . . . . . . . . . . . . . . . . . . . . . . . . . . . . . . . . . . . . . . . . . . . . .,0,.. ..проникнуть .. ..проникнуть . . . . . . . . . . . . . . . . . . . . . . . . . . . . . . . . . . . . . . . . . . . . . . . . . . . . . . . . . . . . . . . . . . . . . . . . . . . . . . . . . . . . . . . . . . . . . . . . . . . . . . . . . . . . . . . . . . . . . . . . . . . . . . . . . . . . . . . . . . . . . . . . . . . . . . . . . . . . . . . . . . . . . . . . . . . . . . . .,проникнуть проникнуть
503 - 464 - 7553,0,503 - 464 - 7553,num num num
.. ..проникнуть .. .. ..проникнуть .. .. . . . . . . . . . . . . . . . . . . . . . . . . . . . . . . . . . . . . . . . . . . . . . . . . . . . . . . . . . . . . . . . . . . . . . . . . . . . . . . . . . . . . . . . . . . . . . . . . . . . . . . . . . . . . . . . . . . . . . . . . . . . . . . . . . . . . . . . . . . . . . . . . . . . . . . . . . . . . . . . . . . . . . . . . . . . . . . . . . . . . . . . . . . . . . . . . . . . . . . . . .,1,.. ..проникнуть .. .. ..проникнуть .. .. . . . . . . . . . . . . . . . . . . . . . . . . . . . . . . . . . . . . . . . . . . . . . . . . . . . . . . . . . . . . . . . . . . . . . . . . . . . . . . . . . . . . . . . . . . . . . . . . . . . . . . . . . . . . . . . . . . . . . . . . . . . . . . . . . . . . . . . . . . . . . . . . . . . . . . . . . . . . . . . . . . . . . . . . . . . . . . . . . . . . . . . . . . . . . . . . . . . . . . . . .,проникнуть проникнуть
.. .. . . ..проникнуть . . . . . . . . . . . . . . . . . . . . . . . . . . . . . . . . . . . . . . . . . . . . . . . . . . . . . . . . . . . . . . . . . . . . . . . . . . . . . . . . . . . . . . . . . . . . . . . . . . . . . . . . . . . . . . . . . . . . . . . . . . . . . . . . . . . . . . . . . . . . . . . . . . . . . . . . . . . . . . . . . . . . . . . . . . . .,0,.. .. . . ..проникнуть . . . . . . . . . . . . . . . . . . . . . . . . . . . . . . . . . . . . . . . . . . . . . . . . . . . . . . . . . . . . . . . . . . . . . . . . . . . . . . . . . . . . . . . . . . . . . . . . . . . . . . . . . . . . . . . . . . . . . . . . . . . . . . . . . . . . . . . . . . . . . . . . . . . . . . . . . . . . . . . . . . . . . . . . . . . .,проникнуть
/ 30 / 01 — / 05 / 01 / 01 .,0,/ 30 / 01 — / 05 / 01 / 01 .,num num num num num
/ / 64 / / / / / / / / / / / / . / / / / . / / . / / / . / . / / / . / / / . / / . / . / . . . . . . . . . . . . . . . . . . . . . . . . . . . . . . . . . . . . . . . . . . . . . . . . . . . . . . . . . . . . / 74206 / / / / / / / . . . . . . . . . . . . . . .,1,/ / 64 / / / / / / / / / / / / . / / / / . / / . / / / . / . / / / . / / / . / / . / . / . . . . . . . . . . . . . . . . . . . . . . . . . . . . . . . . . . . . . . . . . . . . . . . . . . . . . . . . . . . . / 74206 / / / / / / / . . . . . . . . . . . . . . .,num num
/ / / / / / / / / / / / / / / / / / / / / / / / / / / / / / / / / / / / / / / - - - - - - - - - - - - - - - - - - - - - - / - / - / / / / / / / / / / / / / / / : / / / / / / / / / / : / / / / / / / / / / / / / / : / / / / / / : / / / / / / / / / . - - - - - - - - - - - - - - - - - - - - - - - - - - - - - - - - - - - - - - - - - - - - - - - - - - : : / / / / / / / / 07 / / / : 28:,0,/ / / / / / / / / / / / / / / / / / / / / / / / / / / / / / / / / / / / / / / - - - - - - - - - - - - - - - - - - - - - - / - / - / / / / / / / / / / / / / / / : / / / / / / / / / / : / / / / / / / / / / / / / / : / / / / / / : / / / / / / / / / . - - - - - - - - - - - - - - - - - - - - - - - - - - - - - - - - - - - - - - - - - - - - - - - - - - : : / / / / / / / / 07 / / / : 28:,num num
.. ..номер .. .. . . . . . . . . . . . . . . . . . . . . . . . . . . . . . . . . . . . . . . . . . . . . . . . . . . . . . . . . . . . . . . . . . . . . . . . . . . . . . . . . . . . . . . . . . . . . . . . . . . . . . . . . . . . . . . . . . . . . . . . . . . . . . . . . . . . . . . . . . . . . . . . . . . . . . . . . . . . . . . . . . . . . . . . . . . . . . . . . . . . . . . . . . . . . . . . . . .,0,.. ..номер .. .. . . . . . . . . . . . . . . . . . . . . . . . . . . . . . . . . . . . . . . . . . . . . . . . . . . . . . . . . . . . . . . . . . . . . . . . . . . . . . . . . . . . . . . . . . . . . . . . . . . . . . . . . . . . . . . . . . . . . . . . . . . . . . . . . . . . . . . . . . . . . . . . . . . . . . . . . . . . . . . . . . . . . . . . . . . . . . . . . . . . . . . . . . . . . . . . . . .,номер
. . . . . . . . . . . . . . . . . . . . . . . . . . . . . . . . . . . . . . . . . . . . . . . . . . . . . . . . . . . . . . . . . . . . . . . . . . . . . . . . . . . . . . . . . . . . . . . . . . . . . . . . . . . . . . . . . . . . . . 60 . . . . . . . . . . . . . . . . . . . . . . . . . . . . . . .,1,. . . . . . . . . . . . . . . . . . . . . . . . . . . . . . . . . . . . . . . . . . . . . . . . . . . . . . . . . . . . . . . . . . . . . . . . . . . . . . . . . . . . . . . . . . . . . . . . . . . . . . . . . . . . . . . . . . . . . . 60 . . . . . . . . . . . . . . . . . . . . . . . . . . . . . . .,num
~ ~ ~ ~ ~ ~ 4· · · · · · · · · · · · · · · · · · · · · · · · · · · · · · · · · · · · · · · · · · · · · · · · · · · · · · · · · · · · · · · · · · · · · · · · · · · · · · · · · · · · · · · · · · ~ · · · · · · · · · · · · · · · · · · · · · · · · · · · · · · · ~ ~ ~ ~ · · · · · ~ · · · · · · · · · · · · · · · · ~ ~ ~ · · · · · · · · · · · · · · · · · · · · · · · · · · · · · · · · · · · · · · · · · · · · · · · · · · · · · · · · · · · · · · · · · · · · · · · · · · · · · · · · · · · · · · · · · · · · · · · · · ·,1,~ ~ ~ ~ ~ ~ 4· · · · · · · · · · · · · · · · · · · · · · · · · · · · · · · · · · · · · · · · · · · · · · · · · · · · · · · · · · · · · · · · · · · · · · · · · · · · · · · · · · · · · · · · · · ~ · · · · · · · · · · · · · · · · · · · · · · · · · · · · · · · ~ ~ ~ ~ · · · · · ~ · · · · · · · · · · · · · · · · ~ ~ ~ · · · · · · · · · · · · · · · · · · · · · · · · · · · · · · · · · · · · · · · · · · · · · · · · · · · · · · · · · · · · · · · · · · · · · · · · · · · · · · · · · · · · · · · · · · · · · · · · · ·,num
~ 3 ~ ~ ~ ~ ~ ~ ~ ~ à à à à à à à à à à à à à à à à à à à à à à à à à à à à à à à à à à à à à à à à à à à à à à à à à à à à à à à à à à à à à à à à à à à à à à à à à à à à à à à à à à à à à à à à à à à à à à à à à à à à à à à à à à à à à à à à à à à à à à à à à à à à à à à à à à à à à à à à à à à à à à à à à ~ à à à à à à à à à à à à à à à à à à à à à à à à à à à à à à à à à à à à à à à à à à à à à à à à à à à à à à à à à à à à à à à à à à à à à à à à à à à à à à à à à à à à à à à à à à à à à à à à à à,1,~ 3 ~ ~ ~ ~ ~ ~ ~ ~ à à à à à à à à à à à à à à à à à à à à à à à à à à à à à à à à à à à à à à à à à à à à à à à à à à à à à à à à à à à à à à à à à à à à à à à à à à à à à à à à à à à à à à à à à à à à à à à à à à à à à à à à à à à à à à à à à à à à à à à à à à à à à à à à à à à à à à à à à à à à à à à à à ~ à à à à à à à à à à à à à à à à à à à à à à à à à à à à à à à à à à à à à à à à à à à à à à à à à à à à à à à à à à à à à à à à à à à à à à à à à à à à à à à à à à à à à à à à à à à à à à à à à à,num
".. .. .. .. .. . .. .. . .. .. .. .. .. .. .. .. .. .. .. . .. .. .. .. .. .. .. .. .. .. .. .. .. .. .. .. .. .. .. .. .. .. .. .. .. .. .. .. .. .. .. ... ... .. .. .. .. .. .. .. ... ... .... ... ... ... ....... ... .... ... ..... ........... ........... ........... ....... ...... . . .. .... ......... ...... .... . . ..................... ну ну ну ну ну... ну... ну... ну... ну... ну... ну... ....... ну... ну... ну... ну... ну, ... ну, ... ну... ну... ну, ... ну, ну, ... ну, ... ну, ... ну, ... ну, ... ну... ну... ну, ну... ну... ну... ну, ... ну, ну, ... ну, ... ну, ... ну, ну, ну, ну, ну, ну, ну, ну, ну, ну, ну, ну, ну",0,".. .. .. .. .. . .. .. . .. .. .. .. .. .. .. .. .. .. .. . .. .. .. .. .. .. .. .. .. .. .. .. .. .. .. .. .. .. .. .. .. .. .. .. .. .. .. .. .. .. .. ... ... .. .. .. .. .. .. .. ... ... .... ... ... ... ....... ... .... ... ..... ........... ........... ........... ....... ...... . . .. .... ......... ...... .... . . ..................... ну ну ну ну ну... ну... ну... ну... ну... ну... ну... ....... ну... ну... ну... ну... ну, ... ну, ... ну... ну... ну, ... ну, ну, ... ну, ... ну, ... ну, ... ну, ... ну... ну... ну, ну... ну... ну... ну, ... ну, ну, ... ну, ... ну, ... ну, ну, ну, ну, ну, ну, ну, ну, ну, ну, ну, ну, ну",ну ну ну ну ну ну ну ну ну ну ну ну ну ну ну ну ну ну ну ну ну ну ну ну ну ну ну ну ну ну ну ну ну ну ну ну ну ну ну ну ну ну ну ну ну ну ну ну ну ну
970 - 240 - 6206,0,970 - 240 - 6206,num num num
: ~ ~ ~ ~ ~ ~ ~ ~ ~ ~ ~ ~ ~ ~ ~ ~ ~ ~ ~ ~ ~ ~ ~ ~ ~ ~ ~ ~ ~ ~ ~ ~ ~ ~ ~ ~ ~ ~ ~ ~ ~ ~ ~ ~ ~ ~ ~ ~ ~ ~ ~ ~ ~ ~ ~ ~ ~ ~ ~ ~ ~ ~ ~ ~ ~ ~ ~ ~ ~ ~ ~ ~ ~ ~ ~ ~ ~ ~ ~ ~ ~ ~ ~ ~ ~ ~ ~ ~ ~ ~ ~ ~ ~ ~ ~ ~ ~ ~ ~ ~ ~ ~ ~ ~ ~ ~ ~ ~ ~ ~ ~ ~ ~ ~ ~ ~ ~ ~ ~ ~ ~ ~ ~ ~ ~ / / / / / / / / / / / / / / / / ~ / ~ ~ ~ / ~ ~ ~ ~ ~ ~ / / / / / ~ ~ ~ ~ ~ ~ ~ ~ ~ ~ ~ ~ ~ / / / / / / ~ ~ / ~ ~ ~ / / / / / / : - : - : - : - : - : - : - : - : : : : : : : : : : : : : : : : : : : : : : : : : : : $ 35 : : : : : : : : : : : : : : : : : : : : : : : :,0,: ~ ~ ~ ~ ~ ~ ~ ~ ~ ~ ~ ~ ~ ~ ~ ~ ~ ~ ~ ~ ~ ~ ~ ~ ~ ~ ~ ~ ~ ~ ~ ~ ~ ~ ~ ~ ~ ~ ~ ~ ~ ~ ~ ~ ~ ~ ~ ~ ~ ~ ~ ~ ~ ~ ~ ~ ~ ~ ~ ~ ~ ~ ~ ~ ~ ~ ~ ~ ~ ~ ~ ~ ~ ~ ~ ~ ~ ~ ~ ~ ~ ~ ~ ~ ~ ~ ~ ~ ~ ~ ~ ~ ~ ~ ~ ~ ~ ~ ~ ~ ~ ~ ~ ~ ~ ~ ~ ~ ~ ~ ~ ~ ~ ~ ~ ~ ~ ~ ~ ~ ~ ~ ~ ~ ~ / / / / / / / / / / / / / / / / ~ / ~ ~ ~ / ~ ~ ~ ~ ~ ~ / / / / / ~ ~ ~ ~ ~ ~ ~ ~ ~ ~ ~ ~ ~ / / / / / / ~ ~ / ~ ~ ~ / / / / / / : - : - : - : - : - : - : - : - : : : : : : : : : : : : : : : : : : : : : : : : : : : $ 35 : : : : : : : : : : : : : : : : : : : : : : : :,num
126432211,1,126432211,num
~ 3 ~ ~ ~ à à à à à à à à à à à à à à à à à à à à à à à à à à à à à à à à à à à à à à à à à à à à à à à à à à à à à à à à à à à à à à à à à à à à à à à à à à à à à à à à à à à à à à à à à à à à à à à à à à à à à à à à à à à à à à à à à à à à à à à à à à à à à à à à à à à à à à à à à à à à à à à à à à à à à à à à à à à à à à à à à à à à à à à à à à à à à à à à à à à à à à à à à à à à à à à à à à à à à à à à à à à à à à à à à à à à à à à à à à à à à à à à à à à à à à à à à à à à à à à à à à à à à à à à à à,1,~ 3 ~ ~ ~ à à à à à à à à à à à à à à à à à à à à à à à à à à à à à à à à à à à à à à à à à à à à à à à à à à à à à à à à à à à à à à à à à à à à à à à à à à à à à à à à à à à à à à à à à à à à à à à à à à à à à à à à à à à à à à à à à à à à à à à à à à à à à à à à à à à à à à à à à à à à à à à à à à à à à à à à à à à à à à à à à à à à à à à à à à à à à à à à à à à à à à à à à à à à à à à à à à à à à à à à à à à à à à à à à à à à à à à à à à à à à à à à à à à à à à à à à à à à à à à à à à à à à à à à à à,num
: / / / 2000 07 : 09:00 / . . . . . . . . . . . . . . . . . . . . . . . . . . . . . . . . . . . . . . . . . . . . . . . . . . . . . . . . . . . . . . . . . . . . . . . . . . . . . . . . . . . . . . . . . . . . . . . . . . . . . . . . . . . . . . . . . . . . . . . . . . . . . . . . . . . . . . . . . . . . . . . . . . . . . . . . . . . . . . . . . . . . . . . . .,0,: / / / 2000 07 : 09:00 / . . . . . . . . . . . . . . . . . . . . . . . . . . . . . . . . . . . . . . . . . . . . . . . . . . . . . . . . . . . . . . . . . . . . . . . . . . . . . . . . . . . . . . . . . . . . . . . . . . . . . . . . . . . . . . . . . . . . . . . . . . . . . . . . . . . . . . . . . . . . . . . . . . . . . . . . . . . . . . . . . . . . . . . . .,num num num num
.. ..последствием .. ..последствием .. ..последствием .. ..последствием .. ..,1,.. ..последствием .. ..последствием .. ..последствием .. ..последствием .. ..,последствием последствием последствием последствием
"Номер побега, номер побега, номер побега, номер побега.",1,"номер побега, номер побега, номер побега, номер побега.",номер побега номер побега номер побега номер побега
/ 23 / 01 / / 01 / / / / / / / / / / / / / / / / / / / / / / /,0,/ 23 / 01 / / 01 / / / / / / / / / / / / / / / / / / / / / / /,num num num
. . . . . . . . . . . . . . . . . . . . . . . . . . . . . . . . . . . . . . . . . . . . . . . . . . . . . . . . . . . . . . . . . . . . . . . . . . . . . . . . . . . . . . . . . 50 . . . . . . . . . . . . . . . . . . . . . . . . . . . . . . . . . . . . . . . . . . . . . . . . . . . . . . . . . . . . . . . . . . . . . . . . . . . . . . . . . . . . . . . . . . . . . . . . . . . . . . . . . . . . . . . . . . . . . . . . . . . . . . . . . . . . . . . . . . . . . . . . . . . . . . . . . . . . . . . . . . . . .,1,. . . . . . . . . . . . . . . . . . . . . . . . . . . . . . . . . . . . . . . . . . . . . . . . . . . . . . . . . . . . . . . . . . . . . . . . . . . . . . . . . . . . . . . . . 50 . . . . . . . . . . . . . . . . . . . . . . . . . . . . . . . . . . . . . . . . . . . . . . . . . . . . . . . . . . . . . . . . . . . . . . . . . . . . . . . . . . . . . . . . . . . . . . . . . . . . . . . . . . . . . . . . . . . . . . . . . . . . . . . . . . . . . . . . . . . . . . . . . . . . . . . . . . . . . . . . . . . . .,num
.. .. .. ..проникнуть .. .. .. .. .. .. ..проникнуть .. .. .. ..,1,.. .. .. ..проникнуть .. .. .. .. .. .. ..проникнуть .. .. .. ..,проникнуть проникнуть
.. ..номер .. .. . . . . . . . . . . . . . . . . . . . . . . . . . . . . . . . . . . . . . . . . . . . . . . . . . . . . . . . . . . . . . . . . . . . . . . . . . . . . . . . . . . . . . . . . . . . . . . . . . . . . . . . . . . . . . . . . . . . . . . . . . . . . . . . . . . . . . . . . . . . . . . . . . . . . . . . . . . . . . . . . . . . . . . . . . . . . . . . . . . . . . . . . . . . . . . . . . . . . . . . . . . . . . . . . . . . . . . . . . . . . . . . . . . . . . . . . . . . . . . . . . . . . . . . .,0,.. ..номер .. .. . . . . . . . . . . . . . . . . . . . . . . . . . . . . . . . . . . . . . . . . . . . . . . . . . . . . . . . . . . . . . . . . . . . . . . . . . . . . . . . . . . . . . . . . . . . . . . . . . . . . . . . . . . . . . . . . . . . . . . . . . . . . . . . . . . . . . . . . . . . . . . . . . . . . . . . . . . . . . . . . . . . . . . . . . . . . . . . . . . . . . . . . . . . . . . . . . . . . . . . . . . . . . . . . . . . . . . . . . . . . . . . . . . . . . . . . . . . . . . . . . . . . . . . .,номер
12 / 29,0,12 / 29,num num
7 / 8 / 2000 . . . . . . . . . . . . . . . . . . . . . . . . . . . . . . . . . . . . . . . . . . . . . . .,0,7 / 8 / 2000 . . . . . . . . . . . . . . . . . . . . . . . . . . . . . . . . . . . . . . . . . . . . . . .,num num num
: 2 / 1 / 1 / 1 / 1 / 1 / 1 / 1 / 1,0,: 2 / 1 / 1 / 1 / 1 / 1 / 1 / 1 / 1,num num num num num num num num num
.. ..что .. ..что .. .. ..что .. . . . . . . . . . . . . . . . . . . . . . . . . . . . . . . . . . . . . . . . . . . . . . . . . . . . . . . . . . . . . . . . . . . . . . . . . . . . . . . . . . . . . . . . . . . . . . . . . . . . . . . . . . . . . . . . . . . . . . . . . . . . . . . . . . . . . . . . . . . . . . . . . . . . . . . . . . . . . . . . . . . . . . . . . . . . . . . . . . . . . . . . . . . . . . . . . . . . . . . . . . . . . . . . . . . . . . . . . . . . . . . . . . . . . . . . . . . . . . . . . .,1,.. ..что .. ..что .. .. ..что .. . . . . . . . . . . . . . . . . . . . . . . . . . . . . . . . . . . . . . . . . . . . . . . . . . . . . . . . . . . . . . . . . . . . . . . . . . . . . . . . . . . . . . . . . . . . . . . . . . . . . . . . . . . . . . . . . . . . . . . . . . . . . . . . . . . . . . . . . . . . . . . . . . . . . . . . . . . . . . . . . . . . . . . . . . . . . . . . . . . . . . . . . . . . . . . . . . . . . . . . . . . . . . . . . . . . . . . . . . . . . . . . . . . . . . . . . . . . . . . . . .,что что что
. . . . . . . . . . . . . . . . и . . . . . . . . . . . . . . . . . . . . . . . . . . . . . . . . . . . . . . . . . . . . . . . . . . . . . . . . . . . . . . . . . . . . . . . . . . . . . . . . . . . . . . . . . . . . . . . . . . . . . . . . . . . . . . . . . . . . . . . . . . . . . . . . . . . . . . . . . . . . . . . . . . . . . . . . . . . . . . . . . . . . . . . . . . . . . . . . . . . . . . . . . . . . . . . . . . . . . . . . . . . . . . . . . . . . . . . . . . . . . . . . . . . . . . . . . . . . . .,1,. . . . . . . . . . . . . . . . и . . . . . . . . . . . . . . . . . . . . . . . . . . . . . . . . . . . . . . . . . . . . . . . . . . . . . . . . . . . . . . . . . . . . . . . . . . . . . . . . . . . . . . . . . . . . . . . . . . . . . . . . . . . . . . . . . . . . . . . . . . . . . . . . . . . . . . . . . . . . . . . . . . . . . . . . . . . . . . . . . . . . . . . . . . . . . . . . . . . . . . . . . . . . . . . . . . . . . . . . . . . . . . . . . . . . . . . . . . . . . . . . . . . . . . . . . . . . . .,и
.. ..что-то--------что------------------------------------------------------------------------------------------------------------------------------------------------------------------------------------------------------------------------------------------------------------------------------------------------------------------------------------------------------------------------------------------------------------------------------------------------------------------------------------------------------------,1,.. ..что-то--------что------------------------------------------------------------------------------------------------------------------------------------------------------------------------------------------------------------------------------------------------------------------------------------------------------------------------------------------------------------------------------------------------------------------------------------------------------------------------------------------------------------,что то что
", / 29 / 01 / / / / / / / / / / / / / / / / / / / / / / / / / /",0,", / 29 / 01 / / / / / / / / / / / / / / / / / / / / / / / / / /",num num
/ 2 / 02 / 01 / 01 / 01 / 01,0,/ 2 / 02 / 01 / 01 / 01 / 01,num num num num num num
": : / / / / / / / / 08 : / / / / / / / / / / / / / / / / / / / / / / / / / / / / / / / / / / / / / / / / / / / / / / / / / / / / / / / / / / / / / / / / / / / / / / / / / / / / , / / / / / / / / / / / / / / / / / / / / / / / / / / / / / / / / / / / / / / / / / / / / / / / / / / / / / / / / / / / . . / / / / . . . . . . . . . . . . . . . . . . . . . . . . . . . . . . . . . . . . . . . . . . . . . . . . .",0,": : / / / / / / / / 08 : / / / / / / / / / / / / / / / / / / / / / / / / / / / / / / / / / / / / / / / / / / / / / / / / / / / / / / / / / / / / / / / / / / / / / / / / / / / / , / / / / / / / / / / / / / / / / / / / / / / / / / / / / / / / / / / / / / / / / / / / / / / / / / / / / / / / / / / / . . / / / / . . . . . . . . . . . . . . . . . . . . . . . . . . . . . . . . . . . . . . . . . . . . . . . . .",num
.. . . . . . . . . . . . . . . . . . . . . . . . . . . . . . . . . . . . . . . . . . . . . . . . . . . . . . . . . . . . . . . . . . . . . . . . . . . . . . . . . . . . . . . . . . . . . . . . . . . . . . . . . . . . . . . . . . . . . . . . . . . . . . . . . . . . . . . . . . . . . . . . . . . . . . . . . . . . . . . . . . . . . . . . . . . . . . . . . . . . . . . . . . . . . . . . . . . . . . . . . . . . . . . . . . . . . . . . . . . . . . . . . . d d d d d d d d d . . . . . . . . . . . . d d d d d d d,0,.. . . . . . . . . . . . . . . . . . . . . . . . . . . . . . . . . . . . . . . . . . . . . . . . . . . . . . . . . . . . . . . . . . . . . . . . . . . . . . . . . . . . . . . . . . . . . . . . . . . . . . . . . . . . . . . . . . . . . . . . . . . . . . . . . . . . . . . . . . . . . . . . . . . . . . . . . . . . . . . . . . . . . . . . . . . . . . . . . . . . . . . . . . . . . . . . . . . . . . . . . . . . . . . . . . . . . . . . . . . . . . . . . . d d d d d d d d d . . . . . . . . . . . . d d d d d d d,d d d d d d d d d d d d d d d d
.. .. .. .. .. .. ..проникнуть .. . . .. ..проникнуть .. .. .. .. .. .. .. . .. .. . . . . . . . . . . . . . . . . . . . . . . . . . . . . . . . . . . . . . . . . . . . . . . . . . . . . . . . . . . . . . . . . . . . . . . . . . . . . . . . . . . . . . . . . . . . . . . . . . . . . . . . . . . . . . . . . . . . . . . . . . . . . . . . . . . . . . . . . . . . . . . . . . . . . . . . . . . . . . . . . . . . . . . . . . . . . . . . . . . . . . . . . . . . . . . . . . . . . . . . . . . . . . . . . . . . . . . . . . . . .,0,.. .. .. .. .. .. ..проникнуть .. . . .. ..проникнуть .. .. .. .. .. .. .. . .. .. . . . . . . . . . . . . . . . . . . . . . . . . . . . . . . . . . . . . . . . . . . . . . . . . . . . . . . . . . . . . . . . . . . . . . . . . . . . . . . . . . . . . . . . . . . . . . . . . . . . . . . . . . . . . . . . . . . . . . . . . . . . . . . . . . . . . . . . . . . . . . . . . . . . . . . . . . . . . . . . . . . . . . . . . . . . . . . . . . . . . . . . . . . . . . . . . . . . . . . . . . . . . . . . . . . . . . . . . . . . .,проникнуть проникнуть
: 08 : 42 - 0500,1,: 08 : 42 - 0500,num num num
": 20, 000, 40, 000 , 80 , 800 , 80 , , , , , , , , , , , , , , , , , , , , , , , , , , , , , . . . . . . . . . . . . . . . . . . . . . . . . . . . . . . . . . . . . . . . . . . . . . . . . . . . . . . . . . .",1,": 20, 000, 40, 000 , 80 , 800 , 80 , , , , , , , , , , , , , , , , , , , , , , , , , , , , , . . . . . . . . . . . . . . . . . . . . . . . . . . . . . . . . . . . . . . . . . . . . . . . . . . . . . . . . . .",num num num num num num num
"Убежать - номер номер номер, номер номер номер, номер номер, номер, номер, номер, номер, номер, номер, номер, номер, номер, номер, номер, номер, номер, номер, номер, номер, номер, номер, номер, номер, номер, номер, номер, номер, номер, номер, номер, номер, номер, номер, номер, номер, номер, номер, номер, номер, номер, номер, номер, номер, номер, номер, номер, номер, номер, номер, номер, номер, номер, номер, номер, номер, номер, номер, номер, номер, номер, номер, номер, номер, номер, номер, номер, номер, номер, номер, номер, номер, номер, номер, номер, номер, номер, номер, номер, номер, номер, номер, номер, номер, номер, номер, номер, номер, номер, номер, номер, номер, номер, номер, номер, номер, номер, номер, номер, номер, номер, номер, номер, номер, номер, номер, номер, номер, номер, номер, номер, номер, номер, номер, номер, номер, номер, номер, номер, номер, номер, номер, номер, номер, номер, номер, номер, номер, номер, номер, номер, номер, номер, номер, номер, номер, номер, номер, номер, номер, номер, номер, номер, номер, номер, номер, номер, номер, номер, номер, номер, номер, номер, номер, номер, номер, номер, номер, номер, номер, номер, номер, номер,",1,"убежать - номер номер номер, номер номер номер, номер номер, номер, номер, номер, номер, номер, номер, номер, номер, номер, номер, номер, номер, номер, номер, номер, номер, номер, номер, номер, номер, номер, номер, номер, номер, номер, номер, номер, номер, номер, номер, номер, номер, номер, номер, номер, номер, номер, номер, номер, номер, номер, номер, номер, номер, номер, номер, номер, номер, номер, номер, номер, номер, номер, номер, номер, номер, номер, номер, номер, номер, номер, номер, номер, номер, номер, номер, номер, номер, номер, номер, номер, номер, номер, номер, номер, номер, номер, номер, номер, номер, номер, номер, номер, номер, номер, номер, номер, номер, номер, номер, номер, номер, номер, номер, номер, номер, номер, номер, номер, номер, номер, номер, номер, номер, номер, номер, номер, номер, номер, номер, номер, номер, номер, номер, номер, номер, номер, номер, номер, номер, номер, номер, номер, номер, номер, номер, номер, номер, номер, номер, номер, номер, номер, номер, номер, номер, номер, номер, номер, номер, номер, номер, номер, номер, номер, номер, номер, номер, номер, номер, номер, номер, номер, номер, номер, номер, номер, номер, номер,",убежать номер номер номер номер номер номер номер номер номер номер номер номер номер номер номер номер номер номер номер номер номер номер номер номер номер номер номер номер номер номер номер номер номер номер номер номер номер номер номер номер номер номер номер номер номер номер номер номер номер номер номер номер номер номер номер номер номер номер номер номер номер номер номер номер номер номер номер номер номер номер номер номер номер номер номер номер номер номер номер номер номер номер номер номер номер номер номер номер номер номер номер номер номер номер номер номер номер номер номер номер номер номер номер номер номер номер номер номер номер номер номер номер номер номер номер номер номер номер номер номер номер номер номер номер номер номер номер номер номер номер номер номер номер номер номер номер номер номер номер номер номер номер номер номер номер номер номер номер номер номер номер номер номер номер номер номер номер номер номер номер номер номер номер номер номер номер номер
.. ..что .. . . . . . . . . . . . . . . . . . . . . . . . . . . . . . . . . . . . . . . . . . . . . . . . . . . . . . . . . . . . . . . . . . . . . . . . . . . . . . . . . . . . . . . . . . . . . . . . . . . . . . . . . . . . . . . . . . . . . . . . . . . . . . . . . . . . . . . . . . . . . . . . . . . . . . . . . . . . . . . . . . . . . . . . . . . . . . . . . . . . . . . . . . . . . . . . . . . . . . . . . . . . . . . . . . . . . . . . . . . . . . . . . . . . . . . . . . . . . . . . . . . . . . . . . . .,0,.. ..что .. . . . . . . . . . . . . . . . . . . . . . . . . . . . . . . . . . . . . . . . . . . . . . . . . . . . . . . . . . . . . . . . . . . . . . . . . . . . . . . . . . . . . . . . . . . . . . . . . . . . . . . . . . . . . . . . . . . . . . . . . . . . . . . . . . . . . . . . . . . . . . . . . . . . . . . . . . . . . . . . . . . . . . . . . . . . . . . . . . . . . . . . . . . . . . . . . . . . . . . . . . . . . . . . . . . . . . . . . . . . . . . . . . . . . . . . . . . . . . . . . . . . . . . . . . .,что
.. . . . . . . . . . . . . . . . . . . . . . . . . . . . . . . . . . . . . . . . . . . . . . . . . . . . . . . . . . . . . . . . . . . . . . . . . . . . . . . . . . . . . . . . . . . . . . . . . . . . . . . . . . . . . . . . . . . . . я . . . . . . . . . . . . . . . . . . . . . . . . . . . . . . . . . . . . . . . . . . . . . . . . . . . . . . . . . . . . . . . . . . . . . . . . . . . . . . . . . . . . . . . . . . . . . . . . . . . . . . . . . . . . . . . . . . . . . . . . . . . . . . . . . . . . . . . . .,0,.. . . . . . . . . . . . . . . . . . . . . . . . . . . . . . . . . . . . . . . . . . . . . . . . . . . . . . . . . . . . . . . . . . . . . . . . . . . . . . . . . . . . . . . . . . . . . . . . . . . . . . . . . . . . . . . . . . . . . я . . . . . . . . . . . . . . . . . . . . . . . . . . . . . . . . . . . . . . . . . . . . . . . . . . . . . . . . . . . . . . . . . . . . . . . . . . . . . . . . . . . . . . . . . . . . . . . . . . . . . . . . . . . . . . . . . . . . . . . . . . . . . . . . . . . . . . . . .,я
"55 , 129 . . . . . . . . . . . . . . . . . . . . . . . . . . . . . . . . . . . . . . . . . . . . . . . . . . . . . . . . . . . . . . . . . . . . . . . . . . . . . . . . . . . . . . . . . . . . . . . . . . . . . . . . . . . . . . . . . . . . . . . . . . . . . . . . . . . . . . . . . . . . . . . . . . . . . . . . . . . . . . . . . . . . . . . . . . . . . . . . . . . . . . . . . . . . . . . . . . . . . . . . . . . . . . . . . . . . . . . . . . . . . . . . . . . . . . . . . . . . . . . . . . . . . . . . . . . . .",0,"55 , 129 . . . . . . . . . . . . . . . . . . . . . . . . . . . . . . . . . . . . . . . . . . . . . . . . . . . . . . . . . . . . . . . . . . . . . . . . . . . . . . . . . . . . . . . . . . . . . . . . . . . . . . . . . . . . . . . . . . . . . . . . . . . . . . . . . . . . . . . . . . . . . . . . . . . . . . . . . . . . . . . . . . . . . . . . . . . . . . . . . . . . . . . . . . . . . . . . . . . . . . . . . . . . . . . . . . . . . . . . . . . . . . . . . . . . . . . . . . . . . . . . . . . . . . . . . . . . .",num num
: 6 : 00 м . . . . . . . . . . . . . . . . . . . . . . . . . . . . . . . . . . . . . . . . . . . . . . . . . . . . . . . . . . . . . . . . . . . . . . . . . . . . . . . . . . . . . . . . . . . . . . . . . . . . . . . . . . . . . . . . . . . . . . . . . . . . . . . . . . . . . . . . . . . . . . . . . . . . . . . . . . . . . . . . . . . . . . . . . . . . . . . . . . . . . . . . . . . . . . . . . .,0,: 6 : 00 м . . . . . . . . . . . . . . . . . . . . . . . . . . . . . . . . . . . . . . . . . . . . . . . . . . . . . . . . . . . . . . . . . . . . . . . . . . . . . . . . . . . . . . . . . . . . . . . . . . . . . . . . . . . . . . . . . . . . . . . . . . . . . . . . . . . . . . . . . . . . . . . . . . . . . . . . . . . . . . . . . . . . . . . . . . . . . . . . . . . . . . . . . . . . . . . . . .,num num м
Потрясающе : ),1,потрясающе : ),потрясающе
: / 99 $ 1 $. 5810 / 99 $ 1 $. . . . . . . . . . . . . . . . . . . . . . . . . . . . . . . . . . . . . . . . . . . . . . . . . . . . . . . . . . . . . . . . . . . . . . . . . . . . . . . . . . . . . . . . . . . . . . . . . . . . . . . . . . . . . . . . . . . . . . . . . . . . . . . . . . . . . . . . . . . . . . . . . . . . . . . . . . . . . . . . . . . . . . . . . . . . . . . . . . . . . . . . . . . . . . . . . . . . . . . . . . . . . . . . . . . . . . . . . . . : : : : : : . . . : . . . . . : : : : : . : : : : :,0,: / 99 $ 1 $. 5810 / 99 $ 1 $. . . . . . . . . . . . . . . . . . . . . . . . . . . . . . . . . . . . . . . . . . . . . . . . . . . . . . . . . . . . . . . . . . . . . . . . . . . . . . . . . . . . . . . . . . . . . . . . . . . . . . . . . . . . . . . . . . . . . . . . . . . . . . . . . . . . . . . . . . . . . . . . . . . . . . . . . . . . . . . . . . . . . . . . . . . . . . . . . . . . . . . . . . . . . . . . . . . . . . . . . . . . . . . . . . . . . . . . . . . : : : : : : . . . : . . . . . : : : : : . : : : : :,num num num num num
", . 29 . . . . . . . . . . . . . . . . . . . . . . . . . . . . . . . . . . . . . . . . . . . . . . . . . . . . . . . . . . . . . . . . . . . . . . . . . . . . . . . . . . . . . . . . . . . . . . . . . . . . . . . . . . . . . . . . . . . . . . . . . . . . . . . . . . . . . . . . . . . . . . . . . . . . . . . . . . . . . . . . . . . . . . . . . . . . . . . . . . . . . . . . . . . . . . . . . . . . . . . . . . . . . . . . . . . . . . . . . . . . . . . . . . . . . . . . . . . . . . . . . . . . . . . . . . . .",0,", . 29 . . . . . . . . . . . . . . . . . . . . . . . . . . . . . . . . . . . . . . . . . . . . . . . . . . . . . . . . . . . . . . . . . . . . . . . . . . . . . . . . . . . . . . . . . . . . . . . . . . . . . . . . . . . . . . . . . . . . . . . . . . . . . . . . . . . . . . . . . . . . . . . . . . . . . . . . . . . . . . . . . . . . . . . . . . . . . . . . . . . . . . . . . . . . . . . . . . . . . . . . . . . . . . . . . . . . . . . . . . . . . . . . . . . . . . . . . . . . . . . . . . . . . . . . . . . .",num
~ 3 ~ ~ ~ à à à à à à à à à à à à à à à à à à à à à à à à à à à à à à à à à à à à à à à à à à à à à à à à à à à à à à à à à à à à à à à à à à à à à à à à à à à à à à à à à à à à à à à à à à à à à à à à à à à à à à à à à à à à à à ~ à à à à à à à à à à à à à à à à à à à à à à à à à à à à à à à à à à à à à à à à à à à à à à à à à à à à à à à à à à à à à à à à à à à à à à à à à à à à à à à à à à à à à à à à à à à à à à à à à à à à à à à à à à à à à à à à à à à à à à à à à à à à à à à à à à à,1,~ 3 ~ ~ ~ à à à à à à à à à à à à à à à à à à à à à à à à à à à à à à à à à à à à à à à à à à à à à à à à à à à à à à à à à à à à à à à à à à à à à à à à à à à à à à à à à à à à à à à à à à à à à à à à à à à à à à à à à à à à à à ~ à à à à à à à à à à à à à à à à à à à à à à à à à à à à à à à à à à à à à à à à à à à à à à à à à à à à à à à à à à à à à à à à à à à à à à à à à à à à à à à à à à à à à à à à à à à à à à à à à à à à à à à à à à à à à à à à à à à à à à à à à à à à à à à à à à à,num
~ ~ ~ ~ ~ ~ 500 ~ ~ ~ ~ ~ ~ ~ ~ ~ ~ ~ ~ ~ ~ ~ ~ ~ ~ ~ ~ ~ ~ ~ ~ ~ ~ ~ ~ ~ ~ ~ ~ ~ ~ ~ ~ ~ ~ ~ ~ ~ ~ ~ ~ ~ ~ ~ ~ ~ ~ ~ ~ ~ ~ ~ ~ ~ ~ ~ ~ ~ ~ ~ ~ ~ ~ ~ ~ ~ ~ ~ ~ ~ ~ ~ ~ ~ ~ ~ ~ ~ ~ ~ ~ ~ ~ ~ ~ ~ ~ ~ ~ ~ ~ ~ ~ ~ ~ ~ ~ ~ ~ ~ ~ ~ ~ ~ ~ ♫ ♫ ♫ ♫ ♫ ♫ ♫ ♫ ♫ ♫ ♫ ♫ ♫ ♫ ♫ ♫ ♫ ♫ ♫ ♫ ♫ ♫ ♫ ♫ ♫ ♫ ♫ ♫ ♫ ♫ ♫ ♫ ♫ ♫ ♫ ♫ ♫ ♫ ♫ ♫ ♫ ♫ ♫ ♫ ♫ ♫ ~ ~ ~ ~ ~ ~ ~ ~ ~ ~ ~ ~ ~ ~ ~ ~ ~ ~ ~ ~ ~ . . . . . . . . . . . . . . . . . . . . . . . . . . . . . . . . . . . . . . . . . . . . . . . . . . . . . . . . . . . . . . . . . . . . . . . . .,1,~ ~ ~ ~ ~ ~ 500 ~ ~ ~ ~ ~ ~ ~ ~ ~ ~ ~ ~ ~ ~ ~ ~ ~ ~ ~ ~ ~ ~ ~ ~ ~ ~ ~ ~ ~ ~ ~ ~ ~ ~ ~ ~ ~ ~ ~ ~ ~ ~ ~ ~ ~ ~ ~ ~ ~ ~ ~ ~ ~ ~ ~ ~ ~ ~ ~ ~ ~ ~ ~ ~ ~ ~ ~ ~ ~ ~ ~ ~ ~ ~ ~ ~ ~ ~ ~ ~ ~ ~ ~ ~ ~ ~ ~ ~ ~ ~ ~ ~ ~ ~ ~ ~ ~ ~ ~ ~ ~ ~ ~ ~ ~ ~ ~ ~ ♫ ♫ ♫ ♫ ♫ ♫ ♫ ♫ ♫ ♫ ♫ ♫ ♫ ♫ ♫ ♫ ♫ ♫ ♫ ♫ ♫ ♫ ♫ ♫ ♫ ♫ ♫ ♫ ♫ ♫ ♫ ♫ ♫ ♫ ♫ ♫ ♫ ♫ ♫ ♫ ♫ ♫ ♫ ♫ ♫ ♫ ~ ~ ~ ~ ~ ~ ~ ~ ~ ~ ~ ~ ~ ~ ~ ~ ~ ~ ~ ~ ~ . . . . . . . . . . . . . . . . . . . . . . . . . . . . . . . . . . . . . . . . . . . . . . . . . . . . . . . . . . . . . . . . . . . . . . . . .,num
: 0000 / 0000 / 00 / 00 / 04 / 04 / 05 / 05 / 05 . . . . . . . . .,1,: 0000 / 0000 / 00 / 00 / 04 / 04 / 05 / 05 / 05 . . . . . . . . .,num num num num num num num num num
. . . . . . . . . . . . . . . . . . . . . . . . . . . . . . . . . . . . . . . . . . . . . . . . . . . . . . . . . . . . . . . . . . . . . . . . . . . . . . . . . . . . . . . . . . . . . . . . . . . . . . . . . . . . . . . . . . . . . . . . . . . . . . . . . . . . . . . . . . . . . . . . . . . . . . . . . . . . . . . . . . . . . . . . . . . . . . . . . . . . . . . . . . . . . . . . . . . . . . . . . . . . . . . . . . . . . . . . . . . d. d d d d d d d d d d d d d d d d d d d d d d d d d d d d d d d d d d,0,. . . . . . . . . . . . . . . . . . . . . . . . . . . . . . . . . . . . . . . . . . . . . . . . . . . . . . . . . . . . . . . . . . . . . . . . . . . . . . . . . . . . . . . . . . . . . . . . . . . . . . . . . . . . . . . . . . . . . . . . . . . . . . . . . . . . . . . . . . . . . . . . . . . . . . . . . . . . . . . . . . . . . . . . . . . . . . . . . . . . . . . . . . . . . . . . . . . . . . . . . . . . . . . . . . . . . . . . . . . d. d d d d d d d d d d d d d d d d d d d d d d d d d d d d d d d d d d,d d d d d d d d d d d d d d d d d d d d d d d d d d d d d d d d d d d
80% ? ? ? ? ? ? ? ? ? ? ? ? ? ? ? ? ? ? ? ? ? ? ? ? ? ? ? ? ? ? ? ? ? ? ? ? ? ? ? ? ? ? ? ? ? ? ? ? ? ? ? ? ? ??????????????????? ? ? ? ? ? ? ? ? ?? ? ? ? ? ? ? ? ? ? ? ? ? ? ? ? ? ? ? ? ? ? ? ? ? ? ? ? ? ? ? ? ? ? ? ? ? ???? ? ? ? ? ? ? ? ? ? ? ??????????????????????????????????????? ? ? ? ? ? ? ? ? ? ? ? ? ? ? ? ? ? ? ? ? ? ? ? ? ? ? ? ? ? ? ? ? ? ? ? ? ? ? ? ? ? ? ? ? ? ? ? ? ? ? ? ? ? ? ? ? ? ? ? ? ? ? ? ? ? ? ? ? ????? ? ? ? ?????? ??????????????? ? ? ? ? ? ??? ? ? ? ? ? ??????????????????????????????,1,80% ? ? ? ? ? ? ? ? ? ? ? ? ? ? ? ? ? ? ? ? ? ? ? ? ? ? ? ? ? ? ? ? ? ? ? ? ? ? ? ? ? ? ? ? ? ? ? ? ? ? ? ? ? ??????????????????? ? ? ? ? ? ? ? ? ?? ? ? ? ? ? ? ? ? ? ? ? ? ? ? ? ? ? ? ? ? ? ? ? ? ? ? ? ? ? ? ? ? ? ? ? ? ???? ? ? ? ? ? ? ? ? ? ? ??????????????????????????????????????? ? ? ? ? ? ? ? ? ? ? ? ? ? ? ? ? ? ? ? ? ? ? ? ? ? ? ? ? ? ? ? ? ? ? ? ? ? ? ? ? ? ? ? ? ? ? ? ? ? ? ? ? ? ? ? ? ? ? ? ? ? ? ? ? ? ? ? ? ????? ? ? ? ?????? ??????????????? ? ? ? ? ? ??? ? ? ? ? ? ??????????????????????????????,num
", 23 / 01 / 01 / / / / / 1 / / / / / / / / / / / / / / / / / / / / / / / / / / / / / / / / / / / / / / / / / / / / / / / / / / / , / / / / / / / / / / / , / / / / , / / / / / / / / / / / / / / / / / / / / / / / / . / / / / / / / / / / / / / / / / / / / / / / / / / / / / / / / / / / / / / / / / / / / / / / / / / / / / / / / / / / / / / / / / / / / / / / / / / / / / / / / / / / / / / / / / / / / / / / / / / / / / / / / / / / / / / / / / / / / . . . . . . . . . . . . . . . . . . . . . . . . . , , , , , , , , . . ,",0,", 23 / 01 / 01 / / / / / 1 / / / / / / / / / / / / / / / / / / / / / / / / / / / / / / / / / / / / / / / / / / / / / / / / / / / , / / / / / / / / / / / , / / / / , / / / / / / / / / / / / / / / / / / / / / / / / . / / / / / / / / / / / / / / / / / / / / / / / / / / / / / / / / / / / / / / / / / / / / / / / / / / / / / / / / / / / / / / / / / / / / / / / / / / / / / / / / / / / / / / / / / / / / / / / / / / / / / / / / / / / / / / / / / / / . . . . . . . . . . . . . . . . . . . . . . . . . , , , , , , , , . . ,",num num num num
~ 3 ~ 3 ~ 3 ~ ~ 3 ~ 3 ~ ~ 3 ~ ~ ~ 3 ~ ~ à à à à à à à à à à à à à à à à à à à à à à à à à à à à à à à à à à à à à à à à à à à à à à à à à à à à à à à à à à à à à à à à à à à à à à à à à à à à à à à à à à à à à à à à à à à à à à à à à ~ à à à à à à à à à à à à à à à à à à à à à à à à à à à à à à à à à à à à à à à à à à à à à à à à à à à à à à à à à à à à à à à à à à à à à à à à à à à à à à à à à à à à à à à à à à à à à à à à à à à à à à à à à à à à à à à à à à à à à à,1,~ 3 ~ 3 ~ 3 ~ ~ 3 ~ 3 ~ ~ 3 ~ ~ ~ 3 ~ ~ à à à à à à à à à à à à à à à à à à à à à à à à à à à à à à à à à à à à à à à à à à à à à à à à à à à à à à à à à à à à à à à à à à à à à à à à à à à à à à à à à à à à à à à à à à à à à à à à à ~ à à à à à à à à à à à à à à à à à à à à à à à à à à à à à à à à à à à à à à à à à à à à à à à à à à à à à à à à à à à à à à à à à à à à à à à à à à à à à à à à à à à à à à à à à à à à à à à à à à à à à à à à à à à à à à à à à à à à à à,num num num num num num num
. . . . . . . . . . . . . . . . . . . . . . . . . . . . . . . . . . . . . . . . . . . . . . . . . . . . . . . . . . . . . . . . . . . . . . . . . . . . . . . . . . . . . . . . . . . . . . . . . . . . . . . . . . . . . . . . . . . . . . . . . . . . . . . . . . . . . . . . . . . . . . . . . . . . . . . . . . . . . . . . . . . . . . . . . . . . . . . . . . . . . . . . . . . 3. . . . . . . . . . . . . . . . . . . . . . . . . . . . . . . . . . . . . . . . . . 3. . . . . . . . . . . . . . . . . . . . . . . . . .,0,. . . . . . . . . . . . . . . . . . . . . . . . . . . . . . . . . . . . . . . . . . . . . . . . . . . . . . . . . . . . . . . . . . . . . . . . . . . . . . . . . . . . . . . . . . . . . . . . . . . . . . . . . . . . . . . . . . . . . . . . . . . . . . . . . . . . . . . . . . . . . . . . . . . . . . . . . . . . . . . . . . . . . . . . . . . . . . . . . . . . . . . . . . . 3. . . . . . . . . . . . . . . . . . . . . . . . . . . . . . . . . . . . . . . . . . 3. . . . . . . . . . . . . . . . . . . . . . . . . .,num num
х х х х х х х х х х . . . . . . . . . . . . .,1,х х х х х х х х х х . . . . . . . . . . . . .,х х х х х х х х х х
".. .. .. . .. .. .. .. .. . .. .. .. .. .. .. .. .. .. .. .. .. .. .. .. .. .. .. .. .. .. .. .. ... .. .. .. .. .. .. .. ... ... .. .. .. .. .. ... ... ... ... ... ... .. ... .. ... ... .. ... ... ... ... .... .... ... ... ... .... ... ........... .............. ...... .... ......... . ... . . ........... ну ну ну ну ну ну ну ну ну ну ну ну ну, ну... ну... ну... ну... ну... ну... ну... ну, ну... ну... ну... ну... ну... ну, ну... ну... ну... ну... ну... ну... ну, ну, ну, ну, ну, ну, ну, ну, ну, ну, ну, ну, ну, ну, ну, ну, ну, ну, ну, ну, , ну, ну, , , ну, ну, ну, ну, ну, ну, ну, ну, ну, ну, ну, ну, ну, , ,",1,".. .. .. . .. .. .. .. .. . .. .. .. .. .. .. .. .. .. .. .. .. .. .. .. .. .. .. .. .. .. .. .. ... .. .. .. .. .. .. .. ... ... .. .. .. .. .. ... ... ... ... ... ... .. ... .. ... ... .. ... ... ... ... .... .... ... ... ... .... ... ........... .............. ...... .... ......... . ... . . ........... ну ну ну ну ну ну ну ну ну ну ну ну ну, ну... ну... ну... ну... ну... ну... ну... ну, ну... ну... ну... ну... ну... ну, ну... ну... ну... ну... ну... ну... ну, ну, ну, ну, ну, ну, ну, ну, ну, ну, ну, ну, ну, ну, ну, ну, ну, ну, ну, ну, , ну, ну, , , ну, ну, ну, ну, ну, ну, ну, ну, ну, ну, ну, ну, ну, , ,",ну ну ну ну ну ну ну ну ну ну ну ну ну ну ну ну ну ну ну ну ну ну ну ну ну ну ну ну ну ну ну ну ну ну ну ну ну ну ну ну ну ну ну ну ну ну ну ну ну ну ну ну ну ну ну ну ну ну ну ну ну ну ну ну ну ну ну ну
.. . . .. . . . . . . . . . . . . . . . . . . . . . . . . . . . . . . . . . . . . . . . . . . . . . . . . . . . . . . . . . . . . . . . . . . . . . . . . . . . . . . . . . . . . . . . . . . . . . . . . . . . . . . . . . . . . . . . . . . . . . . . . . . . . . . . . . . . . . . . . . . . . . . . . . . . . . . . . . . . . . . . . . . . . . . . . . . . . . . . . . . . . . . . . . . . . . . . . . . . . . . . . . . . . . . . . . . . . . . . . . . . . . . . d. . . . . . . . . . . . . . . . . . . . . . . . . .,0,.. . . .. . . . . . . . . . . . . . . . . . . . . . . . . . . . . . . . . . . . . . . . . . . . . . . . . . . . . . . . . . . . . . . . . . . . . . . . . . . . . . . . . . . . . . . . . . . . . . . . . . . . . . . . . . . . . . . . . . . . . . . . . . . . . . . . . . . . . . . . . . . . . . . . . . . . . . . . . . . . . . . . . . . . . . . . . . . . . . . . . . . . . . . . . . . . . . . . . . . . . . . . . . . . . . . . . . . . . . . . . . . . . . . . d. . . . . . . . . . . . . . . . . . . . . . . . . .,d
~ ~ à à à à à à à à à à à à à à à à à à à à à à à à à à à à à à à à à à à à à à à à à à à à à à à à à à à à à à à à à à à à à à à à à à à à à à à à à à à à à à à à à à à à à à à à à à à à à à à à à à à à à à à à à à à à à à à à à à à d à à à à à à à à à à à à à à à à à à à à à à à à à à à à à à à à à à à à à à à à à à à à à à à à à à à à à à à à à à à à à à à à à à à à à à à à à à à à à à à à à à à à à à à à à à à à à à à à à à à à à à à à à à à à à à à à à à à à à à à à à à à à à à à à à à à à à à à à à,1,~ ~ à à à à à à à à à à à à à à à à à à à à à à à à à à à à à à à à à à à à à à à à à à à à à à à à à à à à à à à à à à à à à à à à à à à à à à à à à à à à à à à à à à à à à à à à à à à à à à à à à à à à à à à à à à à à à à à à à à à d à à à à à à à à à à à à à à à à à à à à à à à à à à à à à à à à à à à à à à à à à à à à à à à à à à à à à à à à à à à à à à à à à à à à à à à à à à à à à à à à à à à à à à à à à à à à à à à à à à à à à à à à à à à à à à à à à à à à à à à à à à à à à à à à à à à à à à à à à,d
~ ~ ~ ~ ~ ~ ~ ~ - ~ - ~ - ~ - ~ ~ ~ ~ ~ ~ ~ ~ ~ ~ ~ ~ ~ ~ ~ ~ ~ ~ ~ ~ ~ ~ ~ ~ ~ ~ ~ ~ ~ ~ ~ ~ ~ ~ ~ ~ ~ ~ ~ ~ ~ ~ ~ ~ ~ ~ ~ ~ ~ ~ ~ ~ ~ ~ ~ ~ ~ - ~ - ~ - ~ - ~ - ~ - ~ - ~ - ~ - ~ - ~ - ~ - ~ ~ ~ ~ ~ ~ ~ ~ ~ ~ ~ ~ ~ ~ ~ ~ ~ ~ ~ ~ ~ ~ ~ ~ ~ ~ ~ ~ ~ ~ ~ ~ ~ ~ ~ ~ ~ ~ ~ ~ ~ ~ ~ ~ ~ ~ ~ ~ ~ ~ ~ ~ ~ ~ ~ ~ ~ ~ ~ ~ ~ ~ ~ ~ ~ ~ ~ ~ ~ ~ ~ ~ ~ ~ 33 ~ ~ ~ ~ ~ 33 ~ ~ ~ ~ ~ ~ ~ 33 ~ ~ ~ ~ ~ ~ ~ ~ ~ ~ ~ ~ 33 ~ ~ ~ ~ ~ ~ ~ ~ ~ ~ 33 ~ ~ ~ ~ ~ ~ ~ ~ ~ ~ ~ ~ ~ ~ ~ ~ ~ ~ ~ ~ ~ ~ ~ ~ ~ ~ ~ ~ ~ ~ ~ ~ ~ ~ ♪ ♪ ~ 33 ♪ ♪ ♪ ♪ ♪ ♪ ♪ ♪ ♪ ♪ ♪ ♪ ♪ ♪ ♪ ♪ ♪ ♪ ♪ ♪,0,~ ~ ~ ~ ~ ~ ~ ~ - ~ - ~ - ~ - ~ ~ ~ ~ ~ ~ ~ ~ ~ ~ ~ ~ ~ ~ ~ ~ ~ ~ ~ ~ ~ ~ ~ ~ ~ ~ ~ ~ ~ ~ ~ ~ ~ ~ ~ ~ ~ ~ ~ ~ ~ ~ ~ ~ ~ ~ ~ ~ ~ ~ ~ ~ ~ ~ ~ ~ ~ - ~ - ~ - ~ - ~ - ~ - ~ - ~ - ~ - ~ - ~ - ~ - ~ ~ ~ ~ ~ ~ ~ ~ ~ ~ ~ ~ ~ ~ ~ ~ ~ ~ ~ ~ ~ ~ ~ ~ ~ ~ ~ ~ ~ ~ ~ ~ ~ ~ ~ ~ ~ ~ ~ ~ ~ ~ ~ ~ ~ ~ ~ ~ ~ ~ ~ ~ ~ ~ ~ ~ ~ ~ ~ ~ ~ ~ ~ ~ ~ ~ ~ ~ ~ ~ ~ ~ ~ ~ 33 ~ ~ ~ ~ ~ 33 ~ ~ ~ ~ ~ ~ ~ 33 ~ ~ ~ ~ ~ ~ ~ ~ ~ ~ ~ ~ 33 ~ ~ ~ ~ ~ ~ ~ ~ ~ ~ 33 ~ ~ ~ ~ ~ ~ ~ ~ ~ ~ ~ ~ ~ ~ ~ ~ ~ ~ ~ ~ ~ ~ ~ ~ ~ ~ ~ ~ ~ ~ ~ ~ ~ ~ ♪ ♪ ~ 33 ♪ ♪ ♪ ♪ ♪ ♪ ♪ ♪ ♪ ♪ ♪ ♪ ♪ ♪ ♪ ♪ ♪ ♪ ♪ ♪,num num num num num num
: 06 / - - - - - - - - - - - - - - - - ~ ~ ~ ~ ~ ~ ~ ~ ~ ~ - ~ - ~ - ~ - ~ - ~ - ~ - ~ - ~ - ~ - ~ ~ ~ ~ ~ ~ ~ ~ ~ ~ ~ ~ ~ ~ ~ ~ ~ ~ ~ ~ ~ ~ ~ ~ ~ ~ ~ ~ ~ ~ ~ ~ ~ ~ ~ ~ ~ ~ ~ ~ ~ ~ ~ ~ ~ ~ ~ ~ ~ ~ ~ ~ ~ ~ ~ ~ ~ ~ ~ ~ ~ ~ ~ ~ ~ ~ ~ ~ ~ ~ ~ ~ ~ ~ ~ ~ ~ ~ ~ ~ ~ ~ ~ ~ ~ ~ ~ ~ ~ ~ ~ ~ ~ ~ ~ ~ ~ ~ ~ ~ ~ ~ ~ ~ ~ ~ ~ ~ ~ ~ ~ ~ ~ ~ ~ ~ ~ ~ ~ ~ ~ ~ ~ ~ ~ ~ ~ ~ ~ ~ ~ ~ ~ ~ ~ ~ ~ ~ ~ ~ ~ ~ ~ ~ ~ ~ ~ ~ ~ ~ ~ ~ ~ ~ ~ ~ ~ ~ ~ ~ ~ ~ ~ ~ ~ ~ ~ ♪ ♪ ♪ ♪ ♪ ♪ ♪ ♪ ♪ ♪ ♪ ♪ ♪ ♪ ♪ ♪ ♪ ♪ ♪ ♪ - ♪ ♪ ♪ ♪ ♪ ♪ ♪ ♪ ♪ ♪ ♪ ♪ ♪ ♪ ♪ ♪ ♪ ♪ ♪ ♪ ♪ ♪ ♪ ♪ ♪ ♪ ♪ ♪ ♪ ♪ ♪ ♪,0,: 06 / - - - - - - - - - - - - - - - - ~ ~ ~ ~ ~ ~ ~ ~ ~ ~ - ~ - ~ - ~ - ~ - ~ - ~ - ~ - ~ - ~ - ~ ~ ~ ~ ~ ~ ~ ~ ~ ~ ~ ~ ~ ~ ~ ~ ~ ~ ~ ~ ~ ~ ~ ~ ~ ~ ~ ~ ~ ~ ~ ~ ~ ~ ~ ~ ~ ~ ~ ~ ~ ~ ~ ~ ~ ~ ~ ~ ~ ~ ~ ~ ~ ~ ~ ~ ~ ~ ~ ~ ~ ~ ~ ~ ~ ~ ~ ~ ~ ~ ~ ~ ~ ~ ~ ~ ~ ~ ~ ~ ~ ~ ~ ~ ~ ~ ~ ~ ~ ~ ~ ~ ~ ~ ~ ~ ~ ~ ~ ~ ~ ~ ~ ~ ~ ~ ~ ~ ~ ~ ~ ~ ~ ~ ~ ~ ~ ~ ~ ~ ~ ~ ~ ~ ~ ~ ~ ~ ~ ~ ~ ~ ~ ~ ~ ~ ~ ~ ~ ~ ~ ~ ~ ~ ~ ~ ~ ~ ~ ~ ~ ~ ~ ~ ~ ~ ~ ~ ~ ~ ~ ~ ~ ~ ~ ~ ~ ♪ ♪ ♪ ♪ ♪ ♪ ♪ ♪ ♪ ♪ ♪ ♪ ♪ ♪ ♪ ♪ ♪ ♪ ♪ ♪ - ♪ ♪ ♪ ♪ ♪ ♪ ♪ ♪ ♪ ♪ ♪ ♪ ♪ ♪ ♪ ♪ ♪ ♪ ♪ ♪ ♪ ♪ ♪ ♪ ♪ ♪ ♪ ♪ ♪ ♪ ♪ ♪,num
Ну ладно!,1,ну ладно!,ну ладно
Добрый вечер.,1,добрый вечер.,добрый вечер
.. .. .. ..проникнуть из-за побега . . . . . . . . . . . . . . . . . . . . . . . . . . . . . . . . . . . . . . . . . . . . . . . . . . . . . . . . . . . . . . . . . . . . . . . . . . . . . . . . . . . . . . . . . . . . . . . . . . . . . . . . . . . . . . . . . . . . . . . . . . . . . . . . . . . . . . . . . . . . . . . . . . . . . . . . . . . . . . . . . . . . . . . . . . . . . . . . . . . . . . . . . . . . . . . . . . . . . . . . . . . . . . . . . . . . . . . . . . . . . . . . . . . . . . . . . . . . . . . . . . . . .,0,.. .. .. ..проникнуть из-за побега . . . . . . . . . . . . . . . . . . . . . . . . . . . . . . . . . . . . . . . . . . . . . . . . . . . . . . . . . . . . . . . . . . . . . . . . . . . . . . . . . . . . . . . . . . . . . . . . . . . . . . . . . . . . . . . . . . . . . . . . . . . . . . . . . . . . . . . . . . . . . . . . . . . . . . . . . . . . . . . . . . . . . . . . . . . . . . . . . . . . . . . . . . . . . . . . . . . . . . . . . . . . . . . . . . . . . . . . . . . . . . . . . . . . . . . . . . . . . . . . . . . . .,проникнуть из за побега
".. . . . . . . . . . . . . . . . . . . . . . . . . . . . . . . . . . . . . . . . . . . . . . . . . . . . . . . . . . . . . . . . . . . . . . . . . . . . . . . . . . . . . . . . . . . . . . . . . . . . . . . . . . . . . . . . . . . . . . . . . . . . . . . . . . . . . . . . . . . . . . . . . . . . . . . . . . . . . . . . . . . . . . . . . . . . . . . . . . . . . . . . . . . . . . . . . . . . . . . . . . . . . . . . . . . . . . . . . . . . . . . . . . , d d d d d d d d d d d d d d d d d d d d d d d d d d d",0,".. . . . . . . . . . . . . . . . . . . . . . . . . . . . . . . . . . . . . . . . . . . . . . . . . . . . . . . . . . . . . . . . . . . . . . . . . . . . . . . . . . . . . . . . . . . . . . . . . . . . . . . . . . . . . . . . . . . . . . . . . . . . . . . . . . . . . . . . . . . . . . . . . . . . . . . . . . . . . . . . . . . . . . . . . . . . . . . . . . . . . . . . . . . . . . . . . . . . . . . . . . . . . . . . . . . . . . . . . . . . . . . . . . , d d d d d d d d d d d d d d d d d d d d d d d d d d d",d d d d d d d d d d d d d d d d d d d d d d d d d d d
.. .. .. ..проникнуть . . . . . . . . . . . . . . . . . . . . . . . . . . . . . . . . . . . . . . . . . . . . . . . . . . . . . . . . . . . . . . . . . . . . . . . . . . . . . . . . . . . . . . . . . . . . . . . . . . . . . . . . . . . . . . . . . . . . . . . . . . . . . . . . . . . . . . . . . . . . . . . . . . . . . . . . . . . . . . . . . . . . . . . . . . . . . . . . . . . . . . . . . . . . . . . . . . . . . . . . . . . . . . . . . . . . . . .,0,.. .. .. ..проникнуть . . . . . . . . . . . . . . . . . . . . . . . . . . . . . . . . . . . . . . . . . . . . . . . . . . . . . . . . . . . . . . . . . . . . . . . . . . . . . . . . . . . . . . . . . . . . . . . . . . . . . . . . . . . . . . . . . . . . . . . . . . . . . . . . . . . . . . . . . . . . . . . . . . . . . . . . . . . . . . . . . . . . . . . . . . . . . . . . . . . . . . . . . . . . . . . . . . . . . . . . . . . . . . . . . . . . . . .,проникнуть
.. .. . . .. .. . . . . . . . . . . . . . . . . . . . . . . . . . . . . . . . . . . . . . . . . . . . . . . . . . . . . . . . . . . . . . . . . . . . . . . . . . . . . . . . . . . . . . . . . . . . . . . . . . . . . . . . . . . . . . . . . . . . . . . . . . . . . . . . . . . . . . . . . . . . . . . . . . . . . . . . . . . . . . . . . . . . . . . . . . . . . . . . . . . . . . . . . . . . . . . . . . . . . . . . . . . . . . . . . . . . . . . . . . . . . . d. . . . . . . . . . . . . . . . . . . . . . . . .,0,.. .. . . .. .. . . . . . . . . . . . . . . . . . . . . . . . . . . . . . . . . . . . . . . . . . . . . . . . . . . . . . . . . . . . . . . . . . . . . . . . . . . . . . . . . . . . . . . . . . . . . . . . . . . . . . . . . . . . . . . . . . . . . . . . . . . . . . . . . . . . . . . . . . . . . . . . . . . . . . . . . . . . . . . . . . . . . . . . . . . . . . . . . . . . . . . . . . . . . . . . . . . . . . . . . . . . . . . . . . . . . . . . . . . . . . d. . . . . . . . . . . . . . . . . . . . . . . . .,d
11 - 07 - 07 - 07 / 07 / 04 / 11 / 11 / / / / / / / / / / / / / / / / / / / / / / / / / / / / / / . . . . . . . . . .,0,11 - 07 - 07 - 07 / 07 / 04 / 11 / 11 / / / / / / / / / / / / / / / / / / / / / / / / / / / / / / . . . . . . . . . .,num num num num num num num num
70422 92754,0,70422 92754,num num
Номер побега. Номер побега,0,номер побега. номер побега,номер побега номер побега
♪ ♪ ♪ ♪ ♪ ♪ ♪ ♪ ♪ ♪ ♪ ♪ ♪ ♪ ♪ ♪ ♪ ♪ ♪ ♪ ♪ ♪ ♪ ♪ ♪ ♪ ♪ ♪ ♪ ♪ ♪ ♪ ♪ ♪ ♪ ♪ ♪ ♪ ♪ ♪ ♪ ♪ ♪ ♪ ♪ ♪ ♪ ♪ ♪ ♪ ♪ ♪ ♪ ♪ ♪ ♪ ♪ ♪ ♪ ♪ ♪ ♪ ♪ ♪ ♪ ♪ ♪ ♪ ♪ ♪ ♪ ♪ ? ? ? ? ? ? ? ? ? ? ? ? ? ? ? ? ? ? ? ? ? 80 ♪ ♪ ♪ ♪ ♪ ♪ ♪ ♪ ♪ ♪ ♪ ♪ ♪ ♪ ♪ ♪ ♪ ♪ ♪ ♪ ♪ ♪ ♪ ♪ ♪ ♪ ♪ ♪ ♪ ♪ ♪ ♪ ♪ ♪ ♪ ♪ ♪ ♪ ♪ ♪ ♪ ♪ ♪ ♪ ♪ ♪ ♪ ♪ ♪ ♪ ♪ ♪ ♪ ♪ ♪ ♪ ♪ ♪ ♪ ♪ ♪ ♪ ♪ ♪ ♪ ♪ ♪ ♪ ♪ ♪ ♪ ♪ ♪ ♪ ♪ ♪ ♪ ♪ ♪ ♪ ♪ ♪ ♪ ♪ ♪ ♪ ♪ ♪ ♪ ♪ ♪ ♪ ♪ ♪ ♪ ♪ ♪ ♪ ♪ ♪ ♪ ♪ ♪ ♪ ♪ ♪ ♪ ♪ ♪ ♪ ♪ ♪ ♪ ♪ ♪,1,♪ ♪ ♪ ♪ ♪ ♪ ♪ ♪ ♪ ♪ ♪ ♪ ♪ ♪ ♪ ♪ ♪ ♪ ♪ ♪ ♪ ♪ ♪ ♪ ♪ ♪ ♪ ♪ ♪ ♪ ♪ ♪ ♪ ♪ ♪ ♪ ♪ ♪ ♪ ♪ ♪ ♪ ♪ ♪ ♪ ♪ ♪ ♪ ♪ ♪ ♪ ♪ ♪ ♪ ♪ ♪ ♪ ♪ ♪ ♪ ♪ ♪ ♪ ♪ ♪ ♪ ♪ ♪ ♪ ♪ ♪ ♪ ? ? ? ? ? ? ? ? ? ? ? ? ? ? ? ? ? ? ? ? ? 80 ♪ ♪ ♪ ♪ ♪ ♪ ♪ ♪ ♪ ♪ ♪ ♪ ♪ ♪ ♪ ♪ ♪ ♪ ♪ ♪ ♪ ♪ ♪ ♪ ♪ ♪ ♪ ♪ ♪ ♪ ♪ ♪ ♪ ♪ ♪ ♪ ♪ ♪ ♪ ♪ ♪ ♪ ♪ ♪ ♪ ♪ ♪ ♪ ♪ ♪ ♪ ♪ ♪ ♪ ♪ ♪ ♪ ♪ ♪ ♪ ♪ ♪ ♪ ♪ ♪ ♪ ♪ ♪ ♪ ♪ ♪ ♪ ♪ ♪ ♪ ♪ ♪ ♪ ♪ ♪ ♪ ♪ ♪ ♪ ♪ ♪ ♪ ♪ ♪ ♪ ♪ ♪ ♪ ♪ ♪ ♪ ♪ ♪ ♪ ♪ ♪ ♪ ♪ ♪ ♪ ♪ ♪ ♪ ♪ ♪ ♪ ♪ ♪ ♪ ♪,num
.. . . . . . . . . . . . . . . . . . . . . . . . . . . . . . . . . . . . . . . . . . . . . . . . . . . . . . . . . . . . . . . . . . . . . . . . . . . . . . . . . . . . . . . . . . . . . . . . . . . . . . . . . . . . . . . . . . . . . . . . . . . . . . . . . . . . . . . . . . . . . . . . . . . . . . . . . . . . . . . . . . . . . . . . . . . . . . . . . . . . . . . . . . . . . . . . . . . . . . . . . . . . . . . номер . . . . . . . . . . . . . . . . . . . . номер номер номер . . . . . . . . . . . . . . . . . . . . . . . . .,0,.. . . . . . . . . . . . . . . . . . . . . . . . . . . . . . . . . . . . . . . . . . . . . . . . . . . . . . . . . . . . . . . . . . . . . . . . . . . . . . . . . . . . . . . . . . . . . . . . . . . . . . . . . . . . . . . . . . . . . . . . . . . . . . . . . . . . . . . . . . . . . . . . . . . . . . . . . . . . . . . . . . . . . . . . . . . . . . . . . . . . . . . . . . . . . . . . . . . . . . . . . . . . . . . номер . . . . . . . . . . . . . . . . . . . . номер номер номер . . . . . . . . . . . . . . . . . . . . . . . . .,номер номер номер номер
.. . . . . . . . . . . . . . . . . . . . . . . . . . . . . . . . . . . . . . . . . . . . . . . . . . . . . . . . . . . . . . . . . . . . . . . . . . . . . . . . . . . . . . . . . . . . . . . . . . . . . . . . . . . . . . . . . . . . . . . . . . . . . . . . . . . . . . . . . . . . . . . . . . . . . . . . . . . . . . . . . . . . . . . . . . . . . . . . . . . . . . . . . . . . . . . . . . . . . . . . . . . . . . . . . . . . . . . . . . . . . . . . . . . d d d d d d d d d d d d d d d d d d d d d d d d d d d,0,.. . . . . . . . . . . . . . . . . . . . . . . . . . . . . . . . . . . . . . . . . . . . . . . . . . . . . . . . . . . . . . . . . . . . . . . . . . . . . . . . . . . . . . . . . . . . . . . . . . . . . . . . . . . . . . . . . . . . . . . . . . . . . . . . . . . . . . . . . . . . . . . . . . . . . . . . . . . . . . . . . . . . . . . . . . . . . . . . . . . . . . . . . . . . . . . . . . . . . . . . . . . . . . . . . . . . . . . . . . . . . . . . . . . d d d d d d d d d d d d d d d d d d d d d d d d d d d,d d d d d d d d d d d d d d d d d d d d d d d d d d d
.. .. .. . ..почему .. . . . . . . . . . . . . . . . . . . . . . . . . . . . . . . . . . . . . . . . . . . . . . . . . . . . . . . . . . . . . . . . . . . . . . . . . . . . . . . . . . . . . . . . . . . . . . . . . . . . . . . . . . . . . . . . . . . . . . . . . . . . . . . . . . . . . . . . . . . . . . . . . . . . . . . . . . . . . . . . . . . . . . . . . . . . . . . . . . . . . . . . . . . . . . . . . . . . . . . . . . . . . . . . . . . . . . . . . . . . . . . . . . . . . . . . . . . . . . . . . . . . . .,0,.. .. .. . ..почему .. . . . . . . . . . . . . . . . . . . . . . . . . . . . . . . . . . . . . . . . . . . . . . . . . . . . . . . . . . . . . . . . . . . . . . . . . . . . . . . . . . . . . . . . . . . . . . . . . . . . . . . . . . . . . . . . . . . . . . . . . . . . . . . . . . . . . . . . . . . . . . . . . . . . . . . . . . . . . . . . . . . . . . . . . . . . . . . . . . . . . . . . . . . . . . . . . . . . . . . . . . . . . . . . . . . . . . . . . . . . . . . . . . . . . . . . . . . . . . . . . . . . . .,почему
.. ..последствием ..последствием ..последствием..,1,.. ..последствием ..последствием ..последствием..,последствием последствием последствием
.. 983 . . . . . . . . . . . . . . . . . . . . . . . . . . . . . . . . . . . . . . . . . . . . . . . . . . . . . . . . . .,1,.. 983 . . . . . . . . . . . . . . . . . . . . . . . . . . . . . . . . . . . . . . . . . . . . . . . . . . . . . . . . . .,num
.. .. ..проникнуть в юбилее .. . . . . . . . . . . . . . . . . . . . . . . . . . . . . . . . . . . . . . . . . . . . . . . . . . . . . . . . . . . . . . . . . . . . . . . . . . . . . . . . . . . . . . . . . . . . . . . . . . . . . . . . . . . . . . . . . . . . . . . . . . . . . . . . . . . . . . . . . . . . . . . . . . . . . . . . . . . . . . . . . . . . . . . . . . . . . . . . . . . . . . . . . . . . .,0,.. .. ..проникнуть в юбилее .. . . . . . . . . . . . . . . . . . . . . . . . . . . . . . . . . . . . . . . . . . . . . . . . . . . . . . . . . . . . . . . . . . . . . . . . . . . . . . . . . . . . . . . . . . . . . . . . . . . . . . . . . . . . . . . . . . . . . . . . . . . . . . . . . . . . . . . . . . . . . . . . . . . . . . . . . . . . . . . . . . . . . . . . . . . . . . . . . . . . . . . . . . . . .,проникнуть в юбилее
.. . ..что . . . . . . . . . . . . . . . . . . . . . . . . . . . . . . . . . . . . . . . . . . . . . . . . . . . . . . . . . . . . . . . . . . . . . . . . . . . . . . . . . . . . . . . . . . . . . . . . . . . . . . . . . . . . . . . . . . . . . . . . . . . . . . . . . . . . . . . . . . . . . . . . . . . . . . . . . . . . . . . . . . . . . . . . . . . . . . . . . . . . . . . . . . . . . . . . . . . . . . . . . . . . . . . . . . . . . . . . . . . . . . . . . . . . . . . . . . . . . . . . . . . . . . . . . .,0,.. . ..что . . . . . . . . . . . . . . . . . . . . . . . . . . . . . . . . . . . . . . . . . . . . . . . . . . . . . . . . . . . . . . . . . . . . . . . . . . . . . . . . . . . . . . . . . . . . . . . . . . . . . . . . . . . . . . . . . . . . . . . . . . . . . . . . . . . . . . . . . . . . . . . . . . . . . . . . . . . . . . . . . . . . . . . . . . . . . . . . . . . . . . . . . . . . . . . . . . . . . . . . . . . . . . . . . . . . . . . . . . . . . . . . . . . . . . . . . . . . . . . . . . . . . . . . . .,что
Убежать. Убежать. Убежать. Убежать. Убежать. Убежать. Убежать. Убежать. Убежать.,0,убежать. убежать. убежать. убежать. убежать. убежать. убежать. убежать. убежать.,убежать убежать убежать убежать убежать убежать убежать убежать убежать
: / www.unicipaliq . com. . . . . . . . . . . . . . . . . . . . . . . . . . . . . . . . . . . . . . . . . . . . . . . . . . . . . . . . . . . . . . . . . . . . . . . . . . . . . . . . . . . . . . . . . . .,1,: / www.unicipaliq . com. . . . . . . . . . . . . . . . . . . . . . . . . . . . . . . . . . . . . . . . . . . . . . . . . . . . . . . . . . . . . . . . . . . . . . . . . . . . . . . . . . . . . . . . . . .,url com
- 04 / / / / / / / / / / / / / / 04 08 / 08 / 10 / 2000 04 : 02 / / / / / / / / / / / / / / / / / / / / / / / / / / / / / / / / / / / / / : : : . . . . . . . . . . . . . . . . . . . . . . . . . . . . . . . . . . . . . . . . . . . . . . . . . . . . . . . . . . . . . . . . . . . . . . . . . . . . . . . . . . . . . . . . . . . . . . . . . . . . . . . . . . . . . . . . . . . . . . . . . . . . . . . . . . . . . . . . . . . . . . . . . . . . . . . . . . . . . . . . . . . . . . . . . . . . . . . . . . . . . . . . . . . . . .,0,- 04 / / / / / / / / / / / / / / 04 08 / 08 / 10 / 2000 04 : 02 / / / / / / / / / / / / / / / / / / / / / / / / / / / / / / / / / / / / / : : : . . . . . . . . . . . . . . . . . . . . . . . . . . . . . . . . . . . . . . . . . . . . . . . . . . . . . . . . . . . . . . . . . . . . . . . . . . . . . . . . . . . . . . . . . . . . . . . . . . . . . . . . . . . . . . . . . . . . . . . . . . . . . . . . . . . . . . . . . . . . . . . . . . . . . . . . . . . . . . . . . . . . . . . . . . . . . . . . . . . . . . . . . . . . . .,num num num num num num num num
.. . . . . . . . . . . . . . . . . . . . . . . . . . . . . . . . . . . . . . . . . . . . . . . . . . . . . . . . . . . . . что . . . . . . . . . . . . . . . . . . . . . . . . . . . . . . . . . . . . . . . . . . . . . . . . . . . . . . . . . . . . . . . . . . . . . . . . . . . . . . . . . . . . . . . . . . . . . . . . . . . . . . . . . . . . . . . . . . . . .,0,.. . . . . . . . . . . . . . . . . . . . . . . . . . . . . . . . . . . . . . . . . . . . . . . . . . . . . . . . . . . . . что . . . . . . . . . . . . . . . . . . . . . . . . . . . . . . . . . . . . . . . . . . . . . . . . . . . . . . . . . . . . . . . . . . . . . . . . . . . . . . . . . . . . . . . . . . . . . . . . . . . . . . . . . . . . . . . . . . . . .,что
.. . . . . . . . . . . . . . . . . . . . . . . . . . . . . . . . . . . . . . . . . . . . . . . . . . . . . . . . . . . . . . . . . . . . . . . . . . . . . . . . . . . . . . . . . . . . . . . . . . . . . . . . . . . . . . . . . . . . . . 60 . . . . . . . . . . . . . . . . . . . . . . . . . . . . . . . . . . . . . . . . . . . . . . . . . . . . . . . . . . . . . . . . . . . . . . . . . . . . . . . 60 м. . . . . . . . . . . . . . . . . . . . . . . . . . . . . . . . . . . . . . . . . . . . . . . . . . . . . . . .,1,.. . . . . . . . . . . . . . . . . . . . . . . . . . . . . . . . . . . . . . . . . . . . . . . . . . . . . . . . . . . . . . . . . . . . . . . . . . . . . . . . . . . . . . . . . . . . . . . . . . . . . . . . . . . . . . . . . . . . . . 60 . . . . . . . . . . . . . . . . . . . . . . . . . . . . . . . . . . . . . . . . . . . . . . . . . . . . . . . . . . . . . . . . . . . . . . . . . . . . . . . 60 м. . . . . . . . . . . . . . . . . . . . . . . . . . . . . . . . . . . . . . . . . . . . . . . . . . . . . . . .,num num м
~ ~ ~ ~ ~ ~ ~ ~ ~ ~ ~ ~ ~ ~ ~ ~ ~ ~ ~ ~ ~ ~ ~ ~ ~ ~ ~ ~ ~ ~ ~ ~ ~ ~ ~ ~ ~ ~ ~ ~ ~ ~ ~ ~ ~ ~ ~ ~ ~ ~ ~ ~ ~ ~ ~ ~ ~ ~ ~ ~ ~ ~ ~ ~ ~ ~ ~ ~ ~ ~ ~ ~ ~ ~ ~ ~ ~ ~ ~ ~ ~ ~ ~ ~ ~ ~ ~ ~ ~ ~ ~ ~ ~ ~ ~ ~ ~ ~ ~ ~ ~ ~ ~ ~ ~ ~ ~ ~ ~ ~ ~ ~ ~ ~ ~ ~ ~ ~ ~ ~ ~ ~ ~ ~ ~ ~ ~ ~ ~ ~ ~ ~ ~ ~ ~ ~ ~ ~ ~ ~ ~ ~ ~ ~ ~ ~ ~ ~ ~ ~ ~ ~ ~ ~ ~ ~ ~ ~ ~ ~ ~ ~ ~ ~ ~ ~ ~ ~ ~ ~ ~ ~ ~ х ~ ~ ~ ~ ~ ~ ~ ~ ~ ~ ~ ~ ~ ~ ~ ~ ~ ~ ~ ~ ~ ~ ~ ~ ~ ~ ~ ~ ~ ~ ~ ~ ~ ~ ~ ~ ~ ~ ~ ~ ~ ~ ~ ~ ~ ~ ~ ~ ~ ~ ~ ~ ~ ~ ~ ~ ~ ~ ~ ~ ~ ~ ~ ♪ ~ ~ ~ ♪ ♪ ♪ ♪ ♪ ♪ ♪ ♪ ♪ ♪ ♪ ♪ ♪ ♪,1,~ ~ ~ ~ ~ ~ ~ ~ ~ ~ ~ ~ ~ ~ ~ ~ ~ ~ ~ ~ ~ ~ ~ ~ ~ ~ ~ ~ ~ ~ ~ ~ ~ ~ ~ ~ ~ ~ ~ ~ ~ ~ ~ ~ ~ ~ ~ ~ ~ ~ ~ ~ ~ ~ ~ ~ ~ ~ ~ ~ ~ ~ ~ ~ ~ ~ ~ ~ ~ ~ ~ ~ ~ ~ ~ ~ ~ ~ ~ ~ ~ ~ ~ ~ ~ ~ ~ ~ ~ ~ ~ ~ ~ ~ ~ ~ ~ ~ ~ ~ ~ ~ ~ ~ ~ ~ ~ ~ ~ ~ ~ ~ ~ ~ ~ ~ ~ ~ ~ ~ ~ ~ ~ ~ ~ ~ ~ ~ ~ ~ ~ ~ ~ ~ ~ ~ ~ ~ ~ ~ ~ ~ ~ ~ ~ ~ ~ ~ ~ ~ ~ ~ ~ ~ ~ ~ ~ ~ ~ ~ ~ ~ ~ ~ ~ ~ ~ ~ ~ ~ ~ ~ ~ х ~ ~ ~ ~ ~ ~ ~ ~ ~ ~ ~ ~ ~ ~ ~ ~ ~ ~ ~ ~ ~ ~ ~ ~ ~ ~ ~ ~ ~ ~ ~ ~ ~ ~ ~ ~ ~ ~ ~ ~ ~ ~ ~ ~ ~ ~ ~ ~ ~ ~ ~ ~ ~ ~ ~ ~ ~ ~ ~ ~ ~ ~ ~ ♪ ~ ~ ~ ♪ ♪ ♪ ♪ ♪ ♪ ♪ ♪ ♪ ♪ ♪ ♪ ♪ ♪,х
".. .. .. . .. .. .. .. .. .. .. .. .. .. .. .. .. .. .. .. .. .. .. .. .. .. .. .. .. .. ... ... ... ... ... ... .. ... ... .... ... ... ... ... .... .... ..... ... .. .. ... .. ... .... ... .... ... .... ... ......... ...... .. .......... .............................. ............ . . ..... . .......... . .... .... . . ... ... . ........... . . . . . . . . . . . . . . . ....... . . . . . . . . . . . . . . . . . . . . . . . . . . . . . . . . . . . . , , , , , , , , ., ., ., ., , ., , , , , , что, , , , , ,",0,".. .. .. . .. .. .. .. .. .. .. .. .. .. .. .. .. .. .. .. .. .. .. .. .. .. .. .. .. .. ... ... ... ... ... ... .. ... ... .... ... ... ... ... .... .... ..... ... .. .. ... .. ... .... ... .... ... .... ... ......... ...... .. .......... .............................. ............ . . ..... . .......... . .... .... . . ... ... . ........... . . . . . . . . . . . . . . . ....... . . . . . . . . . . . . . . . . . . . . . . . . . . . . . . . . . . . . , , , , , , , , ., ., ., ., , ., , , , , , что, , , , , ,",что
. . . . . . . . . . . . . . . . . . . . . . . . . . . . . . . . . . . . . . . . . . . . . . . . . . . . . . . . 60 . . . . . . . . . . . . . . . . . . . . . . . . . . . . . . . . . . . . . . . . . . . . . . . . . . . . . . . . . . . . . . . . . . . . . . . . . . . . . . . . . . . . . . . . . . . . . . . . . . . . . . . . . . . . . . . . . . . . . . . . . . . . . . . . . . . . . . . . . . . . . . . . . . . . . . . . . . . . . . . . . . . . . . . . . . . . . . . . . . . . . . . . . . . . . . . . . . . . . .,1,. . . . . . . . . . . . . . . . . . . . . . . . . . . . . . . . . . . . . . . . . . . . . . . . . . . . . . . . 60 . . . . . . . . . . . . . . . . . . . . . . . . . . . . . . . . . . . . . . . . . . . . . . . . . . . . . . . . . . . . . . . . . . . . . . . . . . . . . . . . . . . . . . . . . . . . . . . . . . . . . . . . . . . . . . . . . . . . . . . . . . . . . . . . . . . . . . . . . . . . . . . . . . . . . . . . . . . . . . . . . . . . . . . . . . . . . . . . . . . . . . . . . . . . . . . . . . . . . .,num
".. .. .. .. .. .. .. . . .. .. .. .. .. .. .. .. .. .. .. .. .. .. .. .. .. .. .. .. .. .. ... ... ... ... ... ... ... ... ... ... ... ... ... ... ... ... .... ... ... ... ... .. ... ... ... ... .... ... ... ..... ...... ... .. ........ ............... ...................................... ..............................................................., ..., ..., ..., ..., ..., ..., ..., ..., ..., ..., ..., ..., ..., ..., ..., ..., ..., ..., ..., ..., ..., ..., ..., ..., ..., ..., ..., ..., ..., ..., ..., ..., ..., ..., ..., ..., ..., ..., ..., ..., ..., ..., ..., ..., ..., ..., ..., ..., ..., ..., ..., ..., ..., ..., ..., ..., ..., ..., ..., что..., ..., ..., ..., ..., ..., ..., ..., ..., ..., ..., ..., ..., ..., ..., ..., ...,",0,".. .. .. .. .. .. .. . . .. .. .. .. .. .. .. .. .. .. .. .. .. .. .. .. .. .. .. .. .. .. ... ... ... ... ... ... ... ... ... ... ... ... ... ... ... ... .... ... ... ... ... .. ... ... ... ... .... ... ... ..... ...... ... .. ........ ............... ...................................... ..............................................................., ..., ..., ..., ..., ..., ..., ..., ..., ..., ..., ..., ..., ..., ..., ..., ..., ..., ..., ..., ..., ..., ..., ..., ..., ..., ..., ..., ..., ..., ..., ..., ..., ..., ..., ..., ..., ..., ..., ..., ..., ..., ..., ..., ..., ..., ..., ..., ..., ..., ..., ..., ..., ..., ..., ..., ..., ..., ..., ..., что..., ..., ..., ..., ..., ..., ..., ..., ..., ..., ..., ..., ..., ..., ..., ..., ...,",что
.. ..что .. .. . . . . . . . . . . . . . . . . . . . . . . . . . . . . . . . . . . . . . . . . . . . . . . . . . . . . . . . . . . . . . . . . . . . . . . . . . . . . . . . . . . . . . . . . . . . . . . . . . . . . . . . . . . . . . . . . . . . . . . . . . . . . . . . . . . . . . . . . . . . . . . . . . . . . . . . . . . . . . . . . . . . . . . . . . . . . . . . . . . . . . . . . . . . . . . . . . . . . . . . . . . . . . . . . . . . . . . . . . . . . . . . . . . . . . . . . . . . . . . . . . . . . . . . .,0,.. ..что .. .. . . . . . . . . . . . . . . . . . . . . . . . . . . . . . . . . . . . . . . . . . . . . . . . . . . . . . . . . . . . . . . . . . . . . . . . . . . . . . . . . . . . . . . . . . . . . . . . . . . . . . . . . . . . . . . . . . . . . . . . . . . . . . . . . . . . . . . . . . . . . . . . . . . . . . . . . . . . . . . . . . . . . . . . . . . . . . . . . . . . . . . . . . . . . . . . . . . . . . . . . . . . . . . . . . . . . . . . . . . . . . . . . . . . . . . . . . . . . . . . . . . . . . . . .,что
"/ 1 / 1 / 1 / / 1 / / 1 / / / / / / / / / / / / / / / / / / / / / / / / / / / / / / , / / / / / / / , / / / , / / / , / / / / / , / / / / / / / / / , / / / / / / / / / / / , / / / / / , / / / / / / / / / / / / / / / / / / / / / / / / / / / / / / / / / / / / / / / , / / / / / / / / / / / / / / / / / / / / / / / / / / / / / / / / / / / / / / / / / / / / / / / / / / / / / / / / / / / / / / / / / / / / / / / / / / / / / / / / / / / , / / / / / / / / / , / / / /",0,"/ 1 / 1 / 1 / / 1 / / 1 / / / / / / / / / / / / / / / / / / / / / / / / / / / / / / , / / / / / / / , / / / , / / / , / / / / / , / / / / / / / / / , / / / / / / / / / / / , / / / / / , / / / / / / / / / / / / / / / / / / / / / / / / / / / / / / / / / / / / / / / , / / / / / / / / / / / / / / / / / / / / / / / / / / / / / / / / / / / / / / / / / / / / / / / / / / / / / / / / / / / / / / / / / / / / / / / / / / / / / / / / / / / , / / / / / / / / / , / / / /",num num num num num
.. .. .. .. ..что .. ..что .. ..что .. .. ..что .. .. ..что .. .. . . . . . . . . . . . . . . . . . . . . . . . . . . . . . . . . . . . . . . . . . . . . . . . . . . . . . . . . . . . . . . . . . . . . . . . . . . . . . . . . . . . . . . . . . . . . . . . . . . . . . . . . . . . . . . . . . . . . . . . . . . . . . . . . . . . . . . . . . . . . . . . . . . . . . . . . . . . . . . . . . . . . . . . . . .,1,.. .. .. .. ..что .. ..что .. ..что .. .. ..что .. .. ..что .. .. . . . . . . . . . . . . . . . . . . . . . . . . . . . . . . . . . . . . . . . . . . . . . . . . . . . . . . . . . . . . . . . . . . . . . . . . . . . . . . . . . . . . . . . . . . . . . . . . . . . . . . . . . . . . . . . . . . . . . . . . . . . . . . . . . . . . . . . . . . . . . . . . . . . . . . . . . . . . . . . . . . . . . . . . . .,что что что что что
".. .. ..чтобы убежать, .. . . . . . . . . . . . . . . . . . . . . . . . . . . . . . . . . . . . . . . . . . . . . . . . . . . . . . . . . . . . . . . . . . . . . . . . . . . . . . . . . . . . . . . . . . . . . . . . . . . . . . . . . . . . . . . . . . . . . . . . . . . . . . . . . . . . . . . . . . . . . . . . . . . . . . . . . . . . . . . . . . . . . . . . . . . . . . . . . . . . . . . . . . . . . . . .",0,".. .. ..чтобы убежать, .. . . . . . . . . . . . . . . . . . . . . . . . . . . . . . . . . . . . . . . . . . . . . . . . . . . . . . . . . . . . . . . . . . . . . . . . . . . . . . . . . . . . . . . . . . . . . . . . . . . . . . . . . . . . . . . . . . . . . . . . . . . . . . . . . . . . . . . . . . . . . . . . . . . . . . . . . . . . . . . . . . . . . . . . . . . . . . . . . . . . . . . . . . . . . . . .",чтобы убежать
.. ..почему .. . . . . . . . . . . . . . . . . . . . . . . . . . . . . . . . . . . . . . . . . . . . . . . . . . . . . . . . . . . . . . . . . . . . . . . . . . . . . . . . . . . . . . . . . . . . . . . . . . . . . . . . . . . . . . . . . . . . . . . . . . . . . . . . . . . . . . . . . . . . . . . . . . . . . . . . . . . . . . . .,1,.. ..почему .. . . . . . . . . . . . . . . . . . . . . . . . . . . . . . . . . . . . . . . . . . . . . . . . . . . . . . . . . . . . . . . . . . . . . . . . . . . . . . . . . . . . . . . . . . . . . . . . . . . . . . . . . . . . . . . . . . . . . . . . . . . . . . . . . . . . . . . . . . . . . . . . . . . . . . . . . . . . . . . .,почему
/ / / / 2000 / / / / / / / / / / / / / / / / / / / / / / / / / / / / / / / / / / / / / / / / / / / / / / / / / / / / / / / / / / / / / / / / / /,0,/ / / / 2000 / / / / / / / / / / / / / / / / / / / / / / / / / / / / / / / / / / / / / / / / / / / / / / / / / / / / / / / / / / / / / / / / / /,num
Добрый день.,1,добрый день.,добрый день
"Убежать - номер номер номер, номер номер номер, номер, номер, номер, номер, номер, номер, номер, номер, номер, номер, номер, номер, номер, номер, номер, номер, номер, номер, номер, номер, номер, номер, номер, номер, номер, номер, номер, номер, номер, номер, номер, номер, номер, номер, номер, номер, номер, номер, номер, номер, номер, номер, номер, номер, номер, номер, номер, номер, номер, номер, номер, номер, номер, номер, номер, номер, номер, номер, номер, номер, номер, номер, номер, номер, номер, номер, номер, номер, номер, номер, номер, номер, номер, номер, номер, номер, номер, номер, номер, номер, номер, номер, номер, номер, номер, номер, номер, номер, номер, номер, номер, номер, номер, номер, номер, номер, номер, номер, номер, номер, номер, номер, номер, номер, номер, номер, номер, номер, номер, номер, номер, номер, номер, номер, номер, номер, номер, номер, номер, номер, номер, номер, номер, номер, номер, номер, номер, номер, номер, номер, номер, номер, номер, номер, номер, номер,, номер, номер, номер, номер, номер, номер, номер, номер, номер, номер, номер, номер, номер, номер, номер, номер, номер, номер, номер, номер, номер, номер, номер, номер, номер,",0,"убежать - номер номер номер, номер номер номер, номер, номер, номер, номер, номер, номер, номер, номер, номер, номер, номер, номер, номер, номер, номер, номер, номер, номер, номер, номер, номер, номер, номер, номер, номер, номер, номер, номер, номер, номер, номер, номер, номер, номер, номер, номер, номер, номер, номер, номер, номер, номер, номер, номер, номер, номер, номер, номер, номер, номер, номер, номер, номер, номер, номер, номер, номер, номер, номер, номер, номер, номер, номер, номер, номер, номер, номер, номер, номер, номер, номер, номер, номер, номер, номер, номер, номер, номер, номер, номер, номер, номер, номер, номер, номер, номер, номер, номер, номер, номер, номер, номер, номер, номер, номер, номер, номер, номер, номер, номер, номер, номер, номер, номер, номер, номер, номер, номер, номер, номер, номер, номер, номер, номер, номер, номер, номер, номер, номер, номер, номер, номер, номер, номер, номер, номер, номер, номер, номер, номер, номер, номер, номер, номер, номер, номер,, номер, номер, номер, номер, номер, номер, номер, номер, номер, номер, номер, номер, номер, номер, номер, номер, номер, номер, номер, номер, номер, номер, номер, номер, номер,",убежать номер номер номер номер номер номер номер номер номер номер номер номер номер номер номер номер номер номер номер номер номер номер номер номер номер номер номер номер номер номер номер номер номер номер номер номер номер номер номер номер номер номер номер номер номер номер номер номер номер номер номер номер номер номер номер номер номер номер номер номер номер номер номер номер номер номер номер номер номер номер номер номер номер номер номер номер номер номер номер номер номер номер номер номер номер номер номер номер номер номер номер номер номер номер номер номер номер номер номер номер номер номер номер номер номер номер номер номер номер номер номер номер номер номер номер номер номер номер номер номер номер номер номер номер номер номер номер номер номер номер номер номер номер номер номер номер номер номер номер номер номер номер номер номер номер номер номер номер номер номер номер номер номер номер номер номер номер номер номер номер номер номер номер номер номер номер номер
~ 3 ~ 3 ~ 3 ~ 3 à à à à à à à à à à à à à à à à à à à à à à à à à à à à à à à à à à à à à à à à à à à à à à à à à à à à à à à à à à à à à à à à à à à à à à à à à à à à à à à à à à à à à à à à à à à à à à à à à à à à à à à à à à à à à à à à à à à à à à ~ à à à à à à à à à à à à à à à à à à à à à à à à à à à à à à à à à à à à à à à à à à à à à à à à à à à à à à à à à à à à à à à à à à à à à à à à à à à à à à à à à à à à à à à à à à à à à à à à à à à à à à à à à à à à à à à à à à à à à à à à à à à à à à à à,1,~ 3 ~ 3 ~ 3 ~ 3 à à à à à à à à à à à à à à à à à à à à à à à à à à à à à à à à à à à à à à à à à à à à à à à à à à à à à à à à à à à à à à à à à à à à à à à à à à à à à à à à à à à à à à à à à à à à à à à à à à à à à à à à à à à à à à à à à à à à à à ~ à à à à à à à à à à à à à à à à à à à à à à à à à à à à à à à à à à à à à à à à à à à à à à à à à à à à à à à à à à à à à à à à à à à à à à à à à à à à à à à à à à à à à à à à à à à à à à à à à à à à à à à à à à à à à à à à à à à à à à à à à à à à à à à à,num num num num
: $299 . . . . . . . . . . . . . . . . . . . . . . . . . . . . . . . . . . . . . . . . . . . . . . . . . . . . . . . . . . . . . . . . . . . . . . . . . . . . . . . . . . . . . . . . . . . . . . . . . . . . . . . . . . . . . . . . . . . . . . . . . . . . . . . . . . . . . . . . . . . . . . . . . . . . . . . . . . . . . . . . . . . . . . . . . . . . .,1,: $299 . . . . . . . . . . . . . . . . . . . . . . . . . . . . . . . . . . . . . . . . . . . . . . . . . . . . . . . . . . . . . . . . . . . . . . . . . . . . . . . . . . . . . . . . . . . . . . . . . . . . . . . . . . . . . . . . . . . . . . . . . . . . . . . . . . . . . . . . . . . . . . . . . . . . . . . . . . . . . . . . . . . . . . . . . . . . .,num
.. ..что .. . . . . . . . . . . . . . . . . . . . . . . . . . . . . . . . . . . . . . . . . . . . . . . . . . . . . . . . . . . . . . . . . . . . . . . . . . . . . . . . . . . . . . . . . . . . . . . . . . . . . . . . . . . . . . . . . . . . . . . . . . . . . . . . . . . . . . . . . . . . . . . . . . . . . . . . . . . . . . . . . . . . . . . . . . . . . . . . . . . . . . . . . . . . . . . .,1,.. ..что .. . . . . . . . . . . . . . . . . . . . . . . . . . . . . . . . . . . . . . . . . . . . . . . . . . . . . . . . . . . . . . . . . . . . . . . . . . . . . . . . . . . . . . . . . . . . . . . . . . . . . . . . . . . . . . . . . . . . . . . . . . . . . . . . . . . . . . . . . . . . . . . . . . . . . . . . . . . . . . . . . . . . . . . . . . . . . . . . . . . . . . . . . . . . . . . .,что
Эй!,1,эй!,эй
* 3 * ~ ~ ~ ~ ~ ~ à à à à à à à à à à à à à à à à à à à à à à à à à à à à à à à à à à à à à à à à à à à à à à à à à à à à à à à à à à à à à à à à à à à à à à à à à à à à à à à à à à à à à à à à à à à à à à à à à à à à à à à à à à à à à à à à à à à à à à à à à à à à à à à à à à à à à à à à à à à à à à à à à à à à à à à à à à à à à à à à à à à à à à à à à à à à à à à à à à à à à à à à à à à à à à à à à à à à à à à à à à à à à à à à à à à à à à à à à à à à à à à à à à à à à à à à à à à à à à à à à à à à à à à,1,* 3 * ~ ~ ~ ~ ~ ~ à à à à à à à à à à à à à à à à à à à à à à à à à à à à à à à à à à à à à à à à à à à à à à à à à à à à à à à à à à à à à à à à à à à à à à à à à à à à à à à à à à à à à à à à à à à à à à à à à à à à à à à à à à à à à à à à à à à à à à à à à à à à à à à à à à à à à à à à à à à à à à à à à à à à à à à à à à à à à à à à à à à à à à à à à à à à à à à à à à à à à à à à à à à à à à à à à à à à à à à à à à à à à à à à à à à à à à à à à à à à à à à à à à à à à à à à à à à à à à à à à à à à à à à,num
. . . . . . . . . . . . . . . . . . . . . . . . . . . . . . . . . . . . . . . . . . . . . . . . . . . . . . . . . . . . . . . . . . . . . 6 . . . . . . . . . . . . . . . . . . . . . . . . . . . . . . . . . . . . . . . . . . . . . . . . 6 . . . . . . . . . . . . . . . . . . . . . . . . . . . . . . . . . . . . . . . . . . . . . . . . . . . . . . . . . . . . . . . . . . . . . . . . . . . . . . . . . . . . . . . . . . . . . . . . . . . . . . . . . . . . . . . . . . . . . . . . . . . . . . . . . . . . . . . . .,1,. . . . . . . . . . . . . . . . . . . . . . . . . . . . . . . . . . . . . . . . . . . . . . . . . . . . . . . . . . . . . . . . . . . . . 6 . . . . . . . . . . . . . . . . . . . . . . . . . . . . . . . . . . . . . . . . . . . . . . . . 6 . . . . . . . . . . . . . . . . . . . . . . . . . . . . . . . . . . . . . . . . . . . . . . . . . . . . . . . . . . . . . . . . . . . . . . . . . . . . . . . . . . . . . . . . . . . . . . . . . . . . . . . . . . . . . . . . . . . . . . . . . . . . . . . . . . . . . . . . .,num num
ДЖЕЙСОН: ДЖЕЙСОН: ДЖЕЙСОН: ДЖЕЙСОН: ДЖЕЙСОН,1,джейсон: джейсон: джейсон: джейсон: джейсон,джейсон джейсон джейсон джейсон джейсон
"Сегодня, . . . . . . . . . . . . . . . . . . . . . . . . . . . . . . . . . . . . . . . . . . . . . . . . . . . . . .",1,"сегодня, . . . . . . . . . . . . . . . . . . . . . . . . . . . . . . . . . . . . . . . . . . . . . . . . . . . . . .",сегодня
: 1 / 9 / 99 / / / 9 / / / / 99 .,0,: 1 / 9 / 99 / / / 9 / / / / 99 .,num num num num num
", 11 / 01 / 01 / / / 01 / / / / / / / / / / 01 / / / / / / / / / / / / / / / / / / / / / / / / / / / / / / / / / / / / / / / / / / / / / / / / / / / / / / / / / / / / / / / / / , / / / / / / / / / / / / / / / / / , / / / / / / / / / / / / / / / / / / / / / / / / / / / / / / / / / / / / / / / / / / / / / / / / / / / / / / / /",0,", 11 / 01 / 01 / / / 01 / / / / / / / / / / 01 / / / / / / / / / / / / / / / / / / / / / / / / / / / / / / / / / / / / / / / / / / / / / / / / / / / / / / / / / / / / / / / / / , / / / / / / / / / / / / / / / / / , / / / / / / / / / / / / / / / / / / / / / / / / / / / / / / / / / / / / / / / / / / / / / / / / / / / / / / / /",num num num num num
".. .. ..последствия, связанные с побегом..",0,".. .. ..последствия, связанные с побегом..",последствия связанные с побегом
- 06 / 15 / 2000 02 : 35 / - - - - - - - - - - - - - - - - 12 - - - - - - . - . - . - . . . . . . . . . . . . . . . . . . . . . . . . . . . . . . . . . . . . - . . . . . . . . . . . . . . . . . . . . . . . . . . . . . . . . . . . . . . . . . . . . . . . . . . . . . . . . . . . . . . . . . . . . . . . . . . . . . . . . . . . . . . . . . . . . . . . . . . . . . . . . . . . . . . . . . . . . . . . . . . . . . . . . . . . . . . . . .,0,- 06 / 15 / 2000 02 : 35 / - - - - - - - - - - - - - - - - 12 - - - - - - . - . - . - . . . . . . . . . . . . . . . . . . . . . . . . . . . . . . . . . . . . - . . . . . . . . . . . . . . . . . . . . . . . . . . . . . . . . . . . . . . . . . . . . . . . . . . . . . . . . . . . . . . . . . . . . . . . . . . . . . . . . . . . . . . . . . . . . . . . . . . . . . . . . . . . . . . . . . . . . . . . . . . . . . . . . . . . . . . . . .,num num num num num num
: http://www.units.org/reach.un.org,0,: http://www.units.org/reach.un.org,url
~1 ~3 ~ ~ ~ ~ ~ ~ ~ ~ ~ ~ ~ ~ ~ ~ ~ ~ ~ ~ ~ à à à à à à à à à à à à à à à à à à à à à à à à à à à à à à ~ à à à à à à à à à à à à à à à à à à à à à à à à à à à à à à à à à à à à à à à à à à à à à à à à à à à à à à à à à à à à à à à à à à à à à à à à à à à à à à à à à à à à à à à à à à à à à à à à à à à à à à à à à à à à à à à à à à à à à à à à à à à à à à à à à à à à à à à à à à à à à à à à à à à à à à à à à à à à à à à à à à à à à à à à à à à à à à à à à à à à à à à à à à à à à à à à à à à à à à à à à,1,~1 ~3 ~ ~ ~ ~ ~ ~ ~ ~ ~ ~ ~ ~ ~ ~ ~ ~ ~ ~ ~ à à à à à à à à à à à à à à à à à à à à à à à à à à à à à à ~ à à à à à à à à à à à à à à à à à à à à à à à à à à à à à à à à à à à à à à à à à à à à à à à à à à à à à à à à à à à à à à à à à à à à à à à à à à à à à à à à à à à à à à à à à à à à à à à à à à à à à à à à à à à à à à à à à à à à à à à à à à à à à à à à à à à à à à à à à à à à à à à à à à à à à à à à à à à à à à à à à à à à à à à à à à à à à à à à à à à à à à à à à à à à à à à à à à à à à à à à à,num num
234567890 234567890 234567890,1,234567890 234567890 234567890,num num num
.. ..что .. ..что .. . . . . . . . . . . . . . . . . . . . . . . . . . . . . . . . . . . . . . . . . . . . . . . . . . . . . . . . . . . . . . . . . . . . . . . . . . . . . . . . . . . . . . . . . . . . . . . . . . . . . . . . . . . . . . . . . . . . . . . . . . . . . . . . . . . . . . . . . . . . . . . . . . . . . . . . . . . . . . . . . . . . . . . . . . . . . . . . . . . . . . . . . . . . . . . . . . . . . . . . . . . . . . . . . . . . . . . . . . . . . . . . . . . . . . . . . . . . € € € € € € € € € € €,0,.. ..что .. ..что .. . . . . . . . . . . . . . . . . . . . . . . . . . . . . . . . . . . . . . . . . . . . . . . . . . . . . . . . . . . . . . . . . . . . . . . . . . . . . . . . . . . . . . . . . . . . . . . . . . . . . . . . . . . . . . . . . . . . . . . . . . . . . . . . . . . . . . . . . . . . . . . . . . . . . . . . . . . . . . . . . . . . . . . . . . . . . . . . . . . . . . . . . . . . . . . . . . . . . . . . . . . . . . . . . . . . . . . . . . . . . . . . . . . . . . . . . . . . € € € € € € € € € € €,что что
", 11 / 08 / 1 / 1 / 1 / 1 / / 1 / / 1 / / / / / / / :",0,", 11 / 08 / 1 / 1 / 1 / 1 / / 1 / / 1 / / / / / / / :",num num num num num num num num
/ / 207 . . . . . . . . . . . . . . . . . . . . . . . . . . . . . . . . . . . . . . . . . . . . . . . . . . . . . . . . . . . . . . . . . . . . . . . . . . . . . . . . . . . . . . . . . . . . . . . . . .,1,/ / 207 . . . . . . . . . . . . . . . . . . . . . . . . . . . . . . . . . . . . . . . . . . . . . . . . . . . . . . . . . . . . . . . . . . . . . . . . . . . . . . . . . . . . . . . . . . . . . . . . . .,num
/ / 194 . 106 . . . . . . . . . . . . . . . . . . . . . . . . . . . . . . . . . . . . . . . . . . . . . . . . . . . . . . . . . . . . . . . . . . . . . . . . . . . . . . . . . . . . . . . . . . . . . . . . . . . . . . . . . . . . . . . . . . . . . . . . . . . . . . . . . . . . . . . . . . . . . . . . . . . . . . . . . . . . . . . . . . . . . . . . . . . . . . . . . . . . . . . . . . . . . . . . . . . . . . . . . . . . . . . . . . . . . . . . . . . . . . . . . . . . . . . . . . . . . . . . . . . . . . . . . . .,1,/ / 194 . 106 . . . . . . . . . . . . . . . . . . . . . . . . . . . . . . . . . . . . . . . . . . . . . . . . . . . . . . . . . . . . . . . . . . . . . . . . . . . . . . . . . . . . . . . . . . . . . . . . . . . . . . . . . . . . . . . . . . . . . . . . . . . . . . . . . . . . . . . . . . . . . . . . . . . . . . . . . . . . . . . . . . . . . . . . . . . . . . . . . . . . . . . . . . . . . . . . . . . . . . . . . . . . . . . . . . . . . . . . . . . . . . . . . . . . . . . . . . . . . . . . . . . . . . . . . . .,num num
. . . . . . . . . . . . . . . . . . . . . . . . . . . . . . . . . . . . . . . . . . . . . . . . . . . . . . . . . . . . . . . . . . . . . . . . . . . . . . . . . . . . . . . . . . . . . . . . . . . . . . . . . . . . . . . . . . . . . . . 60 . . . . . . . . . . . . . . . . . . . .,1,. . . . . . . . . . . . . . . . . . . . . . . . . . . . . . . . . . . . . . . . . . . . . . . . . . . . . . . . . . . . . . . . . . . . . . . . . . . . . . . . . . . . . . . . . . . . . . . . . . . . . . . . . . . . . . . . . . . . . . . 60 . . . . . . . . . . . . . . . . . . . .,num
: / www.tikn . com /,1,: / www.tikn . com /,url com
"- : 07:00 / 30 / 12 / 04 / / / / / / / / / / / / / / / , / / / / / / / / / / / / / / / , / / , / / , / / / , / / / / / / / , / / / / / / / / / / / / / / , / / / / / / / / / / / / / / / , / / / / / / / / / / / / / . / / / / . . . . . . . . . . .",0,"- : 07:00 / 30 / 12 / 04 / / / / / / / / / / / / / / / , / / / / / / / / / / / / / / / , / / , / / , / / / , / / / / / / / , / / / / / / / / / / / / / / , / / / / / / / / / / / / / / / , / / / / / / / / / / / / / . / / / / . . . . . . . . . . .",num num num num num
~ à à à à à à à à à à à à à à à à à à à à à à à à à à à à à à à à à à à à à à à à à à à à à à à à à à à à à à à à à à à à à à à à à à à à à à à à à à à à à à à à à à à à à à à à à à à à à à à à à à à à à à à à à à à à à à à à à à à à à à à à à à à à à à à à à à à à à à à à d à à à à à à à à à à à à à à à à à à à à à à à à à à à à à à à à à à à à à à à à à à à à à à à à à à à à à à à à à à à à à à à à à à à à à à à à à à à à à à à à à à à à à à à à à à à à à à à à à à à à à à à à à à à à à à à à à à à à à,1,~ à à à à à à à à à à à à à à à à à à à à à à à à à à à à à à à à à à à à à à à à à à à à à à à à à à à à à à à à à à à à à à à à à à à à à à à à à à à à à à à à à à à à à à à à à à à à à à à à à à à à à à à à à à à à à à à à à à à à à à à à à à à à à à à à à à à à à à à à d à à à à à à à à à à à à à à à à à à à à à à à à à à à à à à à à à à à à à à à à à à à à à à à à à à à à à à à à à à à à à à à à à à à à à à à à à à à à à à à à à à à à à à à à à à à à à à à à à à à à à à à à à à à à à à à à à à à à à,d
. . . . . . . . . . . . . . . . . . . . . . . . . . . . . . . . . . . . . . . . . . . . . . . . . . . . . . . . . . . . . . . . . . . . . . . . . . . . . . . . . . . . . . . . . . . . . . . . . . . . . . . . . . . . . . . . . . . . . . . . . . . . . . . . . . . . . . . . . . . . . . . . . . . . . . . . . . . . . . . . . . . . . . . . . . . . . . . . . . . . . . . . . . . . . . . . . . . . . . . . . . . . . . . . . . . . . . . . . . . . . . . . . . ну ну ну ну ну ну ну ну ну ну . ну ну ну . . ну ну ну ну ну ну ну ну ну ну ну ну ну,0,. . . . . . . . . . . . . . . . . . . . . . . . . . . . . . . . . . . . . . . . . . . . . . . . . . . . . . . . . . . . . . . . . . . . . . . . . . . . . . . . . . . . . . . . . . . . . . . . . . . . . . . . . . . . . . . . . . . . . . . . . . . . . . . . . . . . . . . . . . . . . . . . . . . . . . . . . . . . . . . . . . . . . . . . . . . . . . . . . . . . . . . . . . . . . . . . . . . . . . . . . . . . . . . . . . . . . . . . . . . . . . . . . . ну ну ну ну ну ну ну ну ну ну . ну ну ну . . ну ну ну ну ну ну ну ну ну ну ну ну ну,ну ну ну ну ну ну ну ну ну ну ну ну ну ну ну ну ну ну ну ну ну ну ну ну ну ну
"66 / / / / / / / / / / / / / / / / / / / / / / / / / / / / / / / / / / / / / / / / / / / / / / / / / / / , / / / / / / / , / / / / / , / / / / / / , / / / , / / / / , / / , / / / , / / / / , / / / , . . . . . . . . . . . . . . . . . . . . . . . . . . . . . . . . . . . . . . . . . . . . . . . . . . . . . . . . . . . . . . . . . . . . . . . . . . . . . . . . . . . . . . . . . . . . . . . . . . . . . . . . . . . . . . . . . . . . . . . . . . . . . . . . . . . . . . . . . . . . . . . . . . . . . . . . . . . .",0,"66 / / / / / / / / / / / / / / / / / / / / / / / / / / / / / / / / / / / / / / / / / / / / / / / / / / / , / / / / / / / , / / / / / , / / / / / / , / / / , / / / / , / / , / / / , / / / / , / / / , . . . . . . . . . . . . . . . . . . . . . . . . . . . . . . . . . . . . . . . . . . . . . . . . . . . . . . . . . . . . . . . . . . . . . . . . . . . . . . . . . . . . . . . . . . . . . . . . . . . . . . . . . . . . . . . . . . . . . . . . . . . . . . . . . . . . . . . . . . . . . . . . . . . . . . . . . . . .",num
", / / 2001 / / . . . . . . . . . . . . . . . . . . . . . . . . . . . . . . . . . . . . . . . . . . . . . . . . . . . . . . . . . . . . . . . . . . . . . . . . . . . . . . . . . . . . . . . . . . . . . . . . . . . . . . . . . . . . . . . . . . . . . . . . . . . . . . . . . . . . . . . . . . . . . . . . . . . . . . . . . . . . . . . . . . . . . . . . . . . . . . . . . . . . . . . . . . . . . . . . . . . . . . . . . . . . . . . . . . . . . . . . . . . . . . . . . . . . . . . . . . . . . . . . . . . . . . . . .",0,", / / 2001 / / . . . . . . . . . . . . . . . . . . . . . . . . . . . . . . . . . . . . . . . . . . . . . . . . . . . . . . . . . . . . . . . . . . . . . . . . . . . . . . . . . . . . . . . . . . . . . . . . . . . . . . . . . . . . . . . . . . . . . . . . . . . . . . . . . . . . . . . . . . . . . . . . . . . . . . . . . . . . . . . . . . . . . . . . . . . . . . . . . . . . . . . . . . . . . . . . . . . . . . . . . . . . . . . . . . . . . . . . . . . . . . . . . . . . . . . . . . . . . . . . . . . . . . . . .",num
До свидания.,1,до свидания.,до свидания
.. . . . . . . . . . . . . . . . . . . . . . . . . . . . . . . . . . . . . . . . . . . . . . . . . . . . . . . . . . . . . . . . . . . . . . . . . . . . . . . . . . . . . . . . . . . . . . . . . . . . . . . . . . . . . . . . . . . . . . . . . . . . . . . . . . . . . . . . . . . . . . . . . . . . . . . . . . . . . . . . . . . . . . . . . . . . . . . . . . . . . . . . . . . . . . . . . . . . . . . . . . . . . . . . . . . . . . . . . . d d d d d d d d d d d d d d d d d d d d d d d d d d d d d d d d d,0,.. . . . . . . . . . . . . . . . . . . . . . . . . . . . . . . . . . . . . . . . . . . . . . . . . . . . . . . . . . . . . . . . . . . . . . . . . . . . . . . . . . . . . . . . . . . . . . . . . . . . . . . . . . . . . . . . . . . . . . . . . . . . . . . . . . . . . . . . . . . . . . . . . . . . . . . . . . . . . . . . . . . . . . . . . . . . . . . . . . . . . . . . . . . . . . . . . . . . . . . . . . . . . . . . . . . . . . . . . . d d d d d d d d d d d d d d d d d d d d d d d d d d d d d d d d d,d d d d d d d d d d d d d d d d d d d d d d d d d d d d d d d d d
.. .. ..что ..-----------------------------------------------------------------------------------------------------------------------------------------------------------------------------------------------------------------------------------------------------------------------------------------------------------------------------------------------------------------------------------------------------------------------------------------------------------------------------------------------------------------,0,.. .. ..что ..-----------------------------------------------------------------------------------------------------------------------------------------------------------------------------------------------------------------------------------------------------------------------------------------------------------------------------------------------------------------------------------------------------------------------------------------------------------------------------------------------------------------,что
.. . . . . . . . . . . . . . . . . . . . . . . . . . . . . . . . . . . . . . . . . . . . . . . . . . . . . . . . . . . . . . . . . . . . . . . что . . . . . . . . . . . . . . . . . . . . . . . . . . . . . . . . . . . . . . . . . . . . . . . . . . . . . . . . . . . . . . . . . . . . . . . . . . . . . . . . . . . . . . . . . . . . . . . . . . . . . . . . . . . . . . . . . . .,0,.. . . . . . . . . . . . . . . . . . . . . . . . . . . . . . . . . . . . . . . . . . . . . . . . . . . . . . . . . . . . . . . . . . . . . . . что . . . . . . . . . . . . . . . . . . . . . . . . . . . . . . . . . . . . . . . . . . . . . . . . . . . . . . . . . . . . . . . . . . . . . . . . . . . . . . . . . . . . . . . . . . . . . . . . . . . . . . . . . . . . . . . . . . .,что
? ? ? ? 99 ? 99 ? 99 ? 99 ? ? ? ? ? ? ? ? ? ? ? ? ? ? ? ? ? ? ? ? ? ? ? ? ? ? ? ? ? ? ? ? ? ? ? ? ? ? ?,1,? ? ? ? 99 ? 99 ? 99 ? 99 ? ? ? ? ? ? ? ? ? ? ? ? ? ? ? ? ? ? ? ? ? ? ? ? ? ? ? ? ? ? ? ? ? ? ? ? ? ? ?,num num num num
♪ 3 3 ♪ 3 ♪ 3 ♪ 2 ♪ ♪ ♪ ♪ ♪ ♪ ♪ ♪ ♪ ♪ ♪ ♪ ♪ ♪ ♪ ♪ ♪ ♪ ♪ ♪ ♪ ♪ ♪ ♪ ♪ ? ♪ ♪ ♪ ♪ ♪ ♪ ♪ ♪ ♪ ♪ ♪ ♪ ♪ ♪ ♪ ♪ ♪ ♪ ♪ ♪ ♪ ♪ ♪ ♪ ♪ ♪ ♪ ♪ ♪ ♪ ♪ ♪ ♪ ♪ ♪ ♪ ♪ ♪ ♪ ♪ ♪ ♪ ♪ ♪ ♪ ♪ ♪ ♪ ♪ ♪ ♪ ♪ ♪ ♪ ♪ ♪ ♪ ♪ ♪ ♪ ♪ ♪ ♪ ♪ ♪ ♪ ♪ ♪ ♪ ♪ ♪ ♪ ♪ ♪ ♪ ♪ ♪ ♪ ♪ ♪ ♪ ♪ ♪ ♪ ? ♪ ♪ ♪ ♪ ♪ ♪ ♪ ♪ ♪ ♪ ♪ ♪ ♪ ♪ ♪ ♪ ♪ ♪ ♪ ♪ ♪ ♪ ♪ ♪ ♪ ♪ ♪ ♪ ♪ ♪ ♪ ♪ ♪,1,♪ 3 3 ♪ 3 ♪ 3 ♪ 2 ♪ ♪ ♪ ♪ ♪ ♪ ♪ ♪ ♪ ♪ ♪ ♪ ♪ ♪ ♪ ♪ ♪ ♪ ♪ ♪ ♪ ♪ ♪ ♪ ♪ ? ♪ ♪ ♪ ♪ ♪ ♪ ♪ ♪ ♪ ♪ ♪ ♪ ♪ ♪ ♪ ♪ ♪ ♪ ♪ ♪ ♪ ♪ ♪ ♪ ♪ ♪ ♪ ♪ ♪ ♪ ♪ ♪ ♪ ♪ ♪ ♪ ♪ ♪ ♪ ♪ ♪ ♪ ♪ ♪ ♪ ♪ ♪ ♪ ♪ ♪ ♪ ♪ ♪ ♪ ♪ ♪ ♪ ♪ ♪ ♪ ♪ ♪ ♪ ♪ ♪ ♪ ♪ ♪ ♪ ♪ ♪ ♪ ♪ ♪ ♪ ♪ ♪ ♪ ♪ ♪ ♪ ♪ ♪ ♪ ? ♪ ♪ ♪ ♪ ♪ ♪ ♪ ♪ ♪ ♪ ♪ ♪ ♪ ♪ ♪ ♪ ♪ ♪ ♪ ♪ ♪ ♪ ♪ ♪ ♪ ♪ ♪ ♪ ♪ ♪ ♪ ♪ ♪,num num num num num
х х х х х х х х х х . . . . . . . . . . . . . . . . . . . . . .,1,х х х х х х х х х х . . . . . . . . . . . . . . . . . . . . . .,х х х х х х х х х х
. . . . . 500/,0,. . . . . 500/,num
.. . . . . . . . . . . . . . . . . . . . . . . . . . . . . . . . . . . . . . . . . . . . . . . . . . . . . . . . . . . . . . . . . . . . . . . . . . . . . . . . . . . . . . . . . . . . . . . . . . . . . . . . . . . . . . . . . . . . . . . . . . . . . . . . . . . . . . . . . . . . . . . . . . . . . . . . . . . . . . . . . . . . . . . . . . . . . . . . . . . . . . . . . . . . . . . . . . . . . . . . . . . . . . . . . . . . . . . . . . . . . . . . . . . . d. d. . . . . . . . . . . . . . . . . . . . . . . .,0,.. . . . . . . . . . . . . . . . . . . . . . . . . . . . . . . . . . . . . . . . . . . . . . . . . . . . . . . . . . . . . . . . . . . . . . . . . . . . . . . . . . . . . . . . . . . . . . . . . . . . . . . . . . . . . . . . . . . . . . . . . . . . . . . . . . . . . . . . . . . . . . . . . . . . . . . . . . . . . . . . . . . . . . . . . . . . . . . . . . . . . . . . . . . . . . . . . . . . . . . . . . . . . . . . . . . . . . . . . . . . . . . . . . . . d. d. . . . . . . . . . . . . . . . . . . . . . . .,d d
/ 1 / 01,0,/ 1 / 01,num num
. . . . . . . . . . . . . . . . . . . . . . . . . . . . . . . . . . . . . . . . . . . . . . . . . . . . . . . . . . . . . . . . . . . . . . . . . . . . . . . . . . . . . . . . . . . . . . . . . . . . . . . . . . . . . . . . . . . . . . . . . . . . . . . . . . . . . . . . . . . . . . . . . . . . . . . . . . . . . . . 60 . 60 . 60 . 60 . 60 . 60 . . . . 60 . . . . . . . . . . .,1,. . . . . . . . . . . . . . . . . . . . . . . . . . . . . . . . . . . . . . . . . . . . . . . . . . . . . . . . . . . . . . . . . . . . . . . . . . . . . . . . . . . . . . . . . . . . . . . . . . . . . . . . . . . . . . . . . . . . . . . . . . . . . . . . . . . . . . . . . . . . . . . . . . . . . . . . . . . . . . . 60 . 60 . 60 . 60 . 60 . 60 . . . . 60 . . . . . . . . . . .,num num num num num num num
~ 3 ~ ~ ~ ~ ~ ~ ~ ~ ~ ~ ~ ~ ~ ~ ~ ~ ~ ~ ~ ~ ~ ~ ~ ~ ~ ~ ~ ~ ~ ~ ~ ~ ~ ~ ~ ~ ~ ~ ~ ~ ~ ~ ~ ~ ~ ~ ~ ~ ♫ ♫ ♫ ♫ ♫ ♫ ♫ ♫ ♫ ♫ ♫ ♫ ♫ ♫ ♫ ♫ ♫ ♫ ♫ ♫ ♫ ♫ ♫ ♫ ♫ ♫ ♫ ♫ ♫ ♫ ♫ ♫ ♫ ♫ ♫ ♫ ♫ ♫ ♫ ♫ ♫ ♫ ♫ ♫ ♫ ♫ ♫ ♫ ♫ ♫ ♫ ♫ ♫ ♫ ♫ ♫ ♫ ♫ ♫ ♫ ♫ ♫ ♫ ♫ ♫ ♫ ♫ ♫ ♫ ♫ ♫ ♫ ♫ ♫ ♫ ♫ ♫ ♫ ♫ ♫ ♫ ♫ ♫ ♫ ♫ ♫ ♫ ♫ ♫ ♫ ♫ ♫ ♫ ♫ ♫ ♫ ♫ ♫ ♫ ♫ ♫ ♫ ♫ ♫ ♫ ♫ ♫ ♫ ♫ ♫ ♫ ♫ ♫ ♫ ♫ ♫ ♫ ♫ ♫ ♫ ♫ ♫ ♫ ♫ ♫ ♫ ♫ ♫ ♫ ♫ ♫ ♫ ♫ ♫ ♫ ~ ~ ~ ♫ ♫ ~ ~ ♫ ~ ~ ~ ~ ~ ~ ~ ~ ~ ♫ ~ ~ ♫ ♫ ♫ ♫ ~ ~ ~ ♫ ~ ♫ ♫ ~ ~ ~ ~ ~ ♫ ~ ~ ~ ~ ~ ~ ~ ~ ~ ♫ ♫ ~ ♫ ♫ ~ ~ ♫ ♫ ♫ ~ ~ ~ ~ ~ ~ ~ ~ ♫ ♫ ♫ ♫ ♫ ♫,1,~ 3 ~ ~ ~ ~ ~ ~ ~ ~ ~ ~ ~ ~ ~ ~ ~ ~ ~ ~ ~ ~ ~ ~ ~ ~ ~ ~ ~ ~ ~ ~ ~ ~ ~ ~ ~ ~ ~ ~ ~ ~ ~ ~ ~ ~ ~ ~ ~ ~ ♫ ♫ ♫ ♫ ♫ ♫ ♫ ♫ ♫ ♫ ♫ ♫ ♫ ♫ ♫ ♫ ♫ ♫ ♫ ♫ ♫ ♫ ♫ ♫ ♫ ♫ ♫ ♫ ♫ ♫ ♫ ♫ ♫ ♫ ♫ ♫ ♫ ♫ ♫ ♫ ♫ ♫ ♫ ♫ ♫ ♫ ♫ ♫ ♫ ♫ ♫ ♫ ♫ ♫ ♫ ♫ ♫ ♫ ♫ ♫ ♫ ♫ ♫ ♫ ♫ ♫ ♫ ♫ ♫ ♫ ♫ ♫ ♫ ♫ ♫ ♫ ♫ ♫ ♫ ♫ ♫ ♫ ♫ ♫ ♫ ♫ ♫ ♫ ♫ ♫ ♫ ♫ ♫ ♫ ♫ ♫ ♫ ♫ ♫ ♫ ♫ ♫ ♫ ♫ ♫ ♫ ♫ ♫ ♫ ♫ ♫ ♫ ♫ ♫ ♫ ♫ ♫ ♫ ♫ ♫ ♫ ♫ ♫ ♫ ♫ ♫ ♫ ♫ ♫ ♫ ♫ ♫ ♫ ♫ ♫ ~ ~ ~ ♫ ♫ ~ ~ ♫ ~ ~ ~ ~ ~ ~ ~ ~ ~ ♫ ~ ~ ♫ ♫ ♫ ♫ ~ ~ ~ ♫ ~ ♫ ♫ ~ ~ ~ ~ ~ ♫ ~ ~ ~ ~ ~ ~ ~ ~ ~ ♫ ♫ ~ ♫ ♫ ~ ~ ♫ ♫ ♫ ~ ~ ~ ~ ~ ~ ~ ~ ♫ ♫ ♫ ♫ ♫ ♫,num
"Номер номер номер, номер номер, номер, номер, номер, номер, номер, номер, номер, номер, номер, номер, номер, номер, номер, номер, номер, номер, номер, номер, номер, номер, номер, номер, номер, номер, номер, номер, номер, номер, номер, номер, номер, номер, номер, номер, номер, номер, номер, номер, номер, номер, номер, номер, номер, номер, номер, номер, номер, номер, номер, номер, номер, номер, номер, номер, номер, номер, номер, номер, номер, номер, номер, номер, номер, номер, номер, номер, номер, номер, номер, номер, номер, номер, номер, номер, номер, номер, номер, номер, номер, номер, номер, номер, номер, номер, номер, номер, номер, номер, номер, номер, номер, номер, номер, номер, номер, номер, номер, номер, номер, номер, номер, номер, номер, номер, номер, номер, номер, номер, номер, номер, номер, номер, номер, номер, номер, номер, номер, номер, номер, номер, номер, номер, номер, номер, номер, номер, номер, номер, номер, номер, номер, номер,, номер, номер, номер, номер, номер, номер,",0,"номер номер номер, номер номер, номер, номер, номер, номер, номер, номер, номер, номер, номер, номер, номер, номер, номер, номер, номер, номер, номер, номер, номер, номер, номер, номер, номер, номер, номер, номер, номер, номер, номер, номер, номер, номер, номер, номер, номер, номер, номер, номер, номер, номер, номер, номер, номер, номер, номер, номер, номер, номер, номер, номер, номер, номер, номер, номер, номер, номер, номер, номер, номер, номер, номер, номер, номер, номер, номер, номер, номер, номер, номер, номер, номер, номер, номер, номер, номер, номер, номер, номер, номер, номер, номер, номер, номер, номер, номер, номер, номер, номер, номер, номер, номер, номер, номер, номер, номер, номер, номер, номер, номер, номер, номер, номер, номер, номер, номер, номер, номер, номер, номер, номер, номер, номер, номер, номер, номер, номер, номер, номер, номер, номер, номер, номер, номер, номер, номер, номер, номер, номер, номер, номер, номер, номер,, номер, номер, номер, номер, номер, номер,",номер номер номер номер номер номер номер номер номер номер номер номер номер номер номер номер номер номер номер номер номер номер номер номер номер номер номер номер номер номер номер номер номер номер номер номер номер номер номер номер номер номер номер номер номер номер номер номер номер номер номер номер номер номер номер номер номер номер номер номер номер номер номер номер номер номер номер номер номер номер номер номер номер номер номер номер номер номер номер номер номер номер номер номер номер номер номер номер номер номер номер номер номер номер номер номер номер номер номер номер номер номер номер номер номер номер номер номер номер номер номер номер номер номер номер номер номер номер номер номер номер номер номер номер номер номер номер номер номер номер номер номер номер номер номер номер номер номер номер номер номер номер номер
~ 3 ~ 3 ~ ~ ~ ~ ~ ~ 3 ~ ~ à à à à à à à à à à à à à à à à à à à à à à à à à à à à à à à à à à à à à à à à à à à à à à à à à à à à à à à à à à à à à à à à à à à à à à à à à à à à à à à à à à à à à à à à à à à à à à à à ~ à à à à à à à à à à à à à à à à à à à à à à ~ à à à à à à à à à à à à à à à à à à à à à à à à ~ à à à à à à à à à à à à à à à à à à à à à à à à à à à à à à à à à à à à à à à à à à à à à à à à à à à à à à à à à à à à à à à à à à à à à à à à à à à à à à à à à à à à à à à à à à à à à à à à à à,1,~ 3 ~ 3 ~ ~ ~ ~ ~ ~ 3 ~ ~ à à à à à à à à à à à à à à à à à à à à à à à à à à à à à à à à à à à à à à à à à à à à à à à à à à à à à à à à à à à à à à à à à à à à à à à à à à à à à à à à à à à à à à à à à à à à à à à à ~ à à à à à à à à à à à à à à à à à à à à à à ~ à à à à à à à à à à à à à à à à à à à à à à à à ~ à à à à à à à à à à à à à à à à à à à à à à à à à à à à à à à à à à à à à à à à à à à à à à à à à à à à à à à à à à à à à à à à à à à à à à à à à à à à à à à à à à à à à à à à à à à à à à à à à à,num num num
/ 1 / 2000. . . . . . . . . . . . . . . . . . . . . . . . . . . . . . . . . . . . . . . . . . . . . . . . . . . . . .,0,/ 1 / 2000. . . . . . . . . . . . . . . . . . . . . . . . . . . . . . . . . . . . . . . . . . . . . . . . . . . . . .,num num
. . . . . . . . . . . . . . . . . . . . . . . . . . . . . . . . . . . . . . . . . . . . . . . . . . . . . . . . . . и,0,. . . . . . . . . . . . . . . . . . . . . . . . . . . . . . . . . . . . . . . . . . . . . . . . . . . . . . . . . . и,и
: 4 . . . . . . . . . . . . . . . . . . . . . . . . . . . . . . . . . . . . . . . . . . . . . . . . . . . . . . . . . . . . . . . . . . . . . . . . . . . . . . . . . . . . . . . . . . . . . . . . . . . . . . . . . . . . . . . . . . . . . . . . . . . . . . . . . . . . . . . . . . . . . . . . . . . . . . . . . . . . . . . . . . . . . . . . . . . . . . . . . . . . . . . . . . . .,1,: 4 . . . . . . . . . . . . . . . . . . . . . . . . . . . . . . . . . . . . . . . . . . . . . . . . . . . . . . . . . . . . . . . . . . . . . . . . . . . . . . . . . . . . . . . . . . . . . . . . . . . . . . . . . . . . . . . . . . . . . . . . . . . . . . . . . . . . . . . . . . . . . . . . . . . . . . . . . . . . . . . . . . . . . . . . . . . . . . . . . . . . . . . . . . . .,num
~ 3 ~ ~ ~ à à à à à à à à à à à à à à à à à à à à à à à à à à à à à à à à à à à à à à à à à à à à à à à à à à à à à à à à à à à à à à à à à à à à à à à à à à à à à à à à à à à à à à à à à à à à à à à à à à à à à à à à à à à à à à à ~ à à à à à à à à à à à à à à à à à à à à à à à à à à à à à à à à à à à à à à à à à à à à à à à à à à à à à à à à à à à à à à à à à à à à à à à à à à à à à à à à à à à à à à à à à à à à à à à à à à à à à à à à à à à à à à à à à à à à à à à à à à à à à à à à à à,1,~ 3 ~ ~ ~ à à à à à à à à à à à à à à à à à à à à à à à à à à à à à à à à à à à à à à à à à à à à à à à à à à à à à à à à à à à à à à à à à à à à à à à à à à à à à à à à à à à à à à à à à à à à à à à à à à à à à à à à à à à à à à à ~ à à à à à à à à à à à à à à à à à à à à à à à à à à à à à à à à à à à à à à à à à à à à à à à à à à à à à à à à à à à à à à à à à à à à à à à à à à à à à à à à à à à à à à à à à à à à à à à à à à à à à à à à à à à à à à à à à à à à à à à à à à à à à à à à à à,num
. . . . . . . . . . . . . . . . . . . . . . . . . . . . . . . . . . . . . . . . . . . . . . . . . . . . . . . . . . . . . . . . . . . . . . . . . . . . . . . . . . . . . . . . . . . . . . . . . . . . . . . . . . . . . . . . . . . . . . . . . . . . . . . . . . . . . . . . . . . . . . . . . . . . . . . . . . . . . . . . . . . . . . . . . . . . . . . . . . . . . . . . . . . . . 3 . . . . . . . . . . . . . . . . . . . . . . . . . . . . . . . . . . . . . . . . . . . . . . . . . . . . . . . . . . . . . . . . .,1,. . . . . . . . . . . . . . . . . . . . . . . . . . . . . . . . . . . . . . . . . . . . . . . . . . . . . . . . . . . . . . . . . . . . . . . . . . . . . . . . . . . . . . . . . . . . . . . . . . . . . . . . . . . . . . . . . . . . . . . . . . . . . . . . . . . . . . . . . . . . . . . . . . . . . . . . . . . . . . . . . . . . . . . . . . . . . . . . . . . . . . . . . . . . . 3 . . . . . . . . . . . . . . . . . . . . . . . . . . . . . . . . . . . . . . . . . . . . . . . . . . . . . . . . . . . . . . . . .,num
. . . . . . . . . . . . . . . . . . . . . . . . . . . . . . 98 - 6373 . . . . . . . . . . . . . . . . . . . . . . . . . . . . . . . . . . . . . . . . . . . . . . . . . . . . . . . . . . . . . . . . . . . . . . . . . . . . . . . . . . . . . . . . . . . . . . . . . . . . . . . . . . . . . . . . . . . . . . . . . . . . . . . . . . . . . . .,0,. . . . . . . . . . . . . . . . . . . . . . . . . . . . . . 98 - 6373 . . . . . . . . . . . . . . . . . . . . . . . . . . . . . . . . . . . . . . . . . . . . . . . . . . . . . . . . . . . . . . . . . . . . . . . . . . . . . . . . . . . . . . . . . . . . . . . . . . . . . . . . . . . . . . . . . . . . . . . . . . . . . . . . . . . . . . .,num num
. . . . . . . . . . . . . . . . . . . . . . . . . . . . . . . . . . . . . . . . . . . . . . . . . . . . . . . . . . . . . . . . . . . . . . . . . . . . . . . . . . . . . . . . . . . . . . . . . . . . . . . . . . . . . . . . . . . 60 . . . . . . . . . . . . . . . . . . . . . . . . . . . .,1,. . . . . . . . . . . . . . . . . . . . . . . . . . . . . . . . . . . . . . . . . . . . . . . . . . . . . . . . . . . . . . . . . . . . . . . . . . . . . . . . . . . . . . . . . . . . . . . . . . . . . . . . . . . . . . . . . . . 60 . . . . . . . . . . . . . . . . . . . . . . . . . . . .,num
~ 3 ~ ~ ~ ~ ~ ~ ~ ~ ~ ~ ~ ~ ~ ~ ~ à à à à à à à à à à à à à à à à à à à à à à à à à à à à à à à à à à à à à à à à à à à à à à à à à à à à à à à à à à à à à à à à à à à à à à à à à à à à à à à à à à à à à à à à à à à à à à à à à à à à à à à à à à à à à à à à à à à à à à à à à à à à à à à à à à à à à à à à à à à à à à à à à à à à à à à à à à à à à à à à à à à à à à à à à à à à à à à à à à à à à à à à à à à à à à à à à à à à à à à à à à à à à à à à à à à à à à à à à à à à à à à à à à à à à à à à à à à à à à,1,~ 3 ~ ~ ~ ~ ~ ~ ~ ~ ~ ~ ~ ~ ~ ~ ~ à à à à à à à à à à à à à à à à à à à à à à à à à à à à à à à à à à à à à à à à à à à à à à à à à à à à à à à à à à à à à à à à à à à à à à à à à à à à à à à à à à à à à à à à à à à à à à à à à à à à à à à à à à à à à à à à à à à à à à à à à à à à à à à à à à à à à à à à à à à à à à à à à à à à à à à à à à à à à à à à à à à à à à à à à à à à à à à à à à à à à à à à à à à à à à à à à à à à à à à à à à à à à à à à à à à à à à à à à à à à à à à à à à à à à à à à à à à à à à,num
.. . . . . . . . . . . . . . . . . . . . . . . . . . . . . . . . . . . . . . . . . . . . . . . . . . . . . . . . . . . . . . . . . . . . . . . . . . . . . . . . . . . . . . . . . . . . . . . . . . . . . . . . . . . . . . . . . . . . . . . . . . . . . . . . . . . . . . . . . . . . . . . . . . . . . . . . . . . . . . . . . . . . . . . . . . номер номер номер номер . . . . . . . . . . . . . . . . . . . . . . . . номер номер номер номер номер номер номер номер номер номер номер номер . . . . . . . . . . . . . . номер номер номер номер номер номер номер номер номер номер номер номер номер номер номер номер . . . . . . . . . . . . . номер номер номер номер номер номер номер номер . . . . . . . . . . . . .,0,.. . . . . . . . . . . . . . . . . . . . . . . . . . . . . . . . . . . . . . . . . . . . . . . . . . . . . . . . . . . . . . . . . . . . . . . . . . . . . . . . . . . . . . . . . . . . . . . . . . . . . . . . . . . . . . . . . . . . . . . . . . . . . . . . . . . . . . . . . . . . . . . . . . . . . . . . . . . . . . . . . . . . . . . . . . номер номер номер номер . . . . . . . . . . . . . . . . . . . . . . . . номер номер номер номер номер номер номер номер номер номер номер номер . . . . . . . . . . . . . . номер номер номер номер номер номер номер номер номер номер номер номер номер номер номер номер . . . . . . . . . . . . . номер номер номер номер номер номер номер номер . . . . . . . . . . . . .,номер номер номер номер номер номер номер номер номер номер номер номер номер номер номер номер номер номер номер номер номер номер номер номер номер номер номер номер номер номер номер номер номер номер номер номер номер номер номер номер
"Здравствуйте, . . . . . . . . . . . . . . . . . . . . . . . . . . . . . . . . . . . . . . . . . . . . . . . . . . . . . . . . . . . . . . . . . . . . . . . . .",1,"здравствуйте, . . . . . . . . . . . . . . . . . . . . . . . . . . . . . . . . . . . . . . . . . . . . . . . . . . . . . . . . . . . . . . . . . . . . . . . . .",здравствуйте
. . . . . . . . . . . . . . . . . . . . . . . . . . . . . . . . . . . . . . . . . . . . . . . . . . . . . . . . . . . . . . . . . . . . . . . . . . . . . . . . . . . . . . . . . . . . . . . . . . . . . . . . . . . . . . . . . . . . . . 3 . . . . . . . . . . . . . . . . . . . . . . . . . . . . . . . . . . . . . . . . . . . . . . . . . . . . . . . . . . . . . . . . . . . . . . . . . . . . . . . . . . . . . . . . . . . . . . . . . . . . . . . . . . . . . . . . . . . . . . . . . . . . . . . . . . . . . . . .,1,. . . . . . . . . . . . . . . . . . . . . . . . . . . . . . . . . . . . . . . . . . . . . . . . . . . . . . . . . . . . . . . . . . . . . . . . . . . . . . . . . . . . . . . . . . . . . . . . . . . . . . . . . . . . . . . . . . . . . . 3 . . . . . . . . . . . . . . . . . . . . . . . . . . . . . . . . . . . . . . . . . . . . . . . . . . . . . . . . . . . . . . . . . . . . . . . . . . . . . . . . . . . . . . . . . . . . . . . . . . . . . . . . . . . . . . . . . . . . . . . . . . . . . . . . . . . . . . . .,num
.. .. ..проникнуть .. .. ..проникнуть . . . . . . . . . . . . . . . . . . . . . . . . . . . . . . . . . . . . . . . . . . . . . . . . . . . . . . . . . . . . . . . . . . . . . . . . . . . . . . . . . . . . . . . . . . . . . . . . . . . . . . . . . . . . . . . . . . . . . . . . . . . . . . . . . . . . . . . . . . . . . . . . . . . . . . . . . . . . . . . . . . . . . . . . . . . . . . . . . . . . . . . . . . . . . . . . . . . . . . . . . . . . . . . . . . . . . . . . . . . . . . . . . . . . . . . . . . . . . . . . . . .,0,.. .. ..проникнуть .. .. ..проникнуть . . . . . . . . . . . . . . . . . . . . . . . . . . . . . . . . . . . . . . . . . . . . . . . . . . . . . . . . . . . . . . . . . . . . . . . . . . . . . . . . . . . . . . . . . . . . . . . . . . . . . . . . . . . . . . . . . . . . . . . . . . . . . . . . . . . . . . . . . . . . . . . . . . . . . . . . . . . . . . . . . . . . . . . . . . . . . . . . . . . . . . . . . . . . . . . . . . . . . . . . . . . . . . . . . . . . . . . . . . . . . . . . . . . . . . . . . . . . . . . . . . .,проникнуть проникнуть
. 0 . 0 . . . . . . . . . . . . . . . . . . . . . . . . . . . . . . . . . . . . . . . . . . . . . . . . . . . . . .,1,. 0 . 0 . . . . . . . . . . . . . . . . . . . . . . . . . . . . . . . . . . . . . . . . . . . . . . . . . . . . . .,num num
".. . . . . . . . . . . . . . . . . . . . . . . . . . . . . . . . . . . . . . . . . . . . . . . . . . . . . . . . . . . . . . . . . . . . . . . . . . . . . . . . . . . . . . . . . . . . . . . . . . . . . . . . . . . . . . . . . . . . . . . . . . . . . . . . . . . . . . . . . . . . . . . . . . . . . . . . . . . . . . . . . . . . . . . . . . . . . . . . . . . . . . . . . . . . . . . . . . . . . . . . . . . . . . . . . . . . . . . . . . . . . . . . . . . . . . . . . . . . . . . . . . . . . . , , , , , что , что ,",0,".. . . . . . . . . . . . . . . . . . . . . . . . . . . . . . . . . . . . . . . . . . . . . . . . . . . . . . . . . . . . . . . . . . . . . . . . . . . . . . . . . . . . . . . . . . . . . . . . . . . . . . . . . . . . . . . . . . . . . . . . . . . . . . . . . . . . . . . . . . . . . . . . . . . . . . . . . . . . . . . . . . . . . . . . . . . . . . . . . . . . . . . . . . . . . . . . . . . . . . . . . . . . . . . . . . . . . . . . . . . . . . . . . . . . . . . . . . . . . . . . . . . . . . , , , , , что , что ,",что что
. . . . . . . . . . . . . . . . . . . . . . . . . . . . . . . . . . . . . . . . . . . . что . . . . . . . . . . . . . . . . . . . . . . . . . . . . . . . . . . . . . . . . . . . . . . . . . . . . . . . . . . . . . . . . . . . . . . . . . . . . . . . . . . . . . . . . . . . . . . . . . . . . . . . . . . . . . . . . . . . . . . . . . . . . . . . . . . . . . . . . . . . . . . . . . . . . . . . . . . . . . . . . . . . . . . . . . . . . . . . €€€€€€€€€€€€€€€€€€€€€€€€€€€€€€€€€€€€€€€€€€€€€€€€€€€€€€€€€€€€€€€€€€€€€€,1,. . . . . . . . . . . . . . . . . . . . . . . . . . . . . . . . . . . . . . . . . . . . что . . . . . . . . . . . . . . . . . . . . . . . . . . . . . . . . . . . . . . . . . . . . . . . . . . . . . . . . . . . . . . . . . . . . . . . . . . . . . . . . . . . . . . . . . . . . . . . . . . . . . . . . . . . . . . . . . . . . . . . . . . . . . . . . . . . . . . . . . . . . . . . . . . . . . . . . . . . . . . . . . . . . . . . . . . . . . . . €€€€€€€€€€€€€€€€€€€€€€€€€€€€€€€€€€€€€€€€€€€€€€€€€€€€€€€€€€€€€€€€€€€€€€,что
":: , , . . . . . . . . . . . . . . . . . . . . . . . . . . . . . . . . . . . . . . . . . . . . . . . . . . . . . . . . . . . . . . 11 . . . . . . . . . . . . . . . . . . . . . . . . . . . . . . . . . . . . . . . . . . . . . . . . . . . . . . . . . . . . . . . . . . . . . . . . . . . . . . . . . . . . . . . . . . . . . . . . . . . . . . . . . . . . . . . . . . . . . . . . . . . . . . . . . . . . . . . . . . . . . . . . . . . . . . . . . . . . . . . . . . . . . . . . . . . . . . . . . . . . . . . . . . . . .",1,":: , , . . . . . . . . . . . . . . . . . . . . . . . . . . . . . . . . . . . . . . . . . . . . . . . . . . . . . . . . . . . . . . 11 . . . . . . . . . . . . . . . . . . . . . . . . . . . . . . . . . . . . . . . . . . . . . . . . . . . . . . . . . . . . . . . . . . . . . . . . . . . . . . . . . . . . . . . . . . . . . . . . . . . . . . . . . . . . . . . . . . . . . . . . . . . . . . . . . . . . . . . . . . . . . . . . . . . . . . . . . . . . . . . . . . . . . . . . . . . . . . . . . . . . . . . . . . . . .",num
: 00:00: . . . . . . . . . . . . . . . . . . . . . . . . . . . . . . . . . . . . . . . . . . . . . . . . . . . . . . . . . . . . . . . . . . . . . . . . . . . . . . . . . . . . . . . . . . . . . . . . . . . . . . . . . . . . . . . . . . . . . . . . . . . . . . . . . . . . . . . . . . . . . . . . . . . . . . . . . . . . . . . . . . . . . . . . . . . . . . . . . . . . . . . . . . . . . . . . . . . . . . . . . . . . . . . . . . . . . . . . . . . . . . . . . . . . . . . . . . . . . . . . . . . . . . . . . . . .,0,: 00:00: . . . . . . . . . . . . . . . . . . . . . . . . . . . . . . . . . . . . . . . . . . . . . . . . . . . . . . . . . . . . . . . . . . . . . . . . . . . . . . . . . . . . . . . . . . . . . . . . . . . . . . . . . . . . . . . . . . . . . . . . . . . . . . . . . . . . . . . . . . . . . . . . . . . . . . . . . . . . . . . . . . . . . . . . . . . . . . . . . . . . . . . . . . . . . . . . . . . . . . . . . . . . . . . . . . . . . . . . . . . . . . . . . . . . . . . . . . . . . . . . . . . . . . . . . . . .,num num
: 38 : 37 - 0500,1,: 38 : 37 - 0500,num num num
. . . . . . . . . . . . . . . . . . . . . . . . . . . . . . . . . . . . . . . . . . . . . . . . . . . . . . . . . . . . . . . . . . . . . . . . . . . . . . . . . . . . . . . . . . . . . . . . . . . . . . . . . . . . . . . . . . . . . . . . . . . . . . . . . . . . . . . . . . . . . . . . . . . . . . . . . . . . . . . . . . . . . . . . . . . . . . . . . . . . . . . . . . . . . . . . . . . . . . . . . . . . . . . . . . . . . . . . . . . . . .:::::::::::::::::::::::::::: 85€€€€€€€€€€€€€€€€€€€€€€€€€€€€€€€€€€€€€,1,. . . . . . . . . . . . . . . . . . . . . . . . . . . . . . . . . . . . . . . . . . . . . . . . . . . . . . . . . . . . . . . . . . . . . . . . . . . . . . . . . . . . . . . . . . . . . . . . . . . . . . . . . . . . . . . . . . . . . . . . . . . . . . . . . . . . . . . . . . . . . . . . . . . . . . . . . . . . . . . . . . . . . . . . . . . . . . . . . . . . . . . . . . . . . . . . . . . . . . . . . . . . . . . . . . . . . . . . . . . . . .:::::::::::::::::::::::::::: 85€€€€€€€€€€€€€€€€€€€€€€€€€€€€€€€€€€€€€,num
♪ 3 ♪ 3 ♪ ♪ ♪ ♪ ♪ ♪ ♪ ♪ ♪ ♪ ♪ ♪ ♪ ♪ ♪ ♪ ♪ ♪ ♪ ♪ ♪ ♪ ♪ ♪ ♪ ♪ ♪ ♪ ♪ ♪ ♪ ♪ ♪ ♪ ♪ ♪ ♪ ♪ ♪ ♪ ♪ ♪ ♪ ♪ ♪ ♪ ♪ ♪ ♪ ♪ ♪ ♪ ♪ ♪ ♪ ♪ ♪ ♪ ♪ ♪ ♪ ♪ ♪ ♪ ♪ ♪ ♪ ♪ ♪ ♪ ♪ ♪ ♪ ♪ ♪ ? ♪ ♪ ♪ ♪ ♪ ♪ ♪ ? ♪ ♪ ♪ ♪ ♪ ♪ ♪ ♪ ♪ ♪ ? ♪ ♪ ♪ ? ♪ ♪ ♪ ♪ ? ♪ ♪ ♪ ♪ ♪ ♪ ♪ ♪ ♪ ♪ ♪ ♪ ♪ ♪ ♪ ♪ ♪ ♪ ♪ ♪ ♪ ♪ ♪ ♪ ♪ ♪ ♪ ♪ ♪ ♪ ♪ ♪ ♪ ♪ ♪ ♪ ♪ ♪ ♪ ♪ ♪ ♪ ♪ ♪ ♪ ♪ ♪ ♪ ♪ ♪ ♪ ♪ ♪ ♪ ♪ ♪ ♪ ♪ ♪ ♪ ♪ ♪ ♪ ♪ ♪ ♪ ♪ ♪ ♪ ♪ ♪ ♪ ♪ ♪ ♪ ♪ ♪ ♪ ♪ ♪ ♪ ♪ ♪ ♪ ♪ ♪ ♪ ♪ ♪ ♪ ♪ ♪ ♪ ♪ ♪ ♪ ♪ ♪ ♪ ♪ ♪ ♪ ♪ ♪ ♪ ♪ ♪ ♪ ♪ ♪ ♪ ♪ ♪ ♪ ♪ ♪ ♪ ♪ ♪ ♪ ♪ ♪ ♪ ♪ ♪ ♪ ♪ ♪ ♪ ♪ ♪ ♪ ♪ ♪ ♪ ♪ ♪ ♪ ♪ ♪ ♪ ♪ ♪ ♪,1,♪ 3 ♪ 3 ♪ ♪ ♪ ♪ ♪ ♪ ♪ ♪ ♪ ♪ ♪ ♪ ♪ ♪ ♪ ♪ ♪ ♪ ♪ ♪ ♪ ♪ ♪ ♪ ♪ ♪ ♪ ♪ ♪ ♪ ♪ ♪ ♪ ♪ ♪ ♪ ♪ ♪ ♪ ♪ ♪ ♪ ♪ ♪ ♪ ♪ ♪ ♪ ♪ ♪ ♪ ♪ ♪ ♪ ♪ ♪ ♪ ♪ ♪ ♪ ♪ ♪ ♪ ♪ ♪ ♪ ♪ ♪ ♪ ♪ ♪ ♪ ♪ ♪ ♪ ? ♪ ♪ ♪ ♪ ♪ ♪ ♪ ? ♪ ♪ ♪ ♪ ♪ ♪ ♪ ♪ ♪ ♪ ? ♪ ♪ ♪ ? ♪ ♪ ♪ ♪ ? ♪ ♪ ♪ ♪ ♪ ♪ ♪ ♪ ♪ ♪ ♪ ♪ ♪ ♪ ♪ ♪ ♪ ♪ ♪ ♪ ♪ ♪ ♪ ♪ ♪ ♪ ♪ ♪ ♪ ♪ ♪ ♪ ♪ ♪ ♪ ♪ ♪ ♪ ♪ ♪ ♪ ♪ ♪ ♪ ♪ ♪ ♪ ♪ ♪ ♪ ♪ ♪ ♪ ♪ ♪ ♪ ♪ ♪ ♪ ♪ ♪ ♪ ♪ ♪ ♪ ♪ ♪ ♪ ♪ ♪ ♪ ♪ ♪ ♪ ♪ ♪ ♪ ♪ ♪ ♪ ♪ ♪ ♪ ♪ ♪ ♪ ♪ ♪ ♪ ♪ ♪ ♪ ♪ ♪ ♪ ♪ ♪ ♪ ♪ ♪ ♪ ♪ ♪ ♪ ♪ ♪ ♪ ♪ ♪ ♪ ♪ ♪ ♪ ♪ ♪ ♪ ♪ ♪ ♪ ♪ ♪ ♪ ♪ ♪ ♪ ♪ ♪ ♪ ♪ ♪ ♪ ♪ ♪ ♪ ♪ ♪ ♪ ♪ ♪ ♪ ♪ ♪ ♪ ♪,num num
.. ..чтобы убежать.. ..чтобы убежать.. ..чтобы убежать..,0,.. ..чтобы убежать.. ..чтобы убежать.. ..чтобы убежать..,чтобы убежать чтобы убежать чтобы убежать
.. .. ..что-то .. .. ..что-то------------------------------------------------------------------------------------------------------------------------------------------------------------------------------------------------------------------------------------------------------------------------------------------------------------------------------------------------------------------------------------------------------------------------------------------------------------------------------------------------------,1,.. .. ..что-то .. .. ..что-то------------------------------------------------------------------------------------------------------------------------------------------------------------------------------------------------------------------------------------------------------------------------------------------------------------------------------------------------------------------------------------------------------------------------------------------------------------------------------------------------------,что то что то
$5.05 . . . . . . . . . . . . . . . . . . . . . . .,0,$5.05 . . . . . . . . . . . . . . . . . . . . . . .,num
..что .. . . . . . . . . . . . . . . . . . . . . . . . . . . . . . . . . . . . . . . . . . . . . . . . . . . . . . . . . . . . . . . . . . . . . . . . . . . . . . . . . . . . . . . . . . . . . . . . . . . . . . . . . . . . . . . . . . . . . . . . . . . . . . . . . . . . . . . . . . . . . . . . . . . . . . . . . . . . . . . . . . . . . . . . . . . . . . . . . . . . . . . . . . . . . . . . . . . . . . . . . . . . . . . . . . . . . . . . . . . . . . . .,0,..что .. . . . . . . . . . . . . . . . . . . . . . . . . . . . . . . . . . . . . . . . . . . . . . . . . . . . . . . . . . . . . . . . . . . . . . . . . . . . . . . . . . . . . . . . . . . . . . . . . . . . . . . . . . . . . . . . . . . . . . . . . . . . . . . . . . . . . . . . . . . . . . . . . . . . . . . . . . . . . . . . . . . . . . . . . . . . . . . . . . . . . . . . . . . . . . . . . . . . . . . . . . . . . . . . . . . . . . . . . . . . . . . .,что
(~1) ~ 3 ~ 3 ~ 3 à à à à à à à à à à à à à à à à à à à à à à à à à à à à à à à à à à à à à à à à à à à à à à à à à à à à à à à à à à à à à à à à à à à à à à à à à à à à à à à à à à à à à à à à à à à à à à à à à à à à à à à à à à à à à à à à à à à à à à à à à à à à à à à à à à à à à à à à à à à à à à à à à à à à à à à à à à à à à à à à à à à à à à à à à à à à à à à à à à à à à à à à à à à à à à à à à à à à à à à à à à à à à à à à à à à à à à à à à à à à à à à à à à à à à à à à à à à à à à à à à à à à à à à à,1,(~1) ~ 3 ~ 3 ~ 3 à à à à à à à à à à à à à à à à à à à à à à à à à à à à à à à à à à à à à à à à à à à à à à à à à à à à à à à à à à à à à à à à à à à à à à à à à à à à à à à à à à à à à à à à à à à à à à à à à à à à à à à à à à à à à à à à à à à à à à à à à à à à à à à à à à à à à à à à à à à à à à à à à à à à à à à à à à à à à à à à à à à à à à à à à à à à à à à à à à à à à à à à à à à à à à à à à à à à à à à à à à à à à à à à à à à à à à à à à à à à à à à à à à à à à à à à à à à à à à à à à à à à à à à à,num num num num
/ / / 193 . . . . . . . . . . . . . . . . . . . . . . . . . . . . . . . . . . . . . . . . . . . . . . . . . . . . . . . . . . . . . . . . . . . . . . . . . . . . . . . . . . . . . . . . . . . . . . . . . . . . . . . . . . . . . . . . . . . . . . . . . . . . . . . . . . . . . . . . . . . . . . . . . . . . . . . . . . . . . . . . . . . . . . . . . . . . . . . . . . . . . . . . . . . . . . . . . . . . . . . . . . . . . . . . . . . . . . . . . . . . . . . . . . . . . . . . . . . . . . . . . . . . . . . . . . .,1,/ / / 193 . . . . . . . . . . . . . . . . . . . . . . . . . . . . . . . . . . . . . . . . . . . . . . . . . . . . . . . . . . . . . . . . . . . . . . . . . . . . . . . . . . . . . . . . . . . . . . . . . . . . . . . . . . . . . . . . . . . . . . . . . . . . . . . . . . . . . . . . . . . . . . . . . . . . . . . . . . . . . . . . . . . . . . . . . . . . . . . . . . . . . . . . . . . . . . . . . . . . . . . . . . . . . . . . . . . . . . . . . . . . . . . . . . . . . . . . . . . . . . . . . . . . . . . . . . .,num
Хорошо!,1,хорошо!,хорошо
.. . . . . . . . . . . . . . . . . . . . . . . . . . . . . . . . . . . . . . . . . . . . . . . . . . . . . . . . . . . . . . . . . . . . . . . . . . . . . . . . . . . . . . . . . . . . . . . . . . . . . . . . . . . . . . . . . . . . . . . . . . . . . . . . . . . . . . . . . . . . . . . . . . . . . . . . . . . . . . . . . . . . . . . . . . . . . . . . . . . . . . . . . . . . . . . . . . . . . . . . . . . . . . . . . . . . . . . . . . . . . . . . . . . d d d d d d d d . . . . . . . . . . . d d . d d d d d,0,.. . . . . . . . . . . . . . . . . . . . . . . . . . . . . . . . . . . . . . . . . . . . . . . . . . . . . . . . . . . . . . . . . . . . . . . . . . . . . . . . . . . . . . . . . . . . . . . . . . . . . . . . . . . . . . . . . . . . . . . . . . . . . . . . . . . . . . . . . . . . . . . . . . . . . . . . . . . . . . . . . . . . . . . . . . . . . . . . . . . . . . . . . . . . . . . . . . . . . . . . . . . . . . . . . . . . . . . . . . . . . . . . . . . d d d d d d d d . . . . . . . . . . . d d . d d d d d,d d d d d d d d d d d d d d d
.. ..что .. . . . . . . . . . . . . . . . . . . . . . . . . . . . . . . . . . . . . . . . . . . . . . . . . . . . . . . . . . . . . . . . . . . . . . . . . . . . . . . . . . . . . . . . . . . . . . . . . . . . . . . . . . . . . . . . . . . . . . . . . . . . . . . . . . . . . . . . . . . . . . . . . . . . . . . . . . . . . . . . . . . . . . . . . . . . . . . . . . . . . . . . . . . . . . .,1,.. ..что .. . . . . . . . . . . . . . . . . . . . . . . . . . . . . . . . . . . . . . . . . . . . . . . . . . . . . . . . . . . . . . . . . . . . . . . . . . . . . . . . . . . . . . . . . . . . . . . . . . . . . . . . . . . . . . . . . . . . . . . . . . . . . . . . . . . . . . . . . . . . . . . . . . . . . . . . . . . . . . . . . . . . . . . . . . . . . . . . . . . . . . . . . . . . . . .,что
.. . . . . . . . . . . . . . . . . . . . . . . . . . . . . . . . . . . . . . . . . . . . . . . . . . . . . . . . . . . . . . . . . . . . . . . . . . . . . . . . . . . . . . . . . . . . . . . . . . . . . . . . . . . . . . . . . . . . . . . . . . . . . . . . . . . . . . . . . . . . . . . . . . . . . . . . . . . . . . . . . . . . . . . . . . . . . . . . . . . . . . . . . 5 . . . . . . . . . . . . . . . . . . . . . . . . . . . . . . . . . . . . . . . . . . . . . . . . . . . . . . . . . . . . . . . . . . . . .,0,.. . . . . . . . . . . . . . . . . . . . . . . . . . . . . . . . . . . . . . . . . . . . . . . . . . . . . . . . . . . . . . . . . . . . . . . . . . . . . . . . . . . . . . . . . . . . . . . . . . . . . . . . . . . . . . . . . . . . . . . . . . . . . . . . . . . . . . . . . . . . . . . . . . . . . . . . . . . . . . . . . . . . . . . . . . . . . . . . . . . . . . . . . 5 . . . . . . . . . . . . . . . . . . . . . . . . . . . . . . . . . . . . . . . . . . . . . . . . . . . . . . . . . . . . . . . . . . . . .,num
. . . . . . . . . . . . . . . . . . . . . . . . . . . . . . . . . . . . . . . . . . . . . . . . . . . . . . . . . . . . . . . . . . . . . . . . . . . . . . что . . . . . . . . . . . . . . . . . . . . . . . . . . . . . . . . . . . . . . . . . . . . . . . . . . . . . . . . . . . . . . . . . . . . . . . . . . . . . . . . . . . . . . . . . . . . . . . . . . . . . . . . . . . . . . . . . . . . . . . . . . . . . . . . . . . . . . . . . . . . . . . . . . . . . . . . . . . . . . . . . . . . . . . . . . . . . . . .,0,. . . . . . . . . . . . . . . . . . . . . . . . . . . . . . . . . . . . . . . . . . . . . . . . . . . . . . . . . . . . . . . . . . . . . . . . . . . . . . что . . . . . . . . . . . . . . . . . . . . . . . . . . . . . . . . . . . . . . . . . . . . . . . . . . . . . . . . . . . . . . . . . . . . . . . . . . . . . . . . . . . . . . . . . . . . . . . . . . . . . . . . . . . . . . . . . . . . . . . . . . . . . . . . . . . . . . . . . . . . . . . . . . . . . . . . . . . . . . . . . . . . . . . . . . . . . . . .,что
.. ..что .. .. . . . . . . . . . . . . . . . . . . . . . . . . . . . . . . . . . . . . . . . . . . . . . . . . . . . . . . . . . . . . . . . . . . . . . . . . . . . . . . . . . . . . . . . . . . . . . . . . . . . . . . . . . . . . . . . . . . . . . . . . . . . . . . . . . . . . . . . . . . . . . . . . . . . . . . . . . . . . . . . . . . . . . . . . . . . . . . . . . . . . . .,1,.. ..что .. .. . . . . . . . . . . . . . . . . . . . . . . . . . . . . . . . . . . . . . . . . . . . . . . . . . . . . . . . . . . . . . . . . . . . . . . . . . . . . . . . . . . . . . . . . . . . . . . . . . . . . . . . . . . . . . . . . . . . . . . . . . . . . . . . . . . . . . . . . . . . . . . . . . . . . . . . . . . . . . . . . . . . . . . . . . . . . . . . . . . . . . .,что
~ ~ ~ ~ ~ ~ ~ ~ ~ - ~ - ~ ~ - ~ - ~ - ~ - ~ - ~ - ~ - ~ - ~ - ~ - - - 08: - ~ ~ ~ ~ ~ ~ ~ ~ ~ ~ ~ ~ ~ ~ ~ ~ ~ ~ ~ ~ ~ ~ ~ ~ ~ ~ ~ ~ ~ ♫ ♫ ~ ~ ~ ♫ ~ ~ ~ ~ ♫ ~ ~ ~ ~ ♫ ~ ~ ~ ~ ~ ~ ~ ~ ~ ~ ~ ~ ♫ ~ ~ ~ ~ ~ ~ ~ ~ ~ ~ ~ ~ ~ ~ ~ ~ ~ ~ ~ ~ ~ ~ ~ ~ ~ ~ ~ ~ ~ ~ ~ ~ ~ ~ ~ ~ ~ ~ ~ ~ ~ ~ ~ ~ ~ ~ ~ ~ ~ ~ ~ ~ ~ ~ ~ ~ ~ ~ ~ ♪ ♪ ♪ ♪ ♪ ♪ ♪ ♪ ♪ ♪ ♪ ♪ ♪ ♪ ♪ ♪ ♪ ♪ ♪ ♪ ♪ ♪ ♪ ♪ ♪ ♪ ♪ ♪ ♪ ♪ ♪ ♪ ♪ ♪ ♪ ♪ ♪ ♪ ♪ ♪ ♪ ♪ ♪ ♪ ♪ ♪ ♪ ♪ ♪ ♪ ♪ ♪ ♪ ♪ ♪ ♪ ♪ ♪ ♪ ♪ ♪ ♪ ♪ ♪ ♪ ♪ ♪ ♪ ♪ ♪ ♪ ♪ ♪ ♪ ♪ ♪ ♪ ♪ ♪ ♪ ♪ ♪ ♪ ♪ ♪ ♪ ♪ ♪ ♪ ♪ ♪ ♪ ♪ ♪ ♪ ♪ ♪ ♪ ♪ ♪ ♪ ♪ ♪ ♪ ♪ ♪ ♪ ♪,0,~ ~ ~ ~ ~ ~ ~ ~ ~ - ~ - ~ ~ - ~ - ~ - ~ - ~ - ~ - ~ - ~ - ~ - ~ - - - 08: - ~ ~ ~ ~ ~ ~ ~ ~ ~ ~ ~ ~ ~ ~ ~ ~ ~ ~ ~ ~ ~ ~ ~ ~ ~ ~ ~ ~ ~ ♫ ♫ ~ ~ ~ ♫ ~ ~ ~ ~ ♫ ~ ~ ~ ~ ♫ ~ ~ ~ ~ ~ ~ ~ ~ ~ ~ ~ ~ ♫ ~ ~ ~ ~ ~ ~ ~ ~ ~ ~ ~ ~ ~ ~ ~ ~ ~ ~ ~ ~ ~ ~ ~ ~ ~ ~ ~ ~ ~ ~ ~ ~ ~ ~ ~ ~ ~ ~ ~ ~ ~ ~ ~ ~ ~ ~ ~ ~ ~ ~ ~ ~ ~ ~ ~ ~ ~ ~ ~ ♪ ♪ ♪ ♪ ♪ ♪ ♪ ♪ ♪ ♪ ♪ ♪ ♪ ♪ ♪ ♪ ♪ ♪ ♪ ♪ ♪ ♪ ♪ ♪ ♪ ♪ ♪ ♪ ♪ ♪ ♪ ♪ ♪ ♪ ♪ ♪ ♪ ♪ ♪ ♪ ♪ ♪ ♪ ♪ ♪ ♪ ♪ ♪ ♪ ♪ ♪ ♪ ♪ ♪ ♪ ♪ ♪ ♪ ♪ ♪ ♪ ♪ ♪ ♪ ♪ ♪ ♪ ♪ ♪ ♪ ♪ ♪ ♪ ♪ ♪ ♪ ♪ ♪ ♪ ♪ ♪ ♪ ♪ ♪ ♪ ♪ ♪ ♪ ♪ ♪ ♪ ♪ ♪ ♪ ♪ ♪ ♪ ♪ ♪ ♪ ♪ ♪ ♪ ♪ ♪ ♪ ♪ ♪,num
".. .. .. . . .. .. .. . .. .. .. .. .. .. .. . .. .. .. .. .. .. .. .. .. .. .. .. .. .. .. .. .. .. .. .. .. .. .. .. .. .. ... .. .. .. .. .. ... .. ... .. ... ... .. .. ... .. ... ... ... ... ... ... ... ..... ..... ..... ... ..... ............ ..................... ну ну... ну... ну... ну, ну... ну... ну... ну... ну... ну... ну... ну... ну... ну... ну... ну... ну... ну... ну... ну... ну, ну... ну... ну... ну... ну... ну... ну... ну... ну... ну... ну... ну... ну... ну... ну... ну... ну... ну... ну... ну... ну... ну... ну... ну... ну... ну... ну... ну...",1,".. .. .. . . .. .. .. . .. .. .. .. .. .. .. . .. .. .. .. .. .. .. .. .. .. .. .. .. .. .. .. .. .. .. .. .. .. .. .. .. .. ... .. .. .. .. .. ... .. ... .. ... ... .. .. ... .. ... ... ... ... ... ... ... ..... ..... ..... ... ..... ............ ..................... ну ну... ну... ну... ну, ну... ну... ну... ну... ну... ну... ну... ну... ну... ну... ну... ну... ну... ну... ну... ну... ну, ну... ну... ну... ну... ну... ну... ну... ну... ну... ну... ну... ну... ну... ну... ну... ну... ну... ну... ну... ну... ну... ну... ну... ну... ну... ну... ну... ну...",ну ну ну ну ну ну ну ну ну ну ну ну ну ну ну ну ну ну ну ну ну ну ну ну ну ну ну ну ну ну ну ну ну ну ну ну ну ну ну ну ну ну ну ну ну ну ну ну ну ну
.. . ..что . . . . . . . . . . . . . . . . . . . . . . . . . . . . . . . . . . . . . . . . . . . . . . . . . . . . . . . . . . . . . . . . . . . . . . . . . . . . . . . . . . . . . . . . . . . . . . . . . . . . . . . . . . . . . . . . . . . . . . . . . . . . . . . . . . . . . . . . . . . . . . . . . . . . . . . . . . . . . . . . . . . . . . . . . . . . . . . . . . . . . . . . . . . . . . . . . . . . . . . . . . . . . . . . . . . . . . . . . . . . . . . . . . . . . . . . . . . . . . . . . . € € € € € € € €,0,.. . ..что . . . . . . . . . . . . . . . . . . . . . . . . . . . . . . . . . . . . . . . . . . . . . . . . . . . . . . . . . . . . . . . . . . . . . . . . . . . . . . . . . . . . . . . . . . . . . . . . . . . . . . . . . . . . . . . . . . . . . . . . . . . . . . . . . . . . . . . . . . . . . . . . . . . . . . . . . . . . . . . . . . . . . . . . . . . . . . . . . . . . . . . . . . . . . . . . . . . . . . . . . . . . . . . . . . . . . . . . . . . . . . . . . . . . . . . . . . . . . . . . . . € € € € € € € €,что
.. .. ..номер .. . . .. .. . . . . . . . . . . . . . . . . . . . . . . . . . . . . . . . . . . . . . . . . . . . . . . . . . . . . . . . . . . . . . . . . . . . . . . . . . . . . . . . . . . . . . . . . . . . . . . . . . . . . . . . . . . . . . . . . . . . . . . . . . . . . . . . . . . . . . . . . . . . . . . . . . . . . . . . . . . . . . . . . . . . . . .,0,.. .. ..номер .. . . .. .. . . . . . . . . . . . . . . . . . . . . . . . . . . . . . . . . . . . . . . . . . . . . . . . . . . . . . . . . . . . . . . . . . . . . . . . . . . . . . . . . . . . . . . . . . . . . . . . . . . . . . . . . . . . . . . . . . . . . . . . . . . . . . . . . . . . . . . . . . . . . . . . . . . . . . . . . . . . . . . . . . . . . . .,номер
.. ..Однажды .. . . . . . . . . . . . . . . . . . . . . . . . . . . . . . . . . . . . . . . . . . . . . . . . . . . . . . . . . . . . . . . . . . . . . . . . . . . . . . . . . . . . . . . . . . . . . . . . . . . . . . . . . . . . . . . . . . . . . . . . . . . . . . . . . . . . . . . . . . . . . . . . . . . . . . . . . . . . . . . . . . . . . . . . . . . . . . . . . . . . . . . . . . . . . . . . . . . . . . . . . . . . . . . . . . . . . . . . . . . . . . . . . . . . . . . . . . . . . . . . . . . . . . . . .,0,.. ..однажды .. . . . . . . . . . . . . . . . . . . . . . . . . . . . . . . . . . . . . . . . . . . . . . . . . . . . . . . . . . . . . . . . . . . . . . . . . . . . . . . . . . . . . . . . . . . . . . . . . . . . . . . . . . . . . . . . . . . . . . . . . . . . . . . . . . . . . . . . . . . . . . . . . . . . . . . . . . . . . . . . . . . . . . . . . . . . . . . . . . . . . . . . . . . . . . . . . . . . . . . . . . . . . . . . . . . . . . . . . . . . . . . . . . . . . . . . . . . . . . . . . . . . . . . . .,однажды
.. ..проникнуть .. ..проникнуть . . . . . . . . . . . . . . . . . . . . . . . . . . . . . . . . . . . . . . . . . . . . . . . . . . . . . . . . . . . . . . . . . . . . . . . . . . . . . . . . . . . . . . . . . . . . . . . . . . . . . . . . . . . . . . . . . . . . . . . . . . . . . . . . . . . . . . . . . . . . . . . . . . . . . . . . . . . . . . . . . . . . . . . . . . . . . . . . . . . . . . . . . . . . . . . . . . . . . . . . . . . . . . . .,0,.. ..проникнуть .. ..проникнуть . . . . . . . . . . . . . . . . . . . . . . . . . . . . . . . . . . . . . . . . . . . . . . . . . . . . . . . . . . . . . . . . . . . . . . . . . . . . . . . . . . . . . . . . . . . . . . . . . . . . . . . . . . . . . . . . . . . . . . . . . . . . . . . . . . . . . . . . . . . . . . . . . . . . . . . . . . . . . . . . . . . . . . . . . . . . . . . . . . . . . . . . . . . . . . . . . . . . . . . . . . . . . . . .,проникнуть проникнуть
4623,1,4623,num
.. .. . ..номер .. .. . . .. .. .. .. .. .. .. . . .. .. . . . . . . . . . . . . . . . . . . . . . . . . . . . . . . . . . . . . . . . . . . . . . . . . . . . . . . . . . . . . . . . . . . . . . . . . . . . . . . . . . . . . . . . . . . . . . . . . . . . . . . . . . . . . . . . . . . . . . . . . . . . . . . . . . . . . . . . . . . . . . . . . . . .,0,.. .. . ..номер .. .. . . .. .. .. .. .. .. .. . . .. .. . . . . . . . . . . . . . . . . . . . . . . . . . . . . . . . . . . . . . . . . . . . . . . . . . . . . . . . . . . . . . . . . . . . . . . . . . . . . . . . . . . . . . . . . . . . . . . . . . . . . . . . . . . . . . . . . . . . . . . . . . . . . . . . . . . . . . . . . . . . . . . . . . . .,номер
~ 3 ~ 3 ~ ~ ~ ~ ~ ~ ~ ~ ~ ~ ~ ~ ~ ~ ~ ~ ~ ~ ~ ~ ~ ~ ~ ~ ~ ~ ~ ~ ~ ~ ~ ~ ~ ~ ~ ~ ~ ~ ~ ~ ~ ~ ~ ~ ~ ♫ ♫ ♫ ♫ ♫ ♫ ♫ ♫ ♫ ♫ ♫ ♫ ♫ ♫ ♫ ♫ ♫ ♫ ♫ ♫ ♫ ♫ ♫ ♫ ♫ ♫ ♫ ♫ ♫ ♫ ♫ ♫ ♫ ♫ ♫ ♫ ♫ ♫ ♫ ♫ ♫ ♫ ♫ ♫ ♫ ♫ ♫ ♫ ♫ ♫ ♫ ♫ ♫ ~ ♫ ♫ ♫ ♫ ♫ ♫ ♫ ♫ ♫ ♫ ♫ ♫ ♫ ♫ ♫ ♫ ♫ ♫ ♫ ♫ ♫ ♫ ♫ ♫ ♫ ♫ ♫ ♫ ♫ ♫ ♫ ♫ ♫ ♫ ♫ ♫ ♫ ♫ ♫ ♫ ~ ~ ~ ~ ♫ ~ ~ ~ ~ ~ ♫ ♫ ♫ ♫ ♫ ♫ ♫ ~ ~ ~ ~ ~ ~ ~ ♫ ~ ~ ~ ~ ~ ~ ~ ~ ~ ~ ~ ~ ~ ~ ~ ~ ~ ♫ ~ ~ ~ ~ ~ ~ ~ ~ ♫ ~ ~ ~ ~ ~ ~ ~ ~ ~ ~ ~ ♫ ~ ~ ~ ~ ~ ~ ~ ~ ~ ~ ~ ~ ~ ~ ~ ~ ~ ~ ~ ~ ~ ~ ~ ~ ~ ~ ~ ~ ~ ~ ~ ~ ~ ~ ~ ~ ~ ~ ~ ~ ~ ~ ~ ~ ~ ~ ~ ~ ~,1,~ 3 ~ 3 ~ ~ ~ ~ ~ ~ ~ ~ ~ ~ ~ ~ ~ ~ ~ ~ ~ ~ ~ ~ ~ ~ ~ ~ ~ ~ ~ ~ ~ ~ ~ ~ ~ ~ ~ ~ ~ ~ ~ ~ ~ ~ ~ ~ ~ ♫ ♫ ♫ ♫ ♫ ♫ ♫ ♫ ♫ ♫ ♫ ♫ ♫ ♫ ♫ ♫ ♫ ♫ ♫ ♫ ♫ ♫ ♫ ♫ ♫ ♫ ♫ ♫ ♫ ♫ ♫ ♫ ♫ ♫ ♫ ♫ ♫ ♫ ♫ ♫ ♫ ♫ ♫ ♫ ♫ ♫ ♫ ♫ ♫ ♫ ♫ ♫ ♫ ~ ♫ ♫ ♫ ♫ ♫ ♫ ♫ ♫ ♫ ♫ ♫ ♫ ♫ ♫ ♫ ♫ ♫ ♫ ♫ ♫ ♫ ♫ ♫ ♫ ♫ ♫ ♫ ♫ ♫ ♫ ♫ ♫ ♫ ♫ ♫ ♫ ♫ ♫ ♫ ♫ ~ ~ ~ ~ ♫ ~ ~ ~ ~ ~ ♫ ♫ ♫ ♫ ♫ ♫ ♫ ~ ~ ~ ~ ~ ~ ~ ♫ ~ ~ ~ ~ ~ ~ ~ ~ ~ ~ ~ ~ ~ ~ ~ ~ ~ ♫ ~ ~ ~ ~ ~ ~ ~ ~ ♫ ~ ~ ~ ~ ~ ~ ~ ~ ~ ~ ~ ♫ ~ ~ ~ ~ ~ ~ ~ ~ ~ ~ ~ ~ ~ ~ ~ ~ ~ ~ ~ ~ ~ ~ ~ ~ ~ ~ ~ ~ ~ ~ ~ ~ ~ ~ ~ ~ ~ ~ ~ ~ ~ ~ ~ ~ ~ ~ ~ ~ ~,num num
.. . . . . . . . . . . . . . . . . . . . . . . . . . . . что . . . . . . . . . . . . . . . . . . . . . . . . . . . . . . . . . . . . . . . . . . . . . . . . . . . . . . . . . . . . . . . . . . . . . . . . . . . . . . . . . . . . . . . . . . . . . . . . . . . . . . . . . . . . . . . . . . . . . . . . . . . . . . . . . . . . . . . . . . . . . . . . . . . . . . . . . . . . . . . . . . . . . . . . . . . . . . . . . . . . . . . . . . . . . . €€€€€€€€€€€€€€€€€€€€€€€€€€€€€€€€€€€€€€€€€€€€€€€€€€€€€€€€€€€€€€€€€€€€€€€,0,.. . . . . . . . . . . . . . . . . . . . . . . . . . . . что . . . . . . . . . . . . . . . . . . . . . . . . . . . . . . . . . . . . . . . . . . . . . . . . . . . . . . . . . . . . . . . . . . . . . . . . . . . . . . . . . . . . . . . . . . . . . . . . . . . . . . . . . . . . . . . . . . . . . . . . . . . . . . . . . . . . . . . . . . . . . . . . . . . . . . . . . . . . . . . . . . . . . . . . . . . . . . . . . . . . . . . . . . . . . . €€€€€€€€€€€€€€€€€€€€€€€€€€€€€€€€€€€€€€€€€€€€€€€€€€€€€€€€€€€€€€€€€€€€€€€,что
276366,0,276366,num
".. .. . . . . . . . . . . . . . . . . . . . . . . . . . . . . . . . . . . . . . . . . . . . . . . . . . . . . . . . . . . . . . . . . . . . . . . . . . . . . . . . . . . . . . . . . . . . . . . . . . . . . . . . . . . . . . . . . . . . . . . . . . . . . . . . . . . . . . . . . . . . . . . . . . . . . . . . . . . . . . . . . . . . . . . . . . . . . . . . . . . . . . . . . . . . . . . . . . . . . . . . . . . . . . . . . . . . . . . . . . . . , , , , , , , , , , , , , , , , , , , , , , , , , , что , , , , , ,",0,".. .. . . . . . . . . . . . . . . . . . . . . . . . . . . . . . . . . . . . . . . . . . . . . . . . . . . . . . . . . . . . . . . . . . . . . . . . . . . . . . . . . . . . . . . . . . . . . . . . . . . . . . . . . . . . . . . . . . . . . . . . . . . . . . . . . . . . . . . . . . . . . . . . . . . . . . . . . . . . . . . . . . . . . . . . . . . . . . . . . . . . . . . . . . . . . . . . . . . . . . . . . . . . . . . . . . . . . . . . . . . . , , , , , , , , , , , , , , , , , , , , , , , , , , что , , , , , ,",что
"/ / / / / 01 / / / / / / / / / / / / / / / / / / / / / / / / / / / / , / / / / / / / / /",0,"/ / / / / 01 / / / / / / / / / / / / / / / / / / / / / / / / / / / / , / / / / / / / / /",num
: $449 . 95 . . . . . . . . . . . . . . . . . . . . . . . . . . . . . . . . . . . . . . . . . . . . . . . . . . . . . . . . . . . . . . . . . . . . . . . . . . . . . . . . . . . . . . . . . . . . . . . . . . . . . . . . . . . . . . . . . . . . . . . . . . . . . . . . . . . . . . . . . . . . . . . . . . . . . . . . . . . . . . . . . . .,1,: $449 . 95 . . . . . . . . . . . . . . . . . . . . . . . . . . . . . . . . . . . . . . . . . . . . . . . . . . . . . . . . . . . . . . . . . . . . . . . . . . . . . . . . . . . . . . . . . . . . . . . . . . . . . . . . . . . . . . . . . . . . . . . . . . . . . . . . . . . . . . . . . . . . . . . . . . . . . . . . . . . . . . . . . . .,num num
/ 31 — 6 / 6.,0,/ 31 — 6 / 6.,num num num
~ ~ ~ ~ ~ ~ à à à à à à à à à à à à à à à à à à à à à à à à à à à à à à à à à à à à à à à à à à à à à à à à à à à à à à à à à à à à à à à à à à à à à à à à à à à à à à à à à à à à à à à à à à à à à à à à à à à à à à à à à à à à à à à à à à à à à à à à à à à à à à d à à à à à à à à à à à à à à à à à à à à à à à à à à à à à à à à à à à à à à à à à à à à à à à à à à à à à à à à à à à à à à à à à à à à à à à à à à à à à à à à à à à à à à à à à à à à à à à à à à à à à à à à à à à à à à à à à à à à à à à à à à,1,~ ~ ~ ~ ~ ~ à à à à à à à à à à à à à à à à à à à à à à à à à à à à à à à à à à à à à à à à à à à à à à à à à à à à à à à à à à à à à à à à à à à à à à à à à à à à à à à à à à à à à à à à à à à à à à à à à à à à à à à à à à à à à à à à à à à à à à à à à à à à à à d à à à à à à à à à à à à à à à à à à à à à à à à à à à à à à à à à à à à à à à à à à à à à à à à à à à à à à à à à à à à à à à à à à à à à à à à à à à à à à à à à à à à à à à à à à à à à à à à à à à à à à à à à à à à à à à à à à à à à à à à à à,d
.. .. ..номер .. .. . . .. . . . . . . . . . . . . . . . . . . . . . . . . . . . . . . . . . . . . . . . . . . . . . . . . . . . . . . . . . . . . . . . . . . . . . . . . . . . . . . . . . . . . . . . . . . . . . . . . . . . . . . . . . . . . . . . . . . . . . . . . . . . . . . . . . . . . . . . . . . . . . . . . . . . . . . . . . . . . . . . . . . . . . . . . . . . . . . . . . . . . .,0,.. .. ..номер .. .. . . .. . . . . . . . . . . . . . . . . . . . . . . . . . . . . . . . . . . . . . . . . . . . . . . . . . . . . . . . . . . . . . . . . . . . . . . . . . . . . . . . . . . . . . . . . . . . . . . . . . . . . . . . . . . . . . . . . . . . . . . . . . . . . . . . . . . . . . . . . . . . . . . . . . . . . . . . . . . . . . . . . . . . . . . . . . . . . . . . . . . . . .,номер
.. .. . . .. .. .. .. .. .. .. .. .. .. .. .. .. .. .. .. .. .. .. .. .. .. .. .. .. .. .. .. ... ... ... .. ... .. ... .. ... ... .. .. .. .. ... .. .. ... ... .. .. .. .. .. . . .. ... .. . .. ... .... ... .. ... .... . . . . . . . . . . . . . . . . . . . . . . . . . . . . . . . . . . . . . . . . . . . . . . . . . . . . . . . . . . . . . . . . . . . . . . . . . . . . . . . . . . . . . . ну . . . . . . . . . . . . . . . . . . . . . . . . . . . . . . . . . . . . . . . . . . . . . . . . . . . . . . . . . .,0,.. .. . . .. .. .. .. .. .. .. .. .. .. .. .. .. .. .. .. .. .. .. .. .. .. .. .. .. .. .. .. ... ... ... .. ... .. ... .. ... ... .. .. .. .. ... .. .. ... ... .. .. .. .. .. . . .. ... .. . .. ... .... ... .. ... .... . . . . . . . . . . . . . . . . . . . . . . . . . . . . . . . . . . . . . . . . . . . . . . . . . . . . . . . . . . . . . . . . . . . . . . . . . . . . . . . . . . . . . . ну . . . . . . . . . . . . . . . . . . . . . . . . . . . . . . . . . . . . . . . . . . . . . . . . . . . . . . . . . .,ну
.. .. .. ..проникнуть .. . .. ..проникнуть .. . . .. .. .. .. .. .. .. . .. .. .. .. .. . .. .. .. .. .. .. .. .. .. .. .. .. .. .. .. .. ... .. .. .. .. .. ... ... ... .. ... .. .. .. .,0,.. .. .. ..проникнуть .. . .. ..проникнуть .. . . .. .. .. .. .. .. .. . .. .. .. .. .. . .. .. .. .. .. .. .. .. .. .. .. .. .. .. .. .. ... .. .. .. .. .. ... ... ... .. ... .. .. .. .,проникнуть проникнуть
"4 / 2 / 2 / / / / / / / / / / / / / / / / / , / / / / / / / / / / / / / / / / / / / / / / / / / / / / / / / / / / / / / / / / / / / / / / / / / / / / , / / / / / / / / / , / / / / , / / / / / / / / / / / , / / / / / / / / / , / / / / / / / / / / / / / / / / / / / / / / / / / / / / / , / / / / / . . . . . . . . . . . .",0,"4 / 2 / 2 / / / / / / / / / / / / / / / / / , / / / / / / / / / / / / / / / / / / / / / / / / / / / / / / / / / / / / / / / / / / / / / / / / / / / / , / / / / / / / / / , / / / / , / / / / / / / / / / / , / / / / / / / / / , / / / / / / / / / / / / / / / / / / / / / / / / / / / / / , / / / / / . . . . . . . . . . . .",num num num
".. .. .. .. .. . .. .. .. .. .. .. .. .. .. .. .. .. .. .. .. .. .. .. .. .. .. .. .. .. .. ... ... ... ... ... .. ... ... ... ... .. .. ... ... ... ... ... ... ... ... .. ... .. ... ... ... ... ... ... ... ..... .... .... ... ... ...... ........... ......... ....... .... .... ..... ну ну ну ну ну ну ну ну ну ну ну, ну, ну, ну, ну, ну, ну, ну, ну, ну, ну, ну, ну, ну, ну, ну, ну, ну, ну, ну, ну, ну, ну, ну, ну, ну, ну, ну, ну, ну, ну, ну, ну, ну, ну, ну, ну, ну, ну, ну, ну, ну, ну,",1,".. .. .. .. .. . .. .. .. .. .. .. .. .. .. .. .. .. .. .. .. .. .. .. .. .. .. .. .. .. .. ... ... ... ... ... .. ... ... ... ... .. .. ... ... ... ... ... ... ... ... .. ... .. ... ... ... ... ... ... ... ..... .... .... ... ... ...... ........... ......... ....... .... .... ..... ну ну ну ну ну ну ну ну ну ну ну, ну, ну, ну, ну, ну, ну, ну, ну, ну, ну, ну, ну, ну, ну, ну, ну, ну, ну, ну, ну, ну, ну, ну, ну, ну, ну, ну, ну, ну, ну, ну, ну, ну, ну, ну, ну, ну, ну, ну, ну, ну, ну,",ну ну ну ну ну ну ну ну ну ну ну ну ну ну ну ну ну ну ну ну ну ну ну ну ну ну ну ну ну ну ну ну ну ну ну ну ну ну ну ну ну ну ну ну ну ну ну ну ну ну ну ну ну
. . . . . . . . . . . . . . . . . . . . . . . . . . . . . . . . . . . . . . . . . . . . . . . . . . . . . . . . . что . . . . . . . . . . . . . . . . . . . . . . . . . . . . . . . . . . . . . . . . . . . . . . . . . . . . . . . . . . . . . . . . . . . . . . . . . . . . . . . . . . . . . . . . . . . . . . . . . . . . . . . . . . . . . . . . . . . . . . . . . . . . . . . . . . . . . . . . . . . . . . . . . . . . . . . . . . . . . . . . . . . . . . . . . . . . . . . . . . . . . . . . . . . . €€€€€€€€€€€€€€€€€€,0,. . . . . . . . . . . . . . . . . . . . . . . . . . . . . . . . . . . . . . . . . . . . . . . . . . . . . . . . . что . . . . . . . . . . . . . . . . . . . . . . . . . . . . . . . . . . . . . . . . . . . . . . . . . . . . . . . . . . . . . . . . . . . . . . . . . . . . . . . . . . . . . . . . . . . . . . . . . . . . . . . . . . . . . . . . . . . . . . . . . . . . . . . . . . . . . . . . . . . . . . . . . . . . . . . . . . . . . . . . . . . . . . . . . . . . . . . . . . . . . . . . . . . . €€€€€€€€€€€€€€€€€€,что
* 3 * * * * * * * * * * * * * * * * * * * * * * * * * * * * * * * * * * * * * * * * * * * * * * * * * * * * * * * * * * * * * * * * * * * * * * * * * * * * * * * * * * * * * * * * * * * * * * * * * * * * * * * * * * * * * * * * * * * * * * * * * * * * * * * * * * * * * * * * * * * * * * * * * * * * * * * * * * * * * * * * * * * * * * * * * * * * * * * * * * * * * * * * * * * * * * * * * * * * * * * * * * * * * * * * * * * * * * * * * * * * * * * * * * * * * * * * * * * * * * * * * * * * * * * * * * * * * * * * * * * * * * * * * * * * * * * * * * * * * * * * * * * * * * * * * * * * * * * * * * * * * * * * * * * * * * * * * * * * * * * * * * * * * * * * * * * * * * * * * * * * * * * * * * * * * * * * * * * * * * * * * * * * * * * * * * * * * * * * * * * * * * * * * * * * * * * * * * * * * * * * * * * * * * * * * * * * * * * * * * * * * * * * * * * * * * * * * * * * * * * * * * * * * * * * * * * * * * * * * * * * * * * * * * * * * * * * * * * * * * * * * * * * * * * * * * * * * * * * * * * * * * * * * * * *,1,* 3 * * * * * * * * * * * * * * * * * * * * * * * * * * * * * * * * * * * * * * * * * * * * * * * * * * * * * * * * * * * * * * * * * * * * * * * * * * * * * * * * * * * * * * * * * * * * * * * * * * * * * * * * * * * * * * * * * * * * * * * * * * * * * * * * * * * * * * * * * * * * * * * * * * * * * * * * * * * * * * * * * * * * * * * * * * * * * * * * * * * * * * * * * * * * * * * * * * * * * * * * * * * * * * * * * * * * * * * * * * * * * * * * * * * * * * * * * * * * * * * * * * * * * * * * * * * * * * * * * * * * * * * * * * * * * * * * * * * * * * * * * * * * * * * * * * * * * * * * * * * * * * * * * * * * * * * * * * * * * * * * * * * * * * * * * * * * * * * * * * * * * * * * * * * * * * * * * * * * * * * * * * * * * * * * * * * * * * * * * * * * * * * * * * * * * * * * * * * * * * * * * * * * * * * * * * * * * * * * * * * * * * * * * * * * * * * * * * * * * * * * * * * * * * * * * * * * * * * * * * * * * * * * * * * * * * * * * * * * * * * * * * * * * * * * * * * * * * * * * * * * * * * * * * * *,num
* ~ ~ ~ ~ ~ ~ ~ ~ ~ ~ ~ ~ ~ ~ à à à à à à à à à à à à à à à à à à à à à à à à à à à à à à à à à à à à à à à à à à à à à à à à à à à à à à à à à à à à à à à à à à à à à à à à à à à à à à à à à à à à à à à à à à à à à à à à à à à à à à à à à à à à à à à à à à à à à à à d à à à à à à à à à à à à à à à à à à à à à à à à à à à à à à à à à à à à à à à à à à à à à à à à à à à à à à à à à à à à à à à à à à à à à à à à à à à à à à à à à à à à à à à à à à à à à à à à à à à à à à à à à à à à à à à à à à à à à à à à à,1,* ~ ~ ~ ~ ~ ~ ~ ~ ~ ~ ~ ~ ~ ~ à à à à à à à à à à à à à à à à à à à à à à à à à à à à à à à à à à à à à à à à à à à à à à à à à à à à à à à à à à à à à à à à à à à à à à à à à à à à à à à à à à à à à à à à à à à à à à à à à à à à à à à à à à à à à à à à à à à à à à à d à à à à à à à à à à à à à à à à à à à à à à à à à à à à à à à à à à à à à à à à à à à à à à à à à à à à à à à à à à à à à à à à à à à à à à à à à à à à à à à à à à à à à à à à à à à à à à à à à à à à à à à à à à à à à à à à à à à à à à à à à,d
~ ~ à à à à à à à à à à à à à à à à à à à à à à à à à à à à à à à à à à à à à à à à à à à à à à à à à à à à à à à à à à à à à à à à à à à à à à à à à à à à à à à à à à à à à à à à à à à à à à à à à à à à à à à à à à à à à à à à à à à à à à à à à à à à à à à à à à à à à à à d à à à à à à à à à à à à à à à à à à à à à à à à à à à à à à à à à à à à à à à à à à à à à à à à à à à à à à à à à à à à à à à à à à à à à à à à à à à à à à à à à à à à à à à à à à à à à à à à à à à à à à à à à à à à à à à à à à à à à,1,~ ~ à à à à à à à à à à à à à à à à à à à à à à à à à à à à à à à à à à à à à à à à à à à à à à à à à à à à à à à à à à à à à à à à à à à à à à à à à à à à à à à à à à à à à à à à à à à à à à à à à à à à à à à à à à à à à à à à à à à à à à à à à à à à à à à à à à à à à à à d à à à à à à à à à à à à à à à à à à à à à à à à à à à à à à à à à à à à à à à à à à à à à à à à à à à à à à à à à à à à à à à à à à à à à à à à à à à à à à à à à à à à à à à à à à à à à à à à à à à à à à à à à à à à à à à à à à à à à,d
. . . . . . . . . . . . . . . . . . . . . . . . . . . . . . . . . . . . . . . . . . . . . . . . . . . . . . . . . . . . . . . . . . . . . . . . . . . . . . . . . . . . . . . . . . . . . . . . . . . . . . . . . . . . . . . . . . . . . . . 60 . . . . . . . . . . . . . . . . . . . . . . .,1,. . . . . . . . . . . . . . . . . . . . . . . . . . . . . . . . . . . . . . . . . . . . . . . . . . . . . . . . . . . . . . . . . . . . . . . . . . . . . . . . . . . . . . . . . . . . . . . . . . . . . . . . . . . . . . . . . . . . . . . 60 . . . . . . . . . . . . . . . . . . . . . . .,num
* 1 . . . . . . . . . . . . . . . . . . . . . . . . . . . . . . . . . . . . . . . . . . . . . . . . . . . . . . . . . . . . . . . . . . . . . . . . . . . . . . . . . . . . . . . . . . . . . . . . . . . . . . . . . . . . . . . . . . . . . . . . . . . . . . . . . . . . . . . . . . . . . . . . . . . . . . . . . . . . . . . . . . . . . . . . . . . . . . . . . . . . . . . . . . . . . . . . . . . . . . . . . . . . . . . . . . . . . . . . . . . . . : : : : : : : : : : : : : : : : : : : : : : : : : : : : : : : : :,1,* 1 . . . . . . . . . . . . . . . . . . . . . . . . . . . . . . . . . . . . . . . . . . . . . . . . . . . . . . . . . . . . . . . . . . . . . . . . . . . . . . . . . . . . . . . . . . . . . . . . . . . . . . . . . . . . . . . . . . . . . . . . . . . . . . . . . . . . . . . . . . . . . . . . . . . . . . . . . . . . . . . . . . . . . . . . . . . . . . . . . . . . . . . . . . . . . . . . . . . . . . . . . . . . . . . . . . . . . . . . . . . . . : : : : : : : : : : : : : : : : : : : : : : : : : : : : : : : : :,num
: u . . . . . . . . . . . . . . . . . . . . . . . . . . . . . . . . . . . . . . . . . . . . . . . . . . . . . . . . . . . . . . . . . . . . . . . . . . . . . . . . . . . . . . . . . . . . . . . . . . . . . . . . . . . . . . . . . . . . . . . . . . . . . . . . . . . . . . . . . . . .,0,: u . . . . . . . . . . . . . . . . . . . . . . . . . . . . . . . . . . . . . . . . . . . . . . . . . . . . . . . . . . . . . . . . . . . . . . . . . . . . . . . . . . . . . . . . . . . . . . . . . . . . . . . . . . . . . . . . . . . . . . . . . . . . . . . . . . . . . . . . . . . .,u
.. ..проникнуть .. . . . . . . . . . . . . . . . . . . . . . . . . . . . . . . . . . . . . . . . . . . . . . . . . . . . . . . . . . . . . . . . . . . . . . . . . . . . . . . . . . . . . . . . . . . . . . . . . . . . . . . . . . . . . . . . . . . . . . . . . . . . . . . . . . . . . . . . . . . . . . . . . . . . . . . . . . . . . . . . . . . . . . . . . . . . . . . . . . . . . . .,1,.. ..проникнуть .. . . . . . . . . . . . . . . . . . . . . . . . . . . . . . . . . . . . . . . . . . . . . . . . . . . . . . . . . . . . . . . . . . . . . . . . . . . . . . . . . . . . . . . . . . . . . . . . . . . . . . . . . . . . . . . . . . . . . . . . . . . . . . . . . . . . . . . . . . . . . . . . . . . . . . . . . . . . . . . . . . . . . . . . . . . . . . . . . . . . . . .,проникнуть
.. .. . . . . . . . . . . . . . . . . . . . . . . . . . . . . . . . . . . . . . . . . . . . . . . . . . . . . . . . . . . . . . . . . . . . . . . . . . . . . . . . . . . . . . . . . . . . . . . . . . . . . . . . . . . . . . . . . . . . . . . . . . . . . . . . . . . . . . . . . . . . . . . . . . . . . . . . . . . . . . . . . . . . . . . . . . . . . . . . . . . . . . . . . . . . . . . . . . . . . . . ну ну ну ну ну ну ну ну ну ну ну ну ну ну ну ну ну ну ну ну ну ну ну ну ну ну ну ну ну ну ну ну ну ну ну ну ну ну ну ну ну ну ну ну ну ну ну ну ну ну ну ну . ну,0,.. .. . . . . . . . . . . . . . . . . . . . . . . . . . . . . . . . . . . . . . . . . . . . . . . . . . . . . . . . . . . . . . . . . . . . . . . . . . . . . . . . . . . . . . . . . . . . . . . . . . . . . . . . . . . . . . . . . . . . . . . . . . . . . . . . . . . . . . . . . . . . . . . . . . . . . . . . . . . . . . . . . . . . . . . . . . . . . . . . . . . . . . . . . . . . . . . . . . . . . . . ну ну ну ну ну ну ну ну ну ну ну ну ну ну ну ну ну ну ну ну ну ну ну ну ну ну ну ну ну ну ну ну ну ну ну ну ну ну ну ну ну ну ну ну ну ну ну ну ну ну ну ну . ну,ну ну ну ну ну ну ну ну ну ну ну ну ну ну ну ну ну ну ну ну ну ну ну ну ну ну ну ну ну ну ну ну ну ну ну ну ну ну ну ну ну ну ну ну ну ну ну ну ну ну ну ну ну
* 3 * 3 * 4 * * 3 * * * * * * * * * * * * * * * * * * * * * * * * * * * * * * * * * * * * * * * * * * * * * * * * * * * * * * * * * * * * * * * * * * * * * * * * * * * * * * * * * * * * * * * * * * * * * * * * * * * * * * * * * * * * * * * * * * * * * * * * * * * * * * * * * * * * * * * * * * * * * * * * * * * * * * * * * * * * * * * * * * * * * * * * * * * * * * * * * * * * * * * * * * * * * * * * * * * * * * * * * * * * * * * * * * ** * * * * * * * * * * * * * * * * * * * * * * * * * * * * * * * * * * * * * * * * * * * * * * * * * * * * * * * * * * * * * * * * * * * * * * * * * * * * * * * * * * * * * * * * * *,1,* 3 * 3 * 4 * * 3 * * * * * * * * * * * * * * * * * * * * * * * * * * * * * * * * * * * * * * * * * * * * * * * * * * * * * * * * * * * * * * * * * * * * * * * * * * * * * * * * * * * * * * * * * * * * * * * * * * * * * * * * * * * * * * * * * * * * * * * * * * * * * * * * * * * * * * * * * * * * * * * * * * * * * * * * * * * * * * * * * * * * * * * * * * * * * * * * * * * * * * * * * * * * * * * * * * * * * * * * * * * * * * * * * * ** * * * * * * * * * * * * * * * * * * * * * * * * * * * * * * * * * * * * * * * * * * * * * * * * * * * * * * * * * * * * * * * * * * * * * * * * * * * * * * * * * * * * * * * * * *,num num num num
/ 2 / 1 / 1 / / 1,0,/ 2 / 1 / 1 / / 1,num num num num
1,1,1,num
. . . . . . . . . . . . . . . . . . . . . . . . . . . . . . . . . . . . . . . . . . . . . . . . . . . . . . . . . . . . . . . . . . . . . . . . . . . . . . . . . . . . . . . . . . . . . . . . . . . . . . . . . . . . . . . . . . . . . . 60 . . . . . . . . . . . . . . . . . . . . . . . . . . . . . . . . . . . . . . . . . . . . . . . . . . . . . . . . . . . . . . . . . . . . . . . . . . . . . . . . . . . . . . . . . . . . . . . . . . . . . . . . . . . . . . . . . . . . . . . . . . . . . . . . . . . . . . . .,1,. . . . . . . . . . . . . . . . . . . . . . . . . . . . . . . . . . . . . . . . . . . . . . . . . . . . . . . . . . . . . . . . . . . . . . . . . . . . . . . . . . . . . . . . . . . . . . . . . . . . . . . . . . . . . . . . . . . . . . 60 . . . . . . . . . . . . . . . . . . . . . . . . . . . . . . . . . . . . . . . . . . . . . . . . . . . . . . . . . . . . . . . . . . . . . . . . . . . . . . . . . . . . . . . . . . . . . . . . . . . . . . . . . . . . . . . . . . . . . . . . . . . . . . . . . . . . . . . .,num
.. . . . . . . . . . . . . . . . . . . . . . . . . . . . . . . . . . . . . . . . . . . . . . . . . . . . . . . . . . . . . . . . . . . . . . . . . . . . . . . . . . . . . . . . . . . . . . . . . . . . . . . . . . . . . . . . . . . . . . . . . . . . . . . . . . . . . . . . . . . . . . . . . . . . . . . . . . . . . . . . . . . . . . . . . . . . . . . . . . . . . . . . . . . . . . . . . . . . . . . . . . . . . . . . . . . . . . . . . . ну ј ј ј ј ј ј ј ј ј ј €€ €€€€€€€ € € € € € € € €€€ €€€€€€€€€€€€€€€€€€€€€,1,.. . . . . . . . . . . . . . . . . . . . . . . . . . . . . . . . . . . . . . . . . . . . . . . . . . . . . . . . . . . . . . . . . . . . . . . . . . . . . . . . . . . . . . . . . . . . . . . . . . . . . . . . . . . . . . . . . . . . . . . . . . . . . . . . . . . . . . . . . . . . . . . . . . . . . . . . . . . . . . . . . . . . . . . . . . . . . . . . . . . . . . . . . . . . . . . . . . . . . . . . . . . . . . . . . . . . . . . . . . ну ј ј ј ј ј ј ј ј ј ј €€ €€€€€€€ € € € € € € € €€€ €€€€€€€€€€€€€€€€€€€€€,ну
~ ~ 3 ~ ~ ~ ~ ~ ~ à à à à à à à à à à à à à à à à à à à à à à à à à à à à à à à à à à à à à à à à à à à à à à à à à à à à à à à à à à à à à à à à à à à à à à à à à à à à à à à à à à à à à à à à à à à à à à à à à à à à à à à à à à à à à à à à à à à à à à à à à à à à à à à à à à à à à à à à à à à à à à à à à à à à à à à à à à à à à à à à à à à à à à à à à à à à à à à à à à à à à à à à à à à à à à à à à à à à à à à à à à à à à à à à à à à à à à à à à à à à à à à à à à à à à à à à à à à à à à à à à à à à à à,1,~ ~ 3 ~ ~ ~ ~ ~ ~ à à à à à à à à à à à à à à à à à à à à à à à à à à à à à à à à à à à à à à à à à à à à à à à à à à à à à à à à à à à à à à à à à à à à à à à à à à à à à à à à à à à à à à à à à à à à à à à à à à à à à à à à à à à à à à à à à à à à à à à à à à à à à à à à à à à à à à à à à à à à à à à à à à à à à à à à à à à à à à à à à à à à à à à à à à à à à à à à à à à à à à à à à à à à à à à à à à à à à à à à à à à à à à à à à à à à à à à à à à à à à à à à à à à à à à à à à à à à à à à à à à à à à à,num
.. .. ..проникнуть .. . . .. . . . . . . . . . . . . . . . . . . . . . . . . . . . . . . . . . . . . . . . . . . . . . . . . . . . . . . . . . . . . . . . . . . . . . . . . . . . . . . . . . . . . . . . . . . . . . . . . . . . . . . . . . . . . . . . . . . . . . . . . . . . . . . . . . . . . . . . . . . . . . . . . . . . . . . . . . . .,0,.. .. ..проникнуть .. . . .. . . . . . . . . . . . . . . . . . . . . . . . . . . . . . . . . . . . . . . . . . . . . . . . . . . . . . . . . . . . . . . . . . . . . . . . . . . . . . . . . . . . . . . . . . . . . . . . . . . . . . . . . . . . . . . . . . . . . . . . . . . . . . . . . . . . . . . . . . . . . . . . . . . . . . . . . . . .,проникнуть
~ 3 ~ ~ ~ 1 ~ 4 ~ 4 ~ ~ ~ à à à à à à à à à à à à à à à à à à à à à à à à à à à à à à à à à à à à à à à à à à à à à à à à à à à à à à à à à à à à à à à à à à à à à à à à à à à à à à à à à à à à à à à à à à à à à à à à à à ~ à à à à à à à à à à à à à à à à à à à à à à à à à à à à à à à à ~ à à à à à à à à à à à à à à à à à à à à à à à à à à à à à à à à à à à à à à à à à à à à à à à à à à à à à à à à à à à à à à à à à à à à à à à à à à à à à à à à à à à à à à à à à à à à à à à à à à à à à à à à à à à à à à à,1,~ 3 ~ ~ ~ 1 ~ 4 ~ 4 ~ ~ ~ à à à à à à à à à à à à à à à à à à à à à à à à à à à à à à à à à à à à à à à à à à à à à à à à à à à à à à à à à à à à à à à à à à à à à à à à à à à à à à à à à à à à à à à à à à à à à à à à à à ~ à à à à à à à à à à à à à à à à à à à à à à à à à à à à à à à à ~ à à à à à à à à à à à à à à à à à à à à à à à à à à à à à à à à à à à à à à à à à à à à à à à à à à à à à à à à à à à à à à à à à à à à à à à à à à à à à à à à à à à à à à à à à à à à à à à à à à à à à à à à à à à à à à à,num num num num
/ 2 / 01,0,/ 2 / 01,num num
* 3 * * à à à à à à à à à à à à à à à à à à à à à à à à à à à à à à à à à à à à à à à à à à à à à à à à à à à à à à à à à à à à à à à à à à à à à à à à à à à à à à à à à à à à à à à à à à à à à à à à à à à à à à à à à à à à à à à à à à à à à à à à à à à à à à à à à à à à à à à à à à à à à à à à à à à à à à à à à à à à à à à à à à à à à à à à à à à à à à à à à à à à à à à à à à à à à à à à à à à à à à à à à à à à à à à à à à à à à à à à à à à à à à à à à à à à à à à à à à à à à à à à à à,1,* 3 * * à à à à à à à à à à à à à à à à à à à à à à à à à à à à à à à à à à à à à à à à à à à à à à à à à à à à à à à à à à à à à à à à à à à à à à à à à à à à à à à à à à à à à à à à à à à à à à à à à à à à à à à à à à à à à à à à à à à à à à à à à à à à à à à à à à à à à à à à à à à à à à à à à à à à à à à à à à à à à à à à à à à à à à à à à à à à à à à à à à à à à à à à à à à à à à à à à à à à à à à à à à à à à à à à à à à à à à à à à à à à à à à à à à à à à à à à à à à à à à à à à à,num
: $50 . . . . . . . . . . . . . . . . . . . . . . . . . . . . . . . . . . . . . . . . . . . . . . . . . . . . . . . . . . . . . . . . . . . . . . . . . . . . . . . . . . . . . . . . . . . . . . . . . . . . . . .,1,: $50 . . . . . . . . . . . . . . . . . . . . . . . . . . . . . . . . . . . . . . . . . . . . . . . . . . . . . . . . . . . . . . . . . . . . . . . . . . . . . . . . . . . . . . . . . . . . . . . . . . . . . . .,num
.. . ..что . . . . . . . . . . . . . . . . . . . . . . . . . . . . . . . . . . . . . . . . . . . . . . . . . . . . . . . . . . . . . . . . . . . . . . . . . . . . . . . . . . . . . . . . . . . . . . . . . . . . . . . . . . . . . . . . . . . . . . . . . . . . . . . . . . . . . . . . . . . . . . . . . . . . . . . . . . . . . . . . . . . . . . . . . . . . . . . . . . . . . . . . . . . . . . . . . .,0,.. . ..что . . . . . . . . . . . . . . . . . . . . . . . . . . . . . . . . . . . . . . . . . . . . . . . . . . . . . . . . . . . . . . . . . . . . . . . . . . . . . . . . . . . . . . . . . . . . . . . . . . . . . . . . . . . . . . . . . . . . . . . . . . . . . . . . . . . . . . . . . . . . . . . . . . . . . . . . . . . . . . . . . . . . . . . . . . . . . . . . . . . . . . . . . . . . . . . . . .,что
.. . . . . . . . . . . . . . . . . . . . . . . . . . . . . . . . . . . . . . . . . . . . . . . . . . . . . . . . . . . . . . . . . . . . . . . . . . . . . . . . . . . . . . . . . . . . . . . . . . . . . . . . . . . . . . . . . . . . . . . . . . . . . . . . . . . . . . . . . . . . . . . . . . . . . . . . . . . . . . . . . . . . . . . . . . . . . . . . . . . . . . . . . . . . . . . . . . . . . . . . . . . . . . . . . . . . . . . . . . . . . . . . . d d d d d d d d d d d d . . . . . . . d . . d d d d,0,.. . . . . . . . . . . . . . . . . . . . . . . . . . . . . . . . . . . . . . . . . . . . . . . . . . . . . . . . . . . . . . . . . . . . . . . . . . . . . . . . . . . . . . . . . . . . . . . . . . . . . . . . . . . . . . . . . . . . . . . . . . . . . . . . . . . . . . . . . . . . . . . . . . . . . . . . . . . . . . . . . . . . . . . . . . . . . . . . . . . . . . . . . . . . . . . . . . . . . . . . . . . . . . . . . . . . . . . . . . . . . . . . . d d d d d d d d d d d d . . . . . . . d . . d d d d,d d d d d d d d d d d d d d d d d
.. .. ..что убежать .. убежать . . . . . . . . . . . . . . . . . . . . . . . . . . . . . . . . . . . . . . . . . . . . . . . . . . . . . . . . . . . . . . . . . . . . . . . . . . . . . . . . . . . . . . . . . . . . . . . . . . . . . . . . . . . . . . . . . . . . . . . . . . . . . . . . . . . . . . . . . . . . . . . . . . . . . . . . . . . . . . . . . . . . . . . . . . . . . . . . . . . . . . . . . . . . . . . . . . . . . . . . . . . . . . . . . . . . . . . . . . . . . . . . . . . . . . . . . . . . . . . . . . . . .,1,.. .. ..что убежать .. убежать . . . . . . . . . . . . . . . . . . . . . . . . . . . . . . . . . . . . . . . . . . . . . . . . . . . . . . . . . . . . . . . . . . . . . . . . . . . . . . . . . . . . . . . . . . . . . . . . . . . . . . . . . . . . . . . . . . . . . . . . . . . . . . . . . . . . . . . . . . . . . . . . . . . . . . . . . . . . . . . . . . . . . . . . . . . . . . . . . . . . . . . . . . . . . . . . . . . . . . . . . . . . . . . . . . . . . . . . . . . . . . . . . . . . . . . . . . . . . . . . . . . . .,что убежать убежать
281 343 8233,0,281 343 8233,num num num
1 . . . . . . . . . . . . . . . . . . . . . . . . . . . . . . . . . . . . . . . . . . . . . . . . . . . . . . . .,1,1 . . . . . . . . . . . . . . . . . . . . . . . . . . . . . . . . . . . . . . . . . . . . . . . . . . . . . . . .,num
/ 1 / 1 / 1 / 1 / 1 / 01,0,/ 1 / 1 / 1 / 1 / 1 / 01,num num num num num num
~ 3~ 4~ 4~ 4~ ~ ~ ~ ~ ~ ~ ~ ~ ~ ~ ~ ~ ~ ~ ~ ~ ~ ~ ~ ~ ~ ~ ~ ~ ~ ~ ~ ~ ~ ~ ~ ~ ~ ~ ~ ~ ~ ~ ~ ~ ~ ~ ~ ~ ~ ~ ~ ♫ ♫ ♫ ♫ ♫ ♫ ♫ ♫ ♫ ♫ ♫ ♫ ♫ ♫ ♫ ♫ ♫ ♫ ♫ ♫ ♫ ♫ ♫ ♫ ♫ ♫ ♫ ♫ ♫ ♫ ♫ ♫ ♫ ♫ ♫ ♫ ♫ ♫ ♫ ♫ ♫ ♫ ♫ ♫ ♫ ♫ ♫ ♫ ♫ ♫ ♫ ♫ ~ ♫ ♫ ♫ ♫ ♫ ♫ ♫ ♫ ♫ ♫ ♫ ~ ♫ ♫ ♫ ♫ ♫ ♫ ~ ♫ ♫ ♫ ♫ ♫ ♫ ♫ ♫ ♫ ♫ ♫ ♫ ♫ ♫ ♫ ♫ ♫ ♫ ~ ~ ~ ~ ~ ~ ~ ~ ~ ~ ~ ~ ~ ~ ♫ ♫ ~ ~ ~ ~ ~ ~ ~ ~ ~ ~ ~ ~ ~ ~ ~ ~ ~ ~ ~ ~ ~ ~ ~ ~ ~ ~ ~ ~ ~ ~ ~ ~ ~ ~ ~ ~ ~ ~ ~ ~ ~ ~ ~ ~ ~ ~ ~ ~ ~ ~ ~ ~ ~ ~ ~ ~ ~ ~ ~ ~ ~ ~ ~ ~ ~ ~ ~ ~ ~ ~ ~ ~ ~ ~ ~ ~ ~ ~ ~ ~ ~ ~ ~ ~ ~ ~ ~ ~ ~ ~ ~ ~ ~ ~ ~ ~ ~,1,~ 3~ 4~ 4~ 4~ ~ ~ ~ ~ ~ ~ ~ ~ ~ ~ ~ ~ ~ ~ ~ ~ ~ ~ ~ ~ ~ ~ ~ ~ ~ ~ ~ ~ ~ ~ ~ ~ ~ ~ ~ ~ ~ ~ ~ ~ ~ ~ ~ ~ ~ ~ ~ ♫ ♫ ♫ ♫ ♫ ♫ ♫ ♫ ♫ ♫ ♫ ♫ ♫ ♫ ♫ ♫ ♫ ♫ ♫ ♫ ♫ ♫ ♫ ♫ ♫ ♫ ♫ ♫ ♫ ♫ ♫ ♫ ♫ ♫ ♫ ♫ ♫ ♫ ♫ ♫ ♫ ♫ ♫ ♫ ♫ ♫ ♫ ♫ ♫ ♫ ♫ ♫ ~ ♫ ♫ ♫ ♫ ♫ ♫ ♫ ♫ ♫ ♫ ♫ ~ ♫ ♫ ♫ ♫ ♫ ♫ ~ ♫ ♫ ♫ ♫ ♫ ♫ ♫ ♫ ♫ ♫ ♫ ♫ ♫ ♫ ♫ ♫ ♫ ♫ ~ ~ ~ ~ ~ ~ ~ ~ ~ ~ ~ ~ ~ ~ ♫ ♫ ~ ~ ~ ~ ~ ~ ~ ~ ~ ~ ~ ~ ~ ~ ~ ~ ~ ~ ~ ~ ~ ~ ~ ~ ~ ~ ~ ~ ~ ~ ~ ~ ~ ~ ~ ~ ~ ~ ~ ~ ~ ~ ~ ~ ~ ~ ~ ~ ~ ~ ~ ~ ~ ~ ~ ~ ~ ~ ~ ~ ~ ~ ~ ~ ~ ~ ~ ~ ~ ~ ~ ~ ~ ~ ~ ~ ~ ~ ~ ~ ~ ~ ~ ~ ~ ~ ~ ~ ~ ~ ~ ~ ~ ~ ~ ~ ~,num num num num
~ 3 ~ 3 ~ 3 ~ 3 à à à à à à à à à à à à à à à à à à à à à à à à à à à à à à à à à à à à à à à à à à à à à à à à à à à à à à à à à à à à à à à à à à à à à à à à à à à à à à à à à à à à à à à à à à à à à à à à à à à à à à à à à à à à à à à à à à à à à à à à à à à à ~ à à à à à à à à à à à à à à à à à à à à à à à à à à à à à à à à à à à à à à à à à à à à à à à à à à à à à à à à à à à à à à à à à à à à à à à à à à à à à à à à à à à à à à à à à à à à à à à à à à à à à à à à à à à à à à à à à à à à à à à à,1,~ 3 ~ 3 ~ 3 ~ 3 à à à à à à à à à à à à à à à à à à à à à à à à à à à à à à à à à à à à à à à à à à à à à à à à à à à à à à à à à à à à à à à à à à à à à à à à à à à à à à à à à à à à à à à à à à à à à à à à à à à à à à à à à à à à à à à à à à à à à à à à à à à à ~ à à à à à à à à à à à à à à à à à à à à à à à à à à à à à à à à à à à à à à à à à à à à à à à à à à à à à à à à à à à à à à à à à à à à à à à à à à à à à à à à à à à à à à à à à à à à à à à à à à à à à à à à à à à à à à à à à à à à à à à à,num num num num
", 11 / 1 / 1 / 1 / 1 / 1 / 1 / / 1 / / / 1 / / / / / / / / / / / / / / / / / / / / / / / , / / / / / / / / / , / / / / / / / , / / / / / / / / / / / / , / / / / / / / / / / / , / / / / , / / / / / / / / / / / / / / / , / / / / / / / / / / / / / / / / / / / / / / / / / / / / / / / / / / / / . / / / / / / / / / / / / / / / / / / / / / / / / / / / / / / / / / / / / / / / / / / / / / / / / / / / / / / / / / / / / / / / / / / / / / , , , , , , , / / / / / / / , , ,",0,", 11 / 1 / 1 / 1 / 1 / 1 / 1 / / 1 / / / 1 / / / / / / / / / / / / / / / / / / / / / / / , / / / / / / / / / , / / / / / / / , / / / / / / / / / / / / , / / / / / / / / / / / , / / / / , / / / / / / / / / / / / / / / , / / / / / / / / / / / / / / / / / / / / / / / / / / / / / / / / / / / / . / / / / / / / / / / / / / / / / / / / / / / / / / / / / / / / / / / / / / / / / / / / / / / / / / / / / / / / / / / / / / / / / / / / / / , , , , , , , / / / / / / / , , ,",num num num num num num num num num
".. ..чтобы убежать, ..чтобы убежать, .. . . . . . . . . . . . . . . . . . . . . . . . . . . . . . . . . . . . . . . . . . . . . . . . . . . . . . . . . . . . . . . . . . . . . . . . . . . . . . . . . . . . . . . . . . . . . . . . . . . . . . . . . . . . . . . . . . . . . . . . . . . . . . . . . . . . . . . . . . . . . . . . . . . . . . .",0,".. ..чтобы убежать, ..чтобы убежать, .. . . . . . . . . . . . . . . . . . . . . . . . . . . . . . . . . . . . . . . . . . . . . . . . . . . . . . . . . . . . . . . . . . . . . . . . . . . . . . . . . . . . . . . . . . . . . . . . . . . . . . . . . . . . . . . . . . . . . . . . . . . . . . . . . . . . . . . . . . . . . . . . . . . . . . .",чтобы убежать чтобы убежать
? ? ? ? ? ? ? ? ? ? ? 4 - 90167 ? ? ? ? ? ? ? ? ? ? ? ? ? ? ? ? ? ? ? ? ? ? ? ? ? ? ? ? ? ? ? ? ? ? ? ? ? ? ? ? ? ? ? ? ? ? ? ? ? ? ? ? ? ? ? ? ? ? ? ? ? ? ? ? ? ? ? ? ? ? ? ? ? ? ? ? ? ? ? ? ? ? ? ? ? ? ? ? ? ? ? ? ? ? ? ? ? ? ? ? ? ? ? ? ? ? ? ? ? ? ? ? ? ? ? ? ? ? ? ? ? ? ? ? ? ? ? ? ? ? ? ? ? ? ? ? ? ? ? ? ? ? ? ? ? ? ? ? ? ? ? ? ? ? ? ? ? ? ? ? ? ? ? ? ? ? ? ? ? ? ? ? ? ? ? ? ? ? ? ? ? ? ? ? ? ? ? ? ? ? ? ? ? ? ? ? ? ? ? ? ? ? ? ? ? ? ? ? ? ? ? ? ? ? ? ? ? ? ? ? ? ? ? ? ? ? ? ? ? ? ? ? ? ? ? ? ?,1,? ? ? ? ? ? ? ? ? ? ? 4 - 90167 ? ? ? ? ? ? ? ? ? ? ? ? ? ? ? ? ? ? ? ? ? ? ? ? ? ? ? ? ? ? ? ? ? ? ? ? ? ? ? ? ? ? ? ? ? ? ? ? ? ? ? ? ? ? ? ? ? ? ? ? ? ? ? ? ? ? ? ? ? ? ? ? ? ? ? ? ? ? ? ? ? ? ? ? ? ? ? ? ? ? ? ? ? ? ? ? ? ? ? ? ? ? ? ? ? ? ? ? ? ? ? ? ? ? ? ? ? ? ? ? ? ? ? ? ? ? ? ? ? ? ? ? ? ? ? ? ? ? ? ? ? ? ? ? ? ? ? ? ? ? ? ? ? ? ? ? ? ? ? ? ? ? ? ? ? ? ? ? ? ? ? ? ? ? ? ? ? ? ? ? ? ? ? ? ? ? ? ? ? ? ? ? ? ? ? ? ? ? ? ? ? ? ? ? ? ? ? ? ? ? ? ? ? ? ? ? ? ? ? ? ? ? ? ? ? ? ? ? ? ? ? ? ? ? ? ? ?,num num
/ 6 . . . . . . . . . . . . . . . . . . . . . . . . . . . .,1,/ 6 . . . . . . . . . . . . . . . . . . . . . . . . . . . .,num
. . . . . . . . . . . . . . . . . . . . . . . . . . . . . . . . . . . . . . . . . . . . . . . . . . . . . . . . . . . . . . . . . . . . . . . . . . . . . . . . . . . . . . . . . . . . . . . . . . . . . . . . . . . . . . . . . . . . . . . . . . . . . . . . . . . . . . . . . . . . . . . . . . . . . . . . . . . . . . . . . . . . . . . . . . . . . . . . . . . . . . . . . . . . . . . . . . . . . . . . . . . . . . . . . . . . . . . . . . . . . . . . . число . . . . . . . . . . . . . . . . . . . . . .,0,. . . . . . . . . . . . . . . . . . . . . . . . . . . . . . . . . . . . . . . . . . . . . . . . . . . . . . . . . . . . . . . . . . . . . . . . . . . . . . . . . . . . . . . . . . . . . . . . . . . . . . . . . . . . . . . . . . . . . . . . . . . . . . . . . . . . . . . . . . . . . . . . . . . . . . . . . . . . . . . . . . . . . . . . . . . . . . . . . . . . . . . . . . . . . . . . . . . . . . . . . . . . . . . . . . . . . . . . . . . . . . . . . число . . . . . . . . . . . . . . . . . . . . . .,число
/ 15 / 16.,0,/ 15 / 16.,num num
.. . . . . . . . . . . . . . . . . . . . . . . . . . . . . . . . . . . . . . . . . . . . . . . . . . . . . . . . . . . . . . . . . . . . . . . . . . . . . . . . . . . . . . . . . . . . . . . . . . . . . . . . . . . . . . . . . . . . . . . . . . . . . . . . . . . . . . . . . . . . . . . . . . . . . . . . . . . . . . . . . . . . . . . . . . . . . . . . . . . . . . . . . . . . . . . . . . . . . . . . . . . . . . . . . . . . . . . . . . . . - - - - - - - - - - - - - - - - - - - - - - - - - - - - - - - - - - - . - - - - . - - . - ну - . - ƒ€ - ƒ€ - ƒ€€€€€,0,.. . . . . . . . . . . . . . . . . . . . . . . . . . . . . . . . . . . . . . . . . . . . . . . . . . . . . . . . . . . . . . . . . . . . . . . . . . . . . . . . . . . . . . . . . . . . . . . . . . . . . . . . . . . . . . . . . . . . . . . . . . . . . . . . . . . . . . . . . . . . . . . . . . . . . . . . . . . . . . . . . . . . . . . . . . . . . . . . . . . . . . . . . . . . . . . . . . . . . . . . . . . . . . . . . . . . . . . . . . . . - - - - - - - - - - - - - - - - - - - - - - - - - - - - - - - - - - - . - - - - . - - . - ну - . - ƒ€ - ƒ€ - ƒ€€€€€,ну
Эй . . . . . . . . . . . . . . . . . . . . . . . . . . . . . . . . . . . . . . . . . . . . . . . . . . . . . . . . . . . . . . . . . . . . . . . . . . . . . . . . . . . . . . . . . . .,1,эй . . . . . . . . . . . . . . . . . . . . . . . . . . . . . . . . . . . . . . . . . . . . . . . . . . . . . . . . . . . . . . . . . . . . . . . . . . . . . . . . . . . . . . . . . . .,эй
. . . . . . . . . . . . . . . . . . . . . . . . . . . . . . . . . . . . . . . . . . . . . . . . . . . . . . . . . . . . . . . - - - - - - первоначальное сообщение - - - - ;,1,. . . . . . . . . . . . . . . . . . . . . . . . . . . . . . . . . . . . . . . . . . . . . . . . . . . . . . . . . . . . . . . - - - - - - первоначальное сообщение - - - - ;,первоначальное сообщение
~ ~ ~ ~ ~ à à à à à à à à à à à à à à à à à à à à à à à à à à à à à à à à à à à à à à à à à à à à à à à à à à à à à à à à à à à à à à à à à à à à à à à à à à à à à à à à à à à à à à à à à à à à à à à à à à à à à à à à à à à à à à à à à à à à à à à à à à à à à à à d à à à à à à à à à à à à à à à à à à à à à à à à à à à à à à à à à à à à à à à à à à à à à à à à à à à à à à à à à à à à à à à à à à à à à à à à à à à à à à à à à à à à à à à à à à à à à à à à à à à à à à à à à à à,1,~ ~ ~ ~ ~ à à à à à à à à à à à à à à à à à à à à à à à à à à à à à à à à à à à à à à à à à à à à à à à à à à à à à à à à à à à à à à à à à à à à à à à à à à à à à à à à à à à à à à à à à à à à à à à à à à à à à à à à à à à à à à à à à à à à à à à à à à à à à à à d à à à à à à à à à à à à à à à à à à à à à à à à à à à à à à à à à à à à à à à à à à à à à à à à à à à à à à à à à à à à à à à à à à à à à à à à à à à à à à à à à à à à à à à à à à à à à à à à à à à à à à à à à à à,d
.. ..проникнуть .. .. . . . . . . . . . . . . . . . . . . . . . . . . . . . . . . . . . . . . . . . . . . . . . . . . . . . . . . . . . . . . . . . . . . . . . . . . . . . . . . . . . . . . . . . . . . . . . . . . . . . . . . . . . . . . . . . . . . . . . . . . . . . . . . . . . . . . . . . . . . . . . . . . . . . . . . . . . . . . . . . . . . . . . . . . . . . . . . . . . . . . . . . . . . . . . . . . . . . . . . . . . . . . . . . . . . . . . . . . .,0,.. ..проникнуть .. .. . . . . . . . . . . . . . . . . . . . . . . . . . . . . . . . . . . . . . . . . . . . . . . . . . . . . . . . . . . . . . . . . . . . . . . . . . . . . . . . . . . . . . . . . . . . . . . . . . . . . . . . . . . . . . . . . . . . . . . . . . . . . . . . . . . . . . . . . . . . . . . . . . . . . . . . . . . . . . . . . . . . . . . . . . . . . . . . . . . . . . . . . . . . . . . . . . . . . . . . . . . . . . . . . . . . . . . . . .,проникнуть
.. .. ..что .. . . . . . . . . . . . . . . . . . . . . . . . . . . . . . . . . . . . . . . . . . . . . . . . . . . . . . . . . . . . . . . . . . . . . . . . . . . . . . . . . . . . . . . . . . . . . . . . . . . . . . . . . . . . . . . . . . . . . . . . . . . . . . . . . . . . . . . . . . . . . . . . . . . . . . . . . . . . . . . . . . . . . . . . . . . . . . . . .,1,.. .. ..что .. . . . . . . . . . . . . . . . . . . . . . . . . . . . . . . . . . . . . . . . . . . . . . . . . . . . . . . . . . . . . . . . . . . . . . . . . . . . . . . . . . . . . . . . . . . . . . . . . . . . . . . . . . . . . . . . . . . . . . . . . . . . . . . . . . . . . . . . . . . . . . . . . . . . . . . . . . . . . . . . . . . . . . . . . . . . . . . . .,что
- 06 / 21 / 2000 08 : 42 / - - - - - - - - - ~ - ~ ~ - ~ - ~ - ~ - ~ - ~ - ~ - ~ - ~ ~ ~ ~ ~ ~ ~ ~ ~ ~ ~ ~ ~ ~ ~ ~ ~ ~ ~ ~ ~ ~ ~ ~ ~ ~ ~ ~ ~ ~ ~ ~ ~ ~ ~ ~ ~ ~ ♫ ♫ ♫ ♫ ♫ ♫ ♫ ♫ ♫ ♫ ♫ ♫ ♫ ♫ ♫ ♫ ♫ ♫ ♫ ♫ ♫ ♫ ♫ ♫ ♫ ♫ ♫ ♫ ♫ ♫ ♫ ♫ ♫ ♫ ♫ ♫ ♫ ♫ ♫ ♫ ♫ ♫ ♫ ♫ ♫ ♫ ♫ ♫ ♫ ♫ ♫ ♫ ♫ ♫ ♫ ♫ ♫ ♫ ♫ ♫ ♫ ♫ ♫ ♫ ♫ ♫ ♫ ♫ ♫ ♫ ♫ ♫ ♫ ♫ ♫ ♫ ~ ~ ~ ~ ~ ~ ~ ~ ~ ~ ~ ~ ~ ~ ~ ♫ ~ ~ ~ ~ ~ ~ ~ ~ ~ ~ ~ ~ ~ ~ ~ ~ ~ ~ ~ ~ ~ ~ ~ ~ ~ ~ ~ ~ ♪,0,- 06 / 21 / 2000 08 : 42 / - - - - - - - - - ~ - ~ ~ - ~ - ~ - ~ - ~ - ~ - ~ - ~ - ~ ~ ~ ~ ~ ~ ~ ~ ~ ~ ~ ~ ~ ~ ~ ~ ~ ~ ~ ~ ~ ~ ~ ~ ~ ~ ~ ~ ~ ~ ~ ~ ~ ~ ~ ~ ~ ~ ♫ ♫ ♫ ♫ ♫ ♫ ♫ ♫ ♫ ♫ ♫ ♫ ♫ ♫ ♫ ♫ ♫ ♫ ♫ ♫ ♫ ♫ ♫ ♫ ♫ ♫ ♫ ♫ ♫ ♫ ♫ ♫ ♫ ♫ ♫ ♫ ♫ ♫ ♫ ♫ ♫ ♫ ♫ ♫ ♫ ♫ ♫ ♫ ♫ ♫ ♫ ♫ ♫ ♫ ♫ ♫ ♫ ♫ ♫ ♫ ♫ ♫ ♫ ♫ ♫ ♫ ♫ ♫ ♫ ♫ ♫ ♫ ♫ ♫ ♫ ♫ ~ ~ ~ ~ ~ ~ ~ ~ ~ ~ ~ ~ ~ ~ ~ ♫ ~ ~ ~ ~ ~ ~ ~ ~ ~ ~ ~ ~ ~ ~ ~ ~ ~ ~ ~ ~ ~ ~ ~ ~ ~ ~ ~ ~ ♪,num num num num num
~ ~ ~ ~ ~ ~ ~ ~ ~ ~ ~ ~ ~ ~ ~ ~ - ~ ~ - ~ - ~ ~ ~ ~ ~ ~ ~ ~ ~ ~ ~ ~ ~ ~ ~ ~ ~ ~ ~ ~ ~ ~ ~ ~ ~ ~ ~ ~ ~ ~ ~ ~ ~ ~ ~ ~ ~ ~ ~ ~ ~ ~ ~ ~ ~ ~ ~ ~ ~ ~ ~ ~ ~ ~ ~ ~ ~ ~ ~ ~ ~ ~ ~ ~ ~ ~ ~ ~ ~ ~ ~ ~ ~ ~ ~ ~ ~ ~ ~ ~ ~ ~ ~ ~ ~ ~ ~ ~ ~ ~ ~ ~ ~ ~ ~ ~ ~ ~ ~ ~ ~ ~ ~ ~ ~ ~ ~ ~ ~ ~ ~ ~ ~ ~ ~ ~ ~ ~ ~ ~ ~ ~ ~ ~ ~ ~ ~ ~ ~ ~ ~ ~ ~ ~ ~ ~ ~ ~ ~ ~ ~ ~ ~ ~ ~ ~ ~ ~ ~ ~ ~ ~ ~ ~ ~ ~ ~ х ~ ~ ~ ~ ~ ~ ~ ~ ~ ~ ~ ~ ~ ~ ~ ~ ~ ~ ~ ~ ~ ~ ~ ~ ~ ~ ~ ~ ~ ~ ~ ~ ~ ~ ~ ~ ~ ~ ~ ~ ~ ~ ~ ~ ~ ~ ~ ~ ~ ~ ~ ~ ~ ~ ~ - ~ ~ ~ ~ ~ ~ ~ - ~ ~ ~ ~ ~ ~ ~ ~ ~ ~ ~ ~ ~,0,~ ~ ~ ~ ~ ~ ~ ~ ~ ~ ~ ~ ~ ~ ~ ~ - ~ ~ - ~ - ~ ~ ~ ~ ~ ~ ~ ~ ~ ~ ~ ~ ~ ~ ~ ~ ~ ~ ~ ~ ~ ~ ~ ~ ~ ~ ~ ~ ~ ~ ~ ~ ~ ~ ~ ~ ~ ~ ~ ~ ~ ~ ~ ~ ~ ~ ~ ~ ~ ~ ~ ~ ~ ~ ~ ~ ~ ~ ~ ~ ~ ~ ~ ~ ~ ~ ~ ~ ~ ~ ~ ~ ~ ~ ~ ~ ~ ~ ~ ~ ~ ~ ~ ~ ~ ~ ~ ~ ~ ~ ~ ~ ~ ~ ~ ~ ~ ~ ~ ~ ~ ~ ~ ~ ~ ~ ~ ~ ~ ~ ~ ~ ~ ~ ~ ~ ~ ~ ~ ~ ~ ~ ~ ~ ~ ~ ~ ~ ~ ~ ~ ~ ~ ~ ~ ~ ~ ~ ~ ~ ~ ~ ~ ~ ~ ~ ~ ~ ~ ~ ~ ~ ~ ~ ~ ~ ~ х ~ ~ ~ ~ ~ ~ ~ ~ ~ ~ ~ ~ ~ ~ ~ ~ ~ ~ ~ ~ ~ ~ ~ ~ ~ ~ ~ ~ ~ ~ ~ ~ ~ ~ ~ ~ ~ ~ ~ ~ ~ ~ ~ ~ ~ ~ ~ ~ ~ ~ ~ ~ ~ ~ ~ - ~ ~ ~ ~ ~ ~ ~ - ~ ~ ~ ~ ~ ~ ~ ~ ~ ~ ~ ~ ~,х
.. . . . . . . . . . . . . . . . . . . . . . . . . . . . . . . . . . . . . . . . . . . . . . . . . . . . . . . . . . . . . . . . . . . . . . . . . . . . . . . . . . . . . . . . . . . . . . . . . . . . . . . . . . . . . . . . . . . . . . . . . . . . . . . . . . . . . . . . . . . . . . . . . . . . . . . . . . . . . . . . . . . . . . . . . . . . . . . . . . . . . . . . . . . . . . . . . . . . . . . . . . . . . . . . . . . . . . . . . . . . . . . . . d. d. d. d. d. d. d. d. . d. d. d. d. d d d d d d d d d d,0,.. . . . . . . . . . . . . . . . . . . . . . . . . . . . . . . . . . . . . . . . . . . . . . . . . . . . . . . . . . . . . . . . . . . . . . . . . . . . . . . . . . . . . . . . . . . . . . . . . . . . . . . . . . . . . . . . . . . . . . . . . . . . . . . . . . . . . . . . . . . . . . . . . . . . . . . . . . . . . . . . . . . . . . . . . . . . . . . . . . . . . . . . . . . . . . . . . . . . . . . . . . . . . . . . . . . . . . . . . . . . . . . . . d. d. d. d. d. d. d. d. . d. d. d. d. d d d d d d d d d d,d d d d d d d d d d d d d d d d d d d d d d
. . . . . . . . . . . . . . . . . . . . . . . . . . . . . . . . . . . . . . . . . . . . . . . . . . . . . . . . . . . . . . . . . . . . . . . . . . . . . . . . . . . . . . . . . . . . . . . . . . . . . . . . . . . . . . . . . . . . . . 6 . . . . . . . . . . . . . . . . . . . . . . . . . . . . . . . . . . . . . . . . . . . . . . . . . . . . . . . . . . . . . . . . . . . . . . . . . . . . . . . . . . . . . . . . . . . . . . . . . . . . . . . . . . . . . . . . . . . . . . . . . . . . . . . . . . . . . . . .,1,. . . . . . . . . . . . . . . . . . . . . . . . . . . . . . . . . . . . . . . . . . . . . . . . . . . . . . . . . . . . . . . . . . . . . . . . . . . . . . . . . . . . . . . . . . . . . . . . . . . . . . . . . . . . . . . . . . . . . . 6 . . . . . . . . . . . . . . . . . . . . . . . . . . . . . . . . . . . . . . . . . . . . . . . . . . . . . . . . . . . . . . . . . . . . . . . . . . . . . . . . . . . . . . . . . . . . . . . . . . . . . . . . . . . . . . . . . . . . . . . . . . . . . . . . . . . . . . . .,num
.. . . . . . . . . . . . . . . . - - - первоначальное сообщение - - - - . - . . . . . . . . . . . . . . . . . . . . . . . . . . . . . . . . . . . . . . . . . . . . . . . . . . . . . . . . . . . . . . . . . . . . . . . . . . . . . . . . . . . . . . . . . . . . . . . . . . . . . . . . . . . . . . . . . . . . . . . . . . . . . . . . . . . . . . . . . . . . . . . . . . . . . . . . . . . . . . . . . . . . . . . . . . . . . . . . . . . . . . . . . . . . . . . . . . . . . . . . . . . . . . . . . . . . . . . . . . . . . . . . . . . . . . .,0,.. . . . . . . . . . . . . . . . - - - первоначальное сообщение - - - - . - . . . . . . . . . . . . . . . . . . . . . . . . . . . . . . . . . . . . . . . . . . . . . . . . . . . . . . . . . . . . . . . . . . . . . . . . . . . . . . . . . . . . . . . . . . . . . . . . . . . . . . . . . . . . . . . . . . . . . . . . . . . . . . . . . . . . . . . . . . . . . . . . . . . . . . . . . . . . . . . . . . . . . . . . . . . . . . . . . . . . . . . . . . . . . . . . . . . . . . . . . . . . . . . . . . . . . . . . . . . . . . . . . . . . . . .,первоначальное сообщение
/ / 81 . . . . . . . . . . . . . . . . . . . . . . . . . . . . . . . . . . . . . . . . . . . . . . . . . . . . . . . . . . . . . . . . . . . . . . . . . . . . . . . . . . . . . . . . . . . . . . . . . . . . . . . . . . . . . . . . . . . . . . . . . . . . . . . . . . . . . . . . . . . . . . . . . . . . . . . . . . . . . . . . . . . . . . . . . . . . . . . . . . . . . . . . . . . . . . . . . . . . . . . . . . . . . . . . . . . . . . . . . . . . . . . . . . . . . . . . . . . . . . . . . . . . . . . . . . . .,1,/ / 81 . . . . . . . . . . . . . . . . . . . . . . . . . . . . . . . . . . . . . . . . . . . . . . . . . . . . . . . . . . . . . . . . . . . . . . . . . . . . . . . . . . . . . . . . . . . . . . . . . . . . . . . . . . . . . . . . . . . . . . . . . . . . . . . . . . . . . . . . . . . . . . . . . . . . . . . . . . . . . . . . . . . . . . . . . . . . . . . . . . . . . . . . . . . . . . . . . . . . . . . . . . . . . . . . . . . . . . . . . . . . . . . . . . . . . . . . . . . . . . . . . . . . . . . . . . . .,num
. . . . . . . . . . . . . . . . . . . . . . . . . . . . . . . . . . . . . . . . . . . . . . . . . . . . . . . . . . . . . . . . . . . . . . . . . . . . . . . . . . . . . . . . . . . . . . . . . . . . . . . . . . . . . . . . . . . . . . . . . . . . . 6 . . . . . . . . . . . . . . . . . . . . . . . . . . . . . . . . . . . . . . . . . . . . . . . . . . . . . . . . . . . . . . . . . . . . . . . . . . . . . . . . . . . . . . . . . . . . . . . . . . . . . . . . . . . . . . . . . . . . . . . . . . . . . . . . .,1,. . . . . . . . . . . . . . . . . . . . . . . . . . . . . . . . . . . . . . . . . . . . . . . . . . . . . . . . . . . . . . . . . . . . . . . . . . . . . . . . . . . . . . . . . . . . . . . . . . . . . . . . . . . . . . . . . . . . . . . . . . . . . 6 . . . . . . . . . . . . . . . . . . . . . . . . . . . . . . . . . . . . . . . . . . . . . . . . . . . . . . . . . . . . . . . . . . . . . . . . . . . . . . . . . . . . . . . . . . . . . . . . . . . . . . . . . . . . . . . . . . . . . . . . . . . . . . . . .,num
.. .. . ..проникнуть .. . . . . . . . . . . . . . . . . . . . . . . . . . . . . . . . . . . . . . . . . . . . . . . . . . . . . . . . . . . . . . . . . . . . . . . . . . . . . . . . . . . . . . . . . . . . . . . . . . . . . . . . . . . . . . . . . . . . . . . . . . . . . . . . . . . . . . . . . . . . . . . . . . . . . . . . . . . . . . . . . . . . . . . . . . . . . . . . . . . . . . . . . . . . . . .,0,.. .. . ..проникнуть .. . . . . . . . . . . . . . . . . . . . . . . . . . . . . . . . . . . . . . . . . . . . . . . . . . . . . . . . . . . . . . . . . . . . . . . . . . . . . . . . . . . . . . . . . . . . . . . . . . . . . . . . . . . . . . . . . . . . . . . . . . . . . . . . . . . . . . . . . . . . . . . . . . . . . . . . . . . . . . . . . . . . . . . . . . . . . . . . . . . . . . . . . . . . . . .,проникнуть
. . . . . . . . . . . . 750/,0,. . . . . . . . . . . . 750/,num
* 1 . . . . . . . . . . . . . . .,1,* 1 . . . . . . . . . . . . . . .,num
: 00:00 - 1: 00:00: 00:00. . . . . . . . . . . . . . . . . . . . . . . . . . . . . . . . . . . . . . . . . . . . . . . . . . . . . . . . . . . . . . . . . . . . . . . . . . . . . . . . . . . . . . . . . . . . . . . . . . . . . . . . . . . . . . . . . . . . . . . . . . . . . . . . . . . . . . . . .,0,: 00:00 - 1: 00:00: 00:00. . . . . . . . . . . . . . . . . . . . . . . . . . . . . . . . . . . . . . . . . . . . . . . . . . . . . . . . . . . . . . . . . . . . . . . . . . . . . . . . . . . . . . . . . . . . . . . . . . . . . . . . . . . . . . . . . . . . . . . . . . . . . . . . . . . . . . . . .,num num num num num num num
: / 195 . . . . . . . . . . . . . . . . . . . . . . . . . . . . . . . . . . . . . . . . . . . . . . . . . . . . . . . . . . . . . . . . . . . . . . . . . . . . . . . . . . . . . . . . . . .,1,: / 195 . . . . . . . . . . . . . . . . . . . . . . . . . . . . . . . . . . . . . . . . . . . . . . . . . . . . . . . . . . . . . . . . . . . . . . . . . . . . . . . . . . . . . . . . . . .,num
", 11 / 07 / 01 / 1 / / / / / / / / / / / / / / / / / / / / / / / / / / / , / / / / / / / / / , / / / / / / / / . . . . . . .",0,", 11 / 07 / 01 / 1 / / / / / / / / / / / / / / / / / / / / / / / / / / / , / / / / / / / / / , / / / / / / / / . . . . . . .",num num num num
"Номер побега, номер побега, номер побега",0,"номер побега, номер побега, номер побега",номер побега номер побега номер побега
.. .. ..почему .. . . . . . . . . . . . . . . . . . . . . . . . . . . . . . . . . . . . . . . . . . . . . . . . . . . . . . . . . . . . . . . . . . . . . . . . . . . . . . . . . . . . . . . . . . . . . . . . . . . . . . . . . . . . . . . . . . . . . . . . . . . . . . . . . . . . . . . . . . . . . . . . . . . . . . . . . . . . . . . . . . . . . . . . . . . . . . . . . . . . .,0,.. .. ..почему .. . . . . . . . . . . . . . . . . . . . . . . . . . . . . . . . . . . . . . . . . . . . . . . . . . . . . . . . . . . . . . . . . . . . . . . . . . . . . . . . . . . . . . . . . . . . . . . . . . . . . . . . . . . . . . . . . . . . . . . . . . . . . . . . . . . . . . . . . . . . . . . . . . . . . . . . . . . . . . . . . . . . . . . . . . . . . . . . . . . . .,почему
.. .. . ..проникнуть из отдела побега .. .. . . . . . . . . . . . . . . . . . . . . . . . . . . . . . . . . . . . . . . . . . . . . . . . . . . . . . . . . . . . . . . . . . . . . . . . . . . . . . . . . . . . . . . . . . . . . . . . . . . . . . . . . . . . . . . . . . . . . . . . . . . . . . . . . . . . . . . . . . . . . . . . . . . . . . . . . . . . . . . . . . . . . . . . . . . .,1,.. .. . ..проникнуть из отдела побега .. .. . . . . . . . . . . . . . . . . . . . . . . . . . . . . . . . . . . . . . . . . . . . . . . . . . . . . . . . . . . . . . . . . . . . . . . . . . . . . . . . . . . . . . . . . . . . . . . . . . . . . . . . . . . . . . . . . . . . . . . . . . . . . . . . . . . . . . . . . . . . . . . . . . . . . . . . . . . . . . . . . . . . . . . . . . . .,проникнуть из отдела побега
.. .. ..последствием .. ..последствием .. ..последствием .. ..последствием .. . . .. . .,0,.. .. ..последствием .. ..последствием .. ..последствием .. ..последствием .. . . .. . .,последствием последствием последствием последствием
".. . .. . .. .. .. .. .. .. . .. .. . . .. .. .. . .. .. .. .. .. .. .. .. .. .. .. .. .. .. .. ... ... .. .. .. .. ... .. ... ... .. ... ... .. ... .. ... ... ... .. ... ... .. .. .... ... ... ... .... ... ... ........ ....... .. ..............................................................................................................................и ...и ...и ...и ...и ...и ...и ...и ...и ...и ...и ...и ...и ...и ...и ...и...и ...и""и""и""и""""""""""""""""""""""""""""""""""""""""""""""""""""""""""""""""""""""""""""""""""""""""""""""""""""""""""""""""""""""""""""""""""""""""""""""""""""""""""""""""""""""""""""""""""""""""""""""""""""""""""""""""""""""""""""""",1,".. . .. . .. .. .. .. .. .. . .. .. . . .. .. .. . .. .. .. .. .. .. .. .. .. .. .. .. .. .. .. ... ... .. .. .. .. ... .. ... ... .. ... ... .. ... .. ... ... ... .. ... ... .. .. .... ... ... ... .... ... ... ........ ....... .. ..............................................................................................................................и ...и ...и ...и ...и ...и ...и ...и ...и ...и ...и ...и ...и ...и ...и ...и...и ...и""и""и""и""""""""""""""""""""""""""""""""""""""""""""""""""""""""""""""""""""""""""""""""""""""""""""""""""""""""""""""""""""""""""""""""""""""""""""""""""""""""""""""""""""""""""""""""""""""""""""""""""""""""""""""""""""""""""""""",и и и и и и и и и и и и и и и и и и и и и
~ ~ ~ à à à à à à à à à à à à à à à à à à à à à à à à à à à à à à à à à à à à à à à à à à à à à à à à à à à à à à à à à à à à à à ä à à à à à ä à à à à à ä à à à à à à à à à à à à à à à à à à à à à à à à à à à à à à ä à à à à à à ä à à à à à à à à à à à à à à à u à à à à à à à à à à à à à à à à à à à à,1,~ ~ ~ à à à à à à à à à à à à à à à à à à à à à à à à à à à à à à à à à à à à à à à à à à à à à à à à à à à à à à à à à à à à à à ä à à à à à ä à à à à à ä à à à à à à à à à à à à à à à à à à à à à à à à à à à à à à ä à à à à à à ä à à à à à à à à à à à à à à à u à à à à à à à à à à à à à à à à à à à à,u
.. .. .. ..проникнуть из побега .. . . . . . . . . . . . . . . . . . . . . . . . . . . . . . . . . . . . . . . . . . . . . . . . . . . . . . . . . . . . . . . . . . . . . . . . . . . . . . . . . . . . . . . . . . . . . . . . . . . . . . . . . . . . . . . . . . . . . . . . . . . . . . . . . . . . . . . . . . . . . . . . . . . . . . . . . . . . . . . . . . . . . . .,0,.. .. .. ..проникнуть из побега .. . . . . . . . . . . . . . . . . . . . . . . . . . . . . . . . . . . . . . . . . . . . . . . . . . . . . . . . . . . . . . . . . . . . . . . . . . . . . . . . . . . . . . . . . . . . . . . . . . . . . . . . . . . . . . . . . . . . . . . . . . . . . . . . . . . . . . . . . . . . . . . . . . . . . . . . . . . . . . . . . . . . . . .,проникнуть из побега
~ ~ à à à à à à à à à à à à à à à à à à à à à à à à à à à à à à à à à à à à à à à à à à à à à à à à à à à à à à à à à à à à à à à à à à à à à à à à à à à à à à à à à à à à à à à à à à à à à à à à à à à à à à à à à à à à à à à à à à à à à à à à à à à à à à à à à à à à d à à à à à à à à à à à à à à à à à à à à à à à à à à à à à à à à à à à à à à à à à à à à à à à à à à à à à à à à à à à à à à à à à à à à à à à à à à à à à à à à à à à à à à à à à à à à à à à à à à à à à à à à à à à à à à,1,~ ~ à à à à à à à à à à à à à à à à à à à à à à à à à à à à à à à à à à à à à à à à à à à à à à à à à à à à à à à à à à à à à à à à à à à à à à à à à à à à à à à à à à à à à à à à à à à à à à à à à à à à à à à à à à à à à à à à à à à à à à à à à à à à à à à à à à à à d à à à à à à à à à à à à à à à à à à à à à à à à à à à à à à à à à à à à à à à à à à à à à à à à à à à à à à à à à à à à à à à à à à à à à à à à à à à à à à à à à à à à à à à à à à à à à à à à à à à à à à à à à à à à à à,d
.. ..проникнуть.. .. ..проникнуть.. .. . . . . . . . .,1,.. ..проникнуть.. .. ..проникнуть.. .. . . . . . . . .,проникнуть проникнуть
~ 3 ~ 3 ~ 3 ~ 3 ~ ~ 4 ~ 4 ~ à à à à à à à à à à 3 à à à à à à à à à à à à à à à à à à à à à à à à à à à à à à à à à à à à à à à à à à à à à à à à à à à à à à à à à à à à à à à à à à à à à à à à à à à à à à à à à à à à à à à à à à à à à à à à à à à à à à à à à à à à à à à à à à à à à à à à à à à à à à à à à à à à à à à à à à à à à à à à à à à à à à à à à à à à à à à à à à à à à à à à à à à à à à à à à à à à à à à à à à à à à à à à à à à à à à à à à à à à à à à à à à à à à à à à à à à à à,1,~ 3 ~ 3 ~ 3 ~ 3 ~ ~ 4 ~ 4 ~ à à à à à à à à à à 3 à à à à à à à à à à à à à à à à à à à à à à à à à à à à à à à à à à à à à à à à à à à à à à à à à à à à à à à à à à à à à à à à à à à à à à à à à à à à à à à à à à à à à à à à à à à à à à à à à à à à à à à à à à à à à à à à à à à à à à à à à à à à à à à à à à à à à à à à à à à à à à à à à à à à à à à à à à à à à à à à à à à à à à à à à à à à à à à à à à à à à à à à à à à à à à à à à à à à à à à à à à à à à à à à à à à à à à à à à à à à à,num num num num num num num
.. .. .. ..чтобы убежать.. ..чтобы убежать..,0,.. .. .. ..чтобы убежать.. ..чтобы убежать..,чтобы убежать чтобы убежать
.. .. ..почему . . . . . . . . . . . . . . . . . . . . . . . . . . . . . . . . . . . . . . . . . . . . . . . . . . . . . . . . . . . . . . . . . . . . . . . . . . . . . . . . . . . . . . . . . . . . . . . . . . . . . . . . . . . . . . . . . . . . . . . . . . . . . . . . . . . . . . . . . . . . . . . . . . . . . . . . . . . . . . . . . . . . . . . . . . . . . . . . . . . . . . . . . . . . . . . . . . . . . . . . . . . . . . . . . . . . . . . . . . . . . . . . . . . . . . . . . . . . . . . . . . . . . . . . .,0,.. .. ..почему . . . . . . . . . . . . . . . . . . . . . . . . . . . . . . . . . . . . . . . . . . . . . . . . . . . . . . . . . . . . . . . . . . . . . . . . . . . . . . . . . . . . . . . . . . . . . . . . . . . . . . . . . . . . . . . . . . . . . . . . . . . . . . . . . . . . . . . . . . . . . . . . . . . . . . . . . . . . . . . . . . . . . . . . . . . . . . . . . . . . . . . . . . . . . . . . . . . . . . . . . . . . . . . . . . . . . . . . . . . . . . . . . . . . . . . . . . . . . . . . . . . . . . . . .,почему
~ ~ à à à à à à à à à à à à à à à à à à à à à à à à à à à à à à à à à à à à à à à à à à à à à à à à à à à à à à à à à à à à à à à à à à à à à à à à à à à à à à à à à à à à à à à à à à à à à à à à à à à à à à à à à à à à à à à à à à à à à à à à à à à à à à à à à à à à à à à à à à à à à à à à à à à à à à à à à à à à à à à à à à à à à à à à à à à à à à à à à à à à à à à à à à à à à à à à à à d à à à à à à à à à à à à à à à à à à à à à à,1,~ ~ à à à à à à à à à à à à à à à à à à à à à à à à à à à à à à à à à à à à à à à à à à à à à à à à à à à à à à à à à à à à à à à à à à à à à à à à à à à à à à à à à à à à à à à à à à à à à à à à à à à à à à à à à à à à à à à à à à à à à à à à à à à à à à à à à à à à à à à à à à à à à à à à à à à à à à à à à à à à à à à à à à à à à à à à à à à à à à à à à à à à à à à à à à à à à à à à à à d à à à à à à à à à à à à à à à à à à à à à à,d
.. ..что .. . . . . . . . . . . . . . . . . . . . . . . . . . . . . . . . . . . . . . . . . . . . . . . . . . . . . . . . . . . . . . . . . . . . . . . . . . . . . . . . . . . . . . . . . . . . . . . . . . . . . . . . . . . . . . . . . . . . . . . . . . . . . . . . . . . . . . . . . . . . . . . . . . . . . . . . . . . . . . . . . . . . . . . . . . . . . . . . . . . . . . . . . . . . . . . . . . . . . . . . . . . . . . . . . . . . . . . . . . . . . . . . . . . . . . . . . . . . . . .. . . . . . . . . . . .,1,.. ..что .. . . . . . . . . . . . . . . . . . . . . . . . . . . . . . . . . . . . . . . . . . . . . . . . . . . . . . . . . . . . . . . . . . . . . . . . . . . . . . . . . . . . . . . . . . . . . . . . . . . . . . . . . . . . . . . . . . . . . . . . . . . . . . . . . . . . . . . . . . . . . . . . . . . . . . . . . . . . . . . . . . . . . . . . . . . . . . . . . . . . . . . . . . . . . . . . . . . . . . . . . . . . . . . . . . . . . . . . . . . . . . . . . . . . . . . . . . . . . . .. . . . . . . . . . . .,что
Ответ: .. . . . . . . . . . . . . . . . . . . . . . . . . . . . . . . . . . . . . . . . . . . . . . . . . . . . . . . . . . . . . . . . . . . . . . . . . . . . . . . . . . . . . . . . . . . . . . . . . . . . . . . . . . . . . . . . . . .,1,ответ: .. . . . . . . . . . . . . . . . . . . . . . . . . . . . . . . . . . . . . . . . . . . . . . . . . . . . . . . . . . . . . . . . . . . . . . . . . . . . . . . . . . . . . . . . . . . . . . . . . . . . . . . . . . . . . . . . . . .,ответ
.. ..пожалуйста.. ..пожалуйста.. ..пожалуйста.,0,.. ..пожалуйста.. ..пожалуйста.. ..пожалуйста.,пожалуйста пожалуйста пожалуйста
"Число побегов, число побегов, число побегов, число побегов",1,"число побегов, число побегов, число побегов, число побегов",число побегов число побегов число побегов число побегов
.. ..наиболее популярные агенты .. . . . . . . . . . . . . . . . . . . . . . . . . . . . . . . . . . . . . . . . . . . . . . . . . . . . . . . . . . . . . . . . . . . . . . . . . . . . . . . . . . . . . . . . . . . . . . . . . . . . . . . . . . . . . . . . . . . . . . . . . . . . . . . . . . . . . . . . . . . . . . . . . . . . . . . . . . . . . . . . . . . . . . . . . . . . . . . . . . . . . . . . . . . . . . . . . . . . . . . . . . . . . . . .,0,.. ..наиболее популярные агенты .. . . . . . . . . . . . . . . . . . . . . . . . . . . . . . . . . . . . . . . . . . . . . . . . . . . . . . . . . . . . . . . . . . . . . . . . . . . . . . . . . . . . . . . . . . . . . . . . . . . . . . . . . . . . . . . . . . . . . . . . . . . . . . . . . . . . . . . . . . . . . . . . . . . . . . . . . . . . . . . . . . . . . . . . . . . . . . . . . . . . . . . . . . . . . . . . . . . . . . . . . . . . . . . .,наиболее популярные агенты
.. ..что . . . . . . . . . . . . . . . . . . . . . . . . . . . . . . . . . . . . . . . . . . . . . . . . . . . . . . . . . . . . . . . . . . . . . . . . . . . . . . . . . . . . . . . . . . . . . . . . . . . . . . . . . . . . . . . . . . . . . . . . . . . . . . . . . . . . . . . . . . . . . . . . . . . . . . . . . . . . . . . . . . . . . . . . . . . . . . . . . . . . . . . . . . . . . . . . . . . . . . . . . . . . . . . . . . . . . . . . .,0,.. ..что . . . . . . . . . . . . . . . . . . . . . . . . . . . . . . . . . . . . . . . . . . . . . . . . . . . . . . . . . . . . . . . . . . . . . . . . . . . . . . . . . . . . . . . . . . . . . . . . . . . . . . . . . . . . . . . . . . . . . . . . . . . . . . . . . . . . . . . . . . . . . . . . . . . . . . . . . . . . . . . . . . . . . . . . . . . . . . . . . . . . . . . . . . . . . . . . . . . . . . . . . . . . . . . . . . . . . . . . .,что
"""Спасибо!"" ""Спасибо!"" ""Спасибо!""",0,"""спасибо!"" ""спасибо!"" ""спасибо!""",спасибо спасибо спасибо
".. .. . ..так, .. . . . . . . . . . . . . . . . . . . . . . . . . . . . . . . . . . . . . . . . . . . . . . . . . . . . . . . . . . . . . . . . . . . . . . . . . . . . . . . . . . . . . . . . . . . . . . . . . . . . . . . . . . . . . . . . . . . . . . . . . . . . . . . . . . . . . . . . . . . . . . . . . . . . . . . . . . . . . . . . . . . . . . . . . . . . . . . . . . . . . . . . . . . . . . . . . . . . . . . . . . . . . . . . . . . . . . . . . . . . . . . . . . . . . . . . . . . . . . . . . . . . . . . .",1,".. .. . ..так, .. . . . . . . . . . . . . . . . . . . . . . . . . . . . . . . . . . . . . . . . . . . . . . . . . . . . . . . . . . . . . . . . . . . . . . . . . . . . . . . . . . . . . . . . . . . . . . . . . . . . . . . . . . . . . . . . . . . . . . . . . . . . . . . . . . . . . . . . . . . . . . . . . . . . . . . . . . . . . . . . . . . . . . . . . . . . . . . . . . . . . . . . . . . . . . . . . . . . . . . . . . . . . . . . . . . . . . . . . . . . . . . . . . . . . . . . . . . . . . . . . . . . . . . .",так
.. ..номер побега .. . . . . . . . . . . . . . . . . . . . . . . . . . . . . . . . . . . . . . . . . . . . . . . . . . .,0,.. ..номер побега .. . . . . . . . . . . . . . . . . . . . . . . . . . . . . . . . . . . . . . . . . . . . . . . . . . .,номер побега
.. ..что .. .. ..что .. . . . . . . . . . . . . . . . . . . . . . . . . . . . . . . . . . . . . . . . . . . . . . . . . . . . . . . . . . . . . . . . . . . . . . . . . . . . . . . . . . . . . . . . . . . . . . . . . . . . . . . . . . . . . . . . . . . . . . . . . . . . . . . . . . . . . . . . . . . . . . . . . . . . . . . . . . . . . . . . . . . . . . . . . . . . . . . . . . . . . . . . . . . . . . . . . . . . . . . . . . . . . . . . . . . . . . . . . . . . . . . . . . . . . . . . . . . . . . . . . . . . . .,0,.. ..что .. .. ..что .. . . . . . . . . . . . . . . . . . . . . . . . . . . . . . . . . . . . . . . . . . . . . . . . . . . . . . . . . . . . . . . . . . . . . . . . . . . . . . . . . . . . . . . . . . . . . . . . . . . . . . . . . . . . . . . . . . . . . . . . . . . . . . . . . . . . . . . . . . . . . . . . . . . . . . . . . . . . . . . . . . . . . . . . . . . . . . . . . . . . . . . . . . . . . . . . . . . . . . . . . . . . . . . . . . . . . . . . . . . . . . . . . . . . . . . . . . . . . . . . . . . . . .,что что
.. .. . . .. .. .. .. .. .. . .. .. .. .. .. .. .. .. . .. .. .. .. .. .. .. .. .. .. .. ... ... ... ... ... ... ... ... ... ... ... ... ... .. ... .. ... .... ... ... ... ... ... ... ... ... .... ... .... .... ......... ...... ........ .................... ...................................................................................................-и--------и---------------------------------------------------------------------------------------------------------------------------------------------,0,.. .. . . .. .. .. .. .. .. . .. .. .. .. .. .. .. .. . .. .. .. .. .. .. .. .. .. .. .. ... ... ... ... ... ... ... ... ... ... ... ... ... .. ... .. ... .... ... ... ... ... ... ... ... ... .... ... .... .... ......... ...... ........ .................... ...................................................................................................-и--------и---------------------------------------------------------------------------------------------------------------------------------------------,и и
*Что ты делаешь? *,1,*что ты делаешь? *,что ты делаешь
~ 1 ~ 1 ~ 4 ~ ~ ~ ~ ~ à à à à à à à à à à à à à à à à à à à à à à à à à à à à à à à à à à à à à à à à à à à à à à à à à à à à à à à à à à à à à à à à à à à à à à à à à à à à à à à à à à à à à à à à à à à à à à à à à à à à à à à à à à à à à à à à à à à à à à à à à à à à à à à à à à à à à à à à à à à à à à à à à à à à à à à à à à à à à à à à à à à à à à à à à à à à à à à à à à à à à à à à à à à à à à à à à à à à à à à à à à à à à à à à à à à à à à à à à à à à à à à à à à à à à à à à à à à à à à à à à à à à à,1,~ 1 ~ 1 ~ 4 ~ ~ ~ ~ ~ à à à à à à à à à à à à à à à à à à à à à à à à à à à à à à à à à à à à à à à à à à à à à à à à à à à à à à à à à à à à à à à à à à à à à à à à à à à à à à à à à à à à à à à à à à à à à à à à à à à à à à à à à à à à à à à à à à à à à à à à à à à à à à à à à à à à à à à à à à à à à à à à à à à à à à à à à à à à à à à à à à à à à à à à à à à à à à à à à à à à à à à à à à à à à à à à à à à à à à à à à à à à à à à à à à à à à à à à à à à à à à à à à à à à à à à à à à à à à à à à à à à à à,num num num
.. ..Однажды.. . . . . . . . . . . . . . . . ..,0,.. ..однажды.. . . . . . . . . . . . . . . . ..,однажды
.. ..пожалуйста.,1,.. ..пожалуйста.,пожалуйста
.. .. . . . . . . . . . . . . . . . . . . . . . . . . . . . . . . . . . . . . . . . . . . . . . . . . . . . . . . . . . . . . . . . . . . . . . . . . . . . . . . . . . . . . . . . . . . . . . . . . . . . . . . . . . . . . . . . . . . . . . . . . . . . . . . . . . . . . . . . . . . . . . . . . . . . . . . . . . . . . . . . . . . . . . . . . . . . . . . . . . . . . . . . . . . . . . . . . . . . . . . . . . . . . . . . . . . . . . . . . . . . . . . . . d d d d d d d d . . . . . . . . . . . d d d d d d d d d,0,.. .. . . . . . . . . . . . . . . . . . . . . . . . . . . . . . . . . . . . . . . . . . . . . . . . . . . . . . . . . . . . . . . . . . . . . . . . . . . . . . . . . . . . . . . . . . . . . . . . . . . . . . . . . . . . . . . . . . . . . . . . . . . . . . . . . . . . . . . . . . . . . . . . . . . . . . . . . . . . . . . . . . . . . . . . . . . . . . . . . . . . . . . . . . . . . . . . . . . . . . . . . . . . . . . . . . . . . . . . . . . . . . . . . d d d d d d d d . . . . . . . . . . . d d d d d d d d d,d d d d d d d d d d d d d d d d d
~ ~3 ~ ~ à à à à à à à à à à à à à à à à à à à à à à à à à à à à à à à à à à à à à à à à à à à à à à à à à à à à à à à à à à à à à à à à à à à à à à à à à à à à à à à à à à à à à à à à à à à à à à à à à à à à à à à à à à à à à à à à à à à à à à à à à à à à à à à à à à à à à à à à à à à à à à à à à à à à à à à à à à à à à à à à à à à à à à à à à à à à à à à à à à à à à à à à à à à à à à à à à à à à à à à à à à à à à à à à à à à à à à à à à à à à à à à à à à à à à à à à à à à à à à à à à à,1,~ ~3 ~ ~ à à à à à à à à à à à à à à à à à à à à à à à à à à à à à à à à à à à à à à à à à à à à à à à à à à à à à à à à à à à à à à à à à à à à à à à à à à à à à à à à à à à à à à à à à à à à à à à à à à à à à à à à à à à à à à à à à à à à à à à à à à à à à à à à à à à à à à à à à à à à à à à à à à à à à à à à à à à à à à à à à à à à à à à à à à à à à à à à à à à à à à à à à à à à à à à à à à à à à à à à à à à à à à à à à à à à à à à à à à à à à à à à à à à à à à à à à à à à à à à à à à,num
~ 3 ~ 4 à à à à à à à à à à à à à à à à à à à à à à à à à à à à à à à à à à à à à à à à à à à à à à à à à à à à à à à à à à à à à à à à à à à à à à à à à à à à à à à à à à à à à à à à à à à à à à à à à à à à à à à à à à à à à à à à à à à à à à à à à à à à à à à à à à à à à à à à à à à à à à à à à à à à à à à à à à à à à à à à à à à à à à à à à à à à à à à à à à à à à à à à à à à à à à à à à à à à à à à à à à à à à à à à à à à à à à à à à à,1,~ 3 ~ 4 à à à à à à à à à à à à à à à à à à à à à à à à à à à à à à à à à à à à à à à à à à à à à à à à à à à à à à à à à à à à à à à à à à à à à à à à à à à à à à à à à à à à à à à à à à à à à à à à à à à à à à à à à à à à à à à à à à à à à à à à à à à à à à à à à à à à à à à à à à à à à à à à à à à à à à à à à à à à à à à à à à à à à à à à à à à à à à à à à à à à à à à à à à à à à à à à à à à à à à à à à à à à à à à à à à à à à à à à à à,num num
~ ~ 3 ~ ~ à à à à à à à à à à à à à à à à à à à à à à à à à à à à à à à à à à à à à à à à à à à à à à à à à à à à à à à à à à à à à à à à à à à à à à à à à à à à à à à à à à à à à à à à à à à à à à à à à à à à à à à à à à à à à à à à à à à à à à à à à à à à à à à à à à à à à à à à à à à à à à à à à à à à à à à à à à à à à à à à à à à à à à à à à à à à à à à à à à à à à à à à à à à à à à à à à à à à à à à,1,~ ~ 3 ~ ~ à à à à à à à à à à à à à à à à à à à à à à à à à à à à à à à à à à à à à à à à à à à à à à à à à à à à à à à à à à à à à à à à à à à à à à à à à à à à à à à à à à à à à à à à à à à à à à à à à à à à à à à à à à à à à à à à à à à à à à à à à à à à à à à à à à à à à à à à à à à à à à à à à à à à à à à à à à à à à à à à à à à à à à à à à à à à à à à à à à à à à à à à à à à à à à à à à à à à à à à,num
.. . . . . . . . . . . . . . . . . . . . . . . . . . . . . . . . . . . . . . . . . . . . . . . . . . . . . . . . . . . . . . . . . . . . . . . . . . . . . . . . . . . . . . . . . . . . . . . . . . . . . . . . . . . . . . . . . . . . . . . . . . . . . . . . . . . . . . . . . . . . . . . . . . . . . . . . . . . . . . . . . . . . . . . . . . . . . . . . . . . . . . . . . . . . . . . . . . . . . . . . . . . . . . . . . . . . . . . . . . . d d d d d d d d d d d d d d d d d d d d d d d d d d d d d d d d d,1,.. . . . . . . . . . . . . . . . . . . . . . . . . . . . . . . . . . . . . . . . . . . . . . . . . . . . . . . . . . . . . . . . . . . . . . . . . . . . . . . . . . . . . . . . . . . . . . . . . . . . . . . . . . . . . . . . . . . . . . . . . . . . . . . . . . . . . . . . . . . . . . . . . . . . . . . . . . . . . . . . . . . . . . . . . . . . . . . . . . . . . . . . . . . . . . . . . . . . . . . . . . . . . . . . . . . . . . . . . . . d d d d d d d d d d d d d d d d d d d d d d d d d d d d d d d d d,d d d d d d d d d d d d d d d d d d d d d d d d d d d d d d d d d
.. .. ..почему .. . . . . . . . . . . . . . . . . . . . . . . . . . . . . . . . . . . . . . . . . . . . . . . . . . . . . . . . . . . . . . . . . . . . . . . . . . . . . . . . . . . . . . . . . . . . . . . . . . . . . . . . . . . . . . . . . . . . . . . . . . . . . . . . . . . . . . . . . . . . . . . . . . . . . . . . . . . . . . . . . . . . . . . . . . . . . . . . . . . . . . . . . . . . . . . . . . . . . . . .,0,.. .. ..почему .. . . . . . . . . . . . . . . . . . . . . . . . . . . . . . . . . . . . . . . . . . . . . . . . . . . . . . . . . . . . . . . . . . . . . . . . . . . . . . . . . . . . . . . . . . . . . . . . . . . . . . . . . . . . . . . . . . . . . . . . . . . . . . . . . . . . . . . . . . . . . . . . . . . . . . . . . . . . . . . . . . . . . . . . . . . . . . . . . . . . . . . . . . . . . . . . . . . . . . . .,почему
~ 2 ~ 3 ~ 3 ~ 4 ~ 1 ~ 4 à à à à à à à à à à à à à à à à à à à à à à à à à à à à à à à à à à à à à à à à à à à à à à à à à à à à à à à à à à à à à à à à à à à à à à à à à à à à à à à à à à à à à à à à à à à à à à à à à à à à à à à à à à à à à à à à à à à à à à à à à à à à à à à à à à ~ à à à à à à à à à à à à à à à à à à à à à à à à à à à à à à à à à à à à à à à à à à à à à à à à à à à à à à à à à à à à à à à à à à à à à à à à à à à à à à à à à à à à à à à à à à à à à à à à à à à à à à à à à à,1,~ 2 ~ 3 ~ 3 ~ 4 ~ 1 ~ 4 à à à à à à à à à à à à à à à à à à à à à à à à à à à à à à à à à à à à à à à à à à à à à à à à à à à à à à à à à à à à à à à à à à à à à à à à à à à à à à à à à à à à à à à à à à à à à à à à à à à à à à à à à à à à à à à à à à à à à à à à à à à à à à à à à à ~ à à à à à à à à à à à à à à à à à à à à à à à à à à à à à à à à à à à à à à à à à à à à à à à à à à à à à à à à à à à à à à à à à à à à à à à à à à à à à à à à à à à à à à à à à à à à à à à à à à à à à à à à à à,num num num num num num
~ à à à à à à à à à à à à à à à à à à à à à à à à à à à à à à à à à à à à à à à à à à à à à à à à à à à à à à à à à à à à à à à à à à à à à à à à à à à à à à à à à à à à à à à à à à à à à à à à à à à à à à à à à à à à à à à à à à à à à à à à à à à à à à d à à à à à à à à à à à à à à à à à à à à à à à à à à à à à à à à à à à à à à à à à à à à à à à à à à à à à à à à à à à à à à à à à à à à à à à à à à à à à à à à à à à à à à à à à à à à à à à à à à à à à à à à à à à,1,~ à à à à à à à à à à à à à à à à à à à à à à à à à à à à à à à à à à à à à à à à à à à à à à à à à à à à à à à à à à à à à à à à à à à à à à à à à à à à à à à à à à à à à à à à à à à à à à à à à à à à à à à à à à à à à à à à à à à à à à à à à à à à à à d à à à à à à à à à à à à à à à à à à à à à à à à à à à à à à à à à à à à à à à à à à à à à à à à à à à à à à à à à à à à à à à à à à à à à à à à à à à à à à à à à à à à à à à à à à à à à à à à à à à à à à à à à à à,d
b),1,b),b
"Знаешь, что?",0,"знаешь, что?",знаешь что
à à à 1ääö à à à à à à à à à à à à à à à à à à à à à à à à à à à à à à à à à à à à à à à à à à à à à à à à à à à à à à à à à à à à à à à à à à à à à à à ä à à à à à à à à à à à à à à à à à à à à à à à à à à à à à à à à à à à à à à à à,1,à à à 1ääö à à à à à à à à à à à à à à à à à à à à à à à à à à à à à à à à à à à à à à à à à à à à à à à à à à à à à à à à à à à à à à à à à à à à à à à ä à à à à à à à à à à à à à à à à à à à à à à à à à à à à à à à à à à à à à à à à,num
.. .. . . .. . . . . . . . . . . . . . . . . . . . . . . . . . . . . . . . . . . . . . . . . . . . . . . . . . . . . . . . . . . . . . . . . . . . . . . . . . . . . . . . . . . . . . . . . . . . . . . . . . . . . . . . . . . . . . . . . . . . . . . . . . . . . . . . . . . . . . . . . . . . . . . . . . . . . . . . . . . . . . . . . . . . . . . . . . . . . . . . . . . . . . . . . . . . . . . . . . . . . . . . . . . . . . . . . . . . . . . . . . . . ♪ что ♪ ♪ ♪ ♪ ♪ ♪ ♪ что ♪ ♪ ♪ ♪ ♪ ♪ ♪ ♪ ♪ ♪ ♪ ♪ ♪ ♪ ♪ ♪ ♪ ♪ ♪ ♪,0,.. .. . . .. . . . . . . . . . . . . . . . . . . . . . . . . . . . . . . . . . . . . . . . . . . . . . . . . . . . . . . . . . . . . . . . . . . . . . . . . . . . . . . . . . . . . . . . . . . . . . . . . . . . . . . . . . . . . . . . . . . . . . . . . . . . . . . . . . . . . . . . . . . . . . . . . . . . . . . . . . . . . . . . . . . . . . . . . . . . . . . . . . . . . . . . . . . . . . . . . . . . . . . . . . . . . . . . . . . . . . . . . . . . ♪ что ♪ ♪ ♪ ♪ ♪ ♪ ♪ что ♪ ♪ ♪ ♪ ♪ ♪ ♪ ♪ ♪ ♪ ♪ ♪ ♪ ♪ ♪ ♪ ♪ ♪ ♪ ♪,что что
..пожалуйста.. ..пожалуйста..,0,..пожалуйста.. ..пожалуйста..,пожалуйста пожалуйста
~ 3 ~ 3 ~ 3 ~ 3 ~ 3 · 3 à à à à à à à à à à à à à à à à à à à à à à à à à à à à à à à à à à à à à à à à à à à à à à à à à à à à à à à à à à à à à à à à à à à à à à à à à à à à à à à à à à à à à à à à à à à à à à à à à à à à à à à à à à à à à à à à à à à à à à à à à à à à à à à à à à à à à à à à à à à à à à à à à à à à ~ à à à à à à à à à à à à à à à à à à à à à à à à à à à à à à à à à à à à à à à à à à à à à à à à à à à à à à à à à à à à à à à à à à à à à à à à à à à à à à à à à à à à à à à à à à à à à à à à,1,~ 3 ~ 3 ~ 3 ~ 3 ~ 3 · 3 à à à à à à à à à à à à à à à à à à à à à à à à à à à à à à à à à à à à à à à à à à à à à à à à à à à à à à à à à à à à à à à à à à à à à à à à à à à à à à à à à à à à à à à à à à à à à à à à à à à à à à à à à à à à à à à à à à à à à à à à à à à à à à à à à à à à à à à à à à à à à à à à à à à à ~ à à à à à à à à à à à à à à à à à à à à à à à à à à à à à à à à à à à à à à à à à à à à à à à à à à à à à à à à à à à à à à à à à à à à à à à à à à à à à à à à à à à à à à à à à à à à à à à à,num num num num num num
~ à à à à à à à à à à à à à à à à à à à à à à à à à à à à à à à à à à à à à à à à à à à à à à à à à à à à à à à à à à à à à à à à à à à à à à à à à à à à à à à à à à à à à à à à à à à à à à à à à à à à à à à à à à à à à à à à à à à à dé à à à à à à à à à à à à à à à à à à à à à à à à à à à à à à à à à à à à à à à à à à à à à à à à à à à à à à à à à à à à à à à à à à à à à à à à à à à à à à à à à à à à à à à à à à à à à à à à à à,1,~ à à à à à à à à à à à à à à à à à à à à à à à à à à à à à à à à à à à à à à à à à à à à à à à à à à à à à à à à à à à à à à à à à à à à à à à à à à à à à à à à à à à à à à à à à à à à à à à à à à à à à à à à à à à à à à à à à à à à dé à à à à à à à à à à à à à à à à à à à à à à à à à à à à à à à à à à à à à à à à à à à à à à à à à à à à à à à à à à à à à à à à à à à à à à à à à à à à à à à à à à à à à à à à à à à à à à à à à à,d
.. .. .. ..проникнуть . . . . . . . . . . . . . . . . . . . . . . . . . . . . . . . . . . . . . . . . . . . . . . . . . . . . . . . . . . . . . . . . . . . . . . . . . . . . . . . . . . . . . . . . . . . . . . . . . . . . . . . . . . . . . . . . . . . . . . . . . . . . . . . . . . . . . . . . . . . . . . . . . . . . . . . . . . . . . . . . . . . . . . . . . . . . . . . . . . . . . . . . . . . . . . . . . . . . . . . . . . . . . . . . . .,0,.. .. .. ..проникнуть . . . . . . . . . . . . . . . . . . . . . . . . . . . . . . . . . . . . . . . . . . . . . . . . . . . . . . . . . . . . . . . . . . . . . . . . . . . . . . . . . . . . . . . . . . . . . . . . . . . . . . . . . . . . . . . . . . . . . . . . . . . . . . . . . . . . . . . . . . . . . . . . . . . . . . . . . . . . . . . . . . . . . . . . . . . . . . . . . . . . . . . . . . . . . . . . . . . . . . . . . . . . . . . . . .,проникнуть
.. ..номер . . . . . . . . . . . . . . . . . . . . . . . . . . . . . . . . . . . . . . . . . . . . . . . . . . . . . . . . . . . . . . . . . . . . .,1,.. ..номер . . . . . . . . . . . . . . . . . . . . . . . . . . . . . . . . . . . . . . . . . . . . . . . . . . . . . . . . . . . . . . . . . . . . .,номер
.. .. . . .. .. .. .. .. . .. .. .. .. .. .. .. .. .. .. .. .. .. .. .. .. .. .. .. .. .. .. .. ... .. .. .. ... .. ... .. ... ... .. .. .. ... ... .. ... ... ... ... ... ... .. ... ... ... ... ... ... .... ...... .... ...... ... ........ .......... ............... ...........................----и--и----------------------------------------------------------------------------------------------------------------------------------------------------------------------------------------------------------------,1,.. .. . . .. .. .. .. .. . .. .. .. .. .. .. .. .. .. .. .. .. .. .. .. .. .. .. .. .. .. .. .. ... .. .. .. ... .. ... .. ... ... .. .. .. ... ... .. ... ... ... ... ... ... .. ... ... ... ... ... ... .... ...... .... ...... ... ........ .......... ............... ...........................----и--и----------------------------------------------------------------------------------------------------------------------------------------------------------------------------------------------------------------,и и
.. ..чтобы убежать.. ..чтобы убежать..,1,.. ..чтобы убежать.. ..чтобы убежать..,чтобы убежать чтобы убежать
~ ~ ~ ~ ~ ~ ~ ~ à à à à à à à à à à à à à à 2 à à à à à à à à à à à à à à à à à à à à à à à à à à à à à à à à à à à à à à 2 à à à à à à à à à à à à à à à à à à à à à à à à à à à à à à à à à à à à à à à à à à à à à à à à à à à à à à à à à à à à à à à à à à à à à à à à à à à à à à à à à à à à à à à à à à à à à à à à à à à à à à à à à à à à à à à à à à à à à à à à à à à à à à à à à à à à à à à à à à à à à à à à à à à à à à à à à à à à à à à à à à à à à à à à à à à à à à à à à à à à à à à à à à à à à à à à à,1,~ ~ ~ ~ ~ ~ ~ ~ à à à à à à à à à à à à à à 2 à à à à à à à à à à à à à à à à à à à à à à à à à à à à à à à à à à à à à à 2 à à à à à à à à à à à à à à à à à à à à à à à à à à à à à à à à à à à à à à à à à à à à à à à à à à à à à à à à à à à à à à à à à à à à à à à à à à à à à à à à à à à à à à à à à à à à à à à à à à à à à à à à à à à à à à à à à à à à à à à à à à à à à à à à à à à à à à à à à à à à à à à à à à à à à à à à à à à à à à à à à à à à à à à à à à à à à à à à à à à à à à à à à à à à à à à à à,num num
* 3 * * * * * * * * * * * * * * * * * * * * * * * * * * * * * * * * * * * * * * * * * * * * * * * * * * * * * * * * * * * * * * * * * * * * * * * * * * * * * * * * * * * * * * * * * * * * * * * * * * * * * * * * * * * * * * * * * * * * * * * * * * * * * * * * * * * * * * * * * * * * * * * * * * * * * * * * * * * * * * * * * * * * * * * * * * * * * * * * * * * * * * * * * * * * * * * * * * * * * * * * * * * * * * * * * * * * * * * * * * ** * * * * * * * * * * * * * * * * * * * * * * * * * * * * * * * * * * * * * * * * * * * * * * * * * * * * * * * * * * * * * * * * * * * * * * * * * * * * * * * * * * * * * * * * * * * * * * * * * * * * * * * * * * * * * * * * * * * * * * * * * * * * * * * * * * * * * * * * * * * * * * * * * * * * * * * * * * * * * * * * * * * * * * * * * * * * * * * * * * * * * * * * * * * * * * * * * * * * * * * * * * * * * * * * * * * * * * * * * * * * * * * * * * * * * * * * * * * * * * * * * * * * * * * * * * * * * * * * * * * * * * * * * * * * * * * * * * * * * * * * * * * * * * * *,1,* 3 * * * * * * * * * * * * * * * * * * * * * * * * * * * * * * * * * * * * * * * * * * * * * * * * * * * * * * * * * * * * * * * * * * * * * * * * * * * * * * * * * * * * * * * * * * * * * * * * * * * * * * * * * * * * * * * * * * * * * * * * * * * * * * * * * * * * * * * * * * * * * * * * * * * * * * * * * * * * * * * * * * * * * * * * * * * * * * * * * * * * * * * * * * * * * * * * * * * * * * * * * * * * * * * * * * * * * * * * * * ** * * * * * * * * * * * * * * * * * * * * * * * * * * * * * * * * * * * * * * * * * * * * * * * * * * * * * * * * * * * * * * * * * * * * * * * * * * * * * * * * * * * * * * * * * * * * * * * * * * * * * * * * * * * * * * * * * * * * * * * * * * * * * * * * * * * * * * * * * * * * * * * * * * * * * * * * * * * * * * * * * * * * * * * * * * * * * * * * * * * * * * * * * * * * * * * * * * * * * * * * * * * * * * * * * * * * * * * * * * * * * * * * * * * * * * * * * * * * * * * * * * * * * * * * * * * * * * * * * * * * * * * * * * * * * * * * * * * * * * * * * * * * * * * *,num
".. .. .. .. .. .. .. .. .. . .. .. .. .. .. .. .. .. .. .. .. .. .. .. .. .. .. .. .. .. ... ... ... ... ... ... .. ... ... ... ... .. .. .. ... ... ... ... .... ... .. ... ... ... .... ... .... .... .... ... ..... ..... .... .. .......... .............. .................. .......... ..........................--------------------------------------------------------------------------------и---------------------и""""""""""""""""""""""""""""""""""""""""""""""""""""""""""""""""""""""""""""""""""""""""""""""""""""""""""""""""""""""""""""""""""""""""""""""""""""""""""""""""""""""""""""""""""""""""""""""",0,".. .. .. .. .. .. .. .. .. . .. .. .. .. .. .. .. .. .. .. .. .. .. .. .. .. .. .. .. .. ... ... ... ... ... ... .. ... ... ... ... .. .. .. ... ... ... ... .... ... .. ... ... ... .... ... .... .... .... ... ..... ..... .... .. .......... .............. .................. .......... ..........................--------------------------------------------------------------------------------и---------------------и""""""""""""""""""""""""""""""""""""""""""""""""""""""""""""""""""""""""""""""""""""""""""""""""""""""""""""""""""""""""""""""""""""""""""""""""""""""""""""""""""""""""""""""""""""""""""""""",и и
~ ~ ~ ~ ~ ~ ~ ~ ~ à à à à à à à à à à à à à à à à à à à à à à à à à à à à à à à à à à à à à à à à à à à à à à à à à à à à à à à d à à à à à à à à à à à à à à à à à à à à à à à à à à à à à à à à à à à à à à à à à à à à à à à à ♫ ♫ ♫ ♫ ♫ ♫ ♫ ♫ ♫ ♫ ♫ ♫ ♫ ♫ ♫ ♫ ♫ ♫ ♫ ♫ ♫ ♫ ♫ ♫ ♫ ♫ ♫ ♫ ♫ ♫,1,~ ~ ~ ~ ~ ~ ~ ~ ~ à à à à à à à à à à à à à à à à à à à à à à à à à à à à à à à à à à à à à à à à à à à à à à à à à à à à à à à d à à à à à à à à à à à à à à à à à à à à à à à à à à à à à à à à à à à à à à à à à à à à à à à à ♫ ♫ ♫ ♫ ♫ ♫ ♫ ♫ ♫ ♫ ♫ ♫ ♫ ♫ ♫ ♫ ♫ ♫ ♫ ♫ ♫ ♫ ♫ ♫ ♫ ♫ ♫ ♫ ♫ ♫,d
".. .. ..почему, . . . . . . . . . . . . . . . . . . . . . . . . . . . . . . . . . . . . . . . . . . . . . . . . . . . . . . . . . . . . . . . . . . . . . . . . . . . . . . . . . . . . . . . . . . . . . . . . . . . . . . . . . . . . . . . . . . . . . . . . . . . . . . . . . . . . . . . . . . . . . . . . . . . . . . . . . . . . . . . . . . . . . . . . . .",0,".. .. ..почему, . . . . . . . . . . . . . . . . . . . . . . . . . . . . . . . . . . . . . . . . . . . . . . . . . . . . . . . . . . . . . . . . . . . . . . . . . . . . . . . . . . . . . . . . . . . . . . . . . . . . . . . . . . . . . . . . . . . . . . . . . . . . . . . . . . . . . . . . . . . . . . . . . . . . . . . . . . . . . . . . . . . . . . . . . .",почему
~ 3 ~ ~ ~ ~ ~ ~ ~ ~ ~ ~ à à à à à à à à à à à à à à à à à à à à à à à à à à à à à à à à à à à à à à à à à à à à à à à à à à à à à à à à à à à à à à à à à à à à à à à à à à à à à à à à à à à à à à à à à à à à à à à à à à à à à à à à à à à à à à à à à à à à à à à à à à à à à à à à à à à à à à à à à à à à à à à à à à à à à à à à à à à à à à à à à à à à à à à à à à à à à à à à à à à à à à à à à à à à à à à à à à à à à à à à à à à à à à à à à à à à à à à à à à à à à à à à à à à à à à à à à à à à à à à à à à à,1,~ 3 ~ ~ ~ ~ ~ ~ ~ ~ ~ ~ à à à à à à à à à à à à à à à à à à à à à à à à à à à à à à à à à à à à à à à à à à à à à à à à à à à à à à à à à à à à à à à à à à à à à à à à à à à à à à à à à à à à à à à à à à à à à à à à à à à à à à à à à à à à à à à à à à à à à à à à à à à à à à à à à à à à à à à à à à à à à à à à à à à à à à à à à à à à à à à à à à à à à à à à à à à à à à à à à à à à à à à à à à à à à à à à à à à à à à à à à à à à à à à à à à à à à à à à à à à à à à à à à à à à à à à à à à à à à à à à à à à,num
~ ~ à à à à à à à à à à à à à à à à à à à à à à 1 à à à à à à à à à à à à à à à à à à à à à à à à à à à à à à à à à à à à à à à à à à à à à à à à à à à à à à à à à à à à à à à à à à à à à à à à à à à à à à à à à à à à à à à à à à à à à à à à à à à à à à à à à à à à à à à à à à à à à à à à à à à à à à à à à à à à à à à à à à à à à à à à à à à à à à à à,1,~ ~ à à à à à à à à à à à à à à à à à à à à à à 1 à à à à à à à à à à à à à à à à à à à à à à à à à à à à à à à à à à à à à à à à à à à à à à à à à à à à à à à à à à à à à à à à à à à à à à à à à à à à à à à à à à à à à à à à à à à à à à à à à à à à à à à à à à à à à à à à à à à à à à à à à à à à à à à à à à à à à à à à à à à à à à à à à à à à à à à à,num
.. .. ..убежать .. .. ..убежать .. ..убежать .. ..убежать .. ..убежать .. .. ..убежать .. .. .. .. .. .. .. .. .. .. .. .. .. .. .. .. .. .. ... ... ... .. .. .. .. ... ... ... ... ... ... ... .. ... .. ... .... .... .... ... ... .... ......... ... ...,0,.. .. ..убежать .. .. ..убежать .. ..убежать .. ..убежать .. ..убежать .. .. ..убежать .. .. .. .. .. .. .. .. .. .. .. .. .. .. .. .. .. .. ... ... ... .. .. .. .. ... ... ... ... ... ... ... .. ... .. ... .... .... .... ... ... .... ......... ... ...,убежать убежать убежать убежать убежать убежать
à à à à à à à à à à à à à à à à à à à à à à à à à à à à à à à à à à à à à à à à à à à à à à à à à à à à à à à à à à à à à à à à à à à à à à à à à à à à à à à à à à à à à à à à à à à à à à à à à à à à à à à à à à à à à à à à à à à à à à d à à à à à à à à à à à à à à à à à à à à à à à à à à à à à à à à à à à à à à à à à à à à à à à à à à à à à à à à à à à à à à à à à à à à à à à à à à à à à à à à à à à à à à à à à à à à à à à à à à à à à à à à à à à à à à à à à à à à à à à à à à à à à à à à à à à à à à à à,1,à à à à à à à à à à à à à à à à à à à à à à à à à à à à à à à à à à à à à à à à à à à à à à à à à à à à à à à à à à à à à à à à à à à à à à à à à à à à à à à à à à à à à à à à à à à à à à à à à à à à à à à à à à à à à à à à à à à à à à d à à à à à à à à à à à à à à à à à à à à à à à à à à à à à à à à à à à à à à à à à à à à à à à à à à à à à à à à à à à à à à à à à à à à à à à à à à à à à à à à à à à à à à à à à à à à à à à à à à à à à à à à à à à à à à à à à à à à à à à à à à à à à à à à à à à à à à à à,d
~ ~ ~ 3 à à à à à à à à à à à à à à à à à à à à à à à à à à à à à à à à à à à à à à à à à à à à à à à à à à à à à à à à à à à à à à à à à à à à à à à à à à à à à à à à à à à à à à à à à à à à à à à à à à à à à à à à à à à à à à à à à à à à à à à à à à à à à à à à à à à à à à à à à à à à à à à à à à à à à à à à à à à à à à à à à à à à à à à à à à à à à à à à à à à à à à à à à à à à à à à à à à à à à à à à à à à à à à à à à à à à à à à à à à à à à à à à à à à à à à à à à à à à à à à à à à à à à à à à à à à,1,~ ~ ~ 3 à à à à à à à à à à à à à à à à à à à à à à à à à à à à à à à à à à à à à à à à à à à à à à à à à à à à à à à à à à à à à à à à à à à à à à à à à à à à à à à à à à à à à à à à à à à à à à à à à à à à à à à à à à à à à à à à à à à à à à à à à à à à à à à à à à à à à à à à à à à à à à à à à à à à à à à à à à à à à à à à à à à à à à à à à à à à à à à à à à à à à à à à à à à à à à à à à à à à à à à à à à à à à à à à à à à à à à à à à à à à à à à à à à à à à à à à à à à à à à à à à à à à à à à à à à à,num
Номер побега номер побега номер побега номер побега,1,номер побега номер побега номер побега номер побега,номер побега номер побега номер побега номер побега
~ à à à à à à à à à à à à à à à à à à à à à à à à à à à à à à à à à à à à à à à à à à à à à à à à à à à à à à à à à à à à à à à à à à à à à à à à à à à à à à à à à à à à à à à à à à à à à à à à à à à à à à à à à à à à à à à à à à à à dé à à à à à à à à à à à à à à à à à à à à à à à à à à à à à à à à à à à à à à à à à à à à à à à à à à à à à à à à à à à à à à à à à à à à à à à à à à à à à à à à à à à à à à à à à à à à à à à à à à à à à à à à à à à à à à à à à à à à à à à à à à à à à à à à à à à à à à à à à,1,~ à à à à à à à à à à à à à à à à à à à à à à à à à à à à à à à à à à à à à à à à à à à à à à à à à à à à à à à à à à à à à à à à à à à à à à à à à à à à à à à à à à à à à à à à à à à à à à à à à à à à à à à à à à à à à à à à à à à à dé à à à à à à à à à à à à à à à à à à à à à à à à à à à à à à à à à à à à à à à à à à à à à à à à à à à à à à à à à à à à à à à à à à à à à à à à à à à à à à à à à à à à à à à à à à à à à à à à à à à à à à à à à à à à à à à à à à à à à à à à à à à à à à à à à à à à à à à à à,d
~ ~ 3 à à à à à à à à à à à à à à à à à à à à à à à à à à à à à à à à à à à 4 à à à à à à à à à à à à à à à à à à à à à à à à à à à à à à à à à à à à à à à à à à à à à à à à à à à à à à à à à à à à à à à à à à à à à à à à à à à à à à à à à à à à à à à à à à à à à à à à à à à à à à à à à à à à à à à à à à à à à à à à à à à à à à à à à à à à à à à à à à à à à à à à à à à à à à à à à à à à à à à à à à à à à à à à à à à à à à à à à à à à à à à à à à à à à à à à à à à à à à à à à à à à à à à à à à à à à à à à,1,~ ~ 3 à à à à à à à à à à à à à à à à à à à à à à à à à à à à à à à à à à à 4 à à à à à à à à à à à à à à à à à à à à à à à à à à à à à à à à à à à à à à à à à à à à à à à à à à à à à à à à à à à à à à à à à à à à à à à à à à à à à à à à à à à à à à à à à à à à à à à à à à à à à à à à à à à à à à à à à à à à à à à à à à à à à à à à à à à à à à à à à à à à à à à à à à à à à à à à à à à à à à à à à à à à à à à à à à à à à à à à à à à à à à à à à à à à à à à à à à à à à à à à à à à à à à à à à à à à à à à à,num num
.. .. . ..проникнуть .. . . . . . . .,0,.. .. . ..проникнуть .. . . . . . . .,проникнуть
Номер побега номер побега номер побега,1,номер побега номер побега номер побега,номер побега номер побега номер побега
.. .. .. ..проникнуть .. . . . . . . . . . . . . . . . . . . . . . . . . . . . . . . . . . . . . . . . . . . . . . . . . . . . . . . . . . . . . . . . . . . . . . . . . . . . . . . . . . . . . . . . . . . . . . . . . . . . . . . . . . . . . . . . . . . . . . . . . . . . . . . . . . . . . . . . . . . . . . . . . . . . . . . . . . . . . . . . . . . . . . . . . . . . . . . . . . . . . . . . . . . . . . .,0,.. .. .. ..проникнуть .. . . . . . . . . . . . . . . . . . . . . . . . . . . . . . . . . . . . . . . . . . . . . . . . . . . . . . . . . . . . . . . . . . . . . . . . . . . . . . . . . . . . . . . . . . . . . . . . . . . . . . . . . . . . . . . . . . . . . . . . . . . . . . . . . . . . . . . . . . . . . . . . . . . . . . . . . . . . . . . . . . . . . . . . . . . . . . . . . . . . . . . . . . . . . . .,проникнуть
Ответ: .. . . . . . . . . . . . . . . . . . . . . . . . . . . . . . . . . . . . . . . . . . . . . . . . . . . . . . . .,1,ответ: .. . . . . . . . . . . . . . . . . . . . . . . . . . . . . . . . . . . . . . . . . . . . . . . . . . . . . . . .,ответ
~ 1 ~ 4 ~ 4 ~ ~ ~ ~ ~ ~ à à à à à à à à à à à à à à à à à à à à à à à à à à à à à à à à à à à à à à à à à à à à à à à à à à à à à à à à à à à à à à à à à à à à à à à à à à à à à à à à à à à à à à à à à à à à à à à à à à à à à à à à à à à à à à à à à à à à à à à à à à à à à à à à à à à à à à à à à à à à à à à à à à à à à à à à à à à à à à à à à à à à à à à à à à à à à à à à à à à à à à à à à à à à à à à à à à à à à à à à à à à à à à à à à à à à à à à à à à à à à à à à à à à à à à à à à à à à à à à à à à à à,1,~ 1 ~ 4 ~ 4 ~ ~ ~ ~ ~ ~ à à à à à à à à à à à à à à à à à à à à à à à à à à à à à à à à à à à à à à à à à à à à à à à à à à à à à à à à à à à à à à à à à à à à à à à à à à à à à à à à à à à à à à à à à à à à à à à à à à à à à à à à à à à à à à à à à à à à à à à à à à à à à à à à à à à à à à à à à à à à à à à à à à à à à à à à à à à à à à à à à à à à à à à à à à à à à à à à à à à à à à à à à à à à à à à à à à à à à à à à à à à à à à à à à à à à à à à à à à à à à à à à à à à à à à à à à à à à à à à à à à à à,num num num
* 3 * 4 * * * * * * * * * * * * * * * * * * * * * * * * * * * * * * * * * * * * * * * * * * * * * * * * * * * * * * * * * * * * * * * * * * * * * * * * * * * * * * * * * * * * * * * * * * * * * * * * * * * * * * * * * * * * * * * * * * * * * * * * * * * * * * * * * * * * * * * * * * * * * * * * * * * * * * * * * * * * * * * * * * * * * * * * * * * * * * * * * * * * * * * * * * * * * * * * * * * * * * * * * * * * * * * * * * * * * * * * * * * * * * * * * * * * * * * * * * * * * * * * * ** * * * * * * * * * * * * * * * * * * * * * * * * * * * * * * * * * * * * * * * * * * * * * * * * * * * * * * * * * * * * * * * * * * * * * * * * * * * * * * * * * * * * * * * * * * * * * * * * * * * * * * * * * * * * * * * * * * * * * * * * * * * * * * * * * * * * * * * * * * * * * * * * * * * * * * * * * * * * * * * * * * * * * * * * * * * * * * * * * * * * * * * * * * * * * * * * * * * * * * * * * * * * * * * * * * * * * * * * * * * * * * * * * * * * * * * * * * * * * * * * * * * * * * * * * * * * * * * * * * * * * * *,1,* 3 * 4 * * * * * * * * * * * * * * * * * * * * * * * * * * * * * * * * * * * * * * * * * * * * * * * * * * * * * * * * * * * * * * * * * * * * * * * * * * * * * * * * * * * * * * * * * * * * * * * * * * * * * * * * * * * * * * * * * * * * * * * * * * * * * * * * * * * * * * * * * * * * * * * * * * * * * * * * * * * * * * * * * * * * * * * * * * * * * * * * * * * * * * * * * * * * * * * * * * * * * * * * * * * * * * * * * * * * * * * * * * * * * * * * * * * * * * * * * * * * * * * * * ** * * * * * * * * * * * * * * * * * * * * * * * * * * * * * * * * * * * * * * * * * * * * * * * * * * * * * * * * * * * * * * * * * * * * * * * * * * * * * * * * * * * * * * * * * * * * * * * * * * * * * * * * * * * * * * * * * * * * * * * * * * * * * * * * * * * * * * * * * * * * * * * * * * * * * * * * * * * * * * * * * * * * * * * * * * * * * * * * * * * * * * * * * * * * * * * * * * * * * * * * * * * * * * * * * * * * * * * * * * * * * * * * * * * * * * * * * * * * * * * * * * * * * * * * * * * * * * * * * * * * * * *,num num
Убежать - убежать - убежать. Убежать - убежать. Убежать - убежать. Убежать - убежать. Убежать - убежать. Убежать - убежать. Убежать. Убежать - убежать. Убежать - убежать. Убежать - убежать. Убежать - убежать. Убежать - убежать,0,убежать - убежать - убежать. убежать - убежать. убежать - убежать. убежать - убежать. убежать - убежать. убежать - убежать. убежать. убежать - убежать. убежать - убежать. убежать - убежать. убежать - убежать. убежать - убежать,убежать убежать убежать убежать убежать убежать убежать убежать убежать убежать убежать убежать убежать убежать убежать убежать убежать убежать убежать убежать убежать убежать убежать убежать
".. ..так, . . . . . . . . . . . . . . . . . . . . .",0,".. ..так, . . . . . . . . . . . . . . . . . . . . .",так
.. .. ..последний номер . . . . . . . . . . . . . . . . . . . . . . . . . . . . . . . . . . . . . . . . . . . . . . . . . . . . . . . . . . . . . . . . . . . . . . . . . . . . . . . . . . . . . . . . . . . . . . . . . . . . . . . . . . . . . . . . . . . . . . . . . . . . . . . . . . . . . . . . . . . . . . . . . . . . . . . . . . . . . . . . . . . . . . . . . . . . . . . . . . . . . . . . . . . . . . . . . . . .,0,.. .. ..последний номер . . . . . . . . . . . . . . . . . . . . . . . . . . . . . . . . . . . . . . . . . . . . . . . . . . . . . . . . . . . . . . . . . . . . . . . . . . . . . . . . . . . . . . . . . . . . . . . . . . . . . . . . . . . . . . . . . . . . . . . . . . . . . . . . . . . . . . . . . . . . . . . . . . . . . . . . . . . . . . . . . . . . . . . . . . . . . . . . . . . . . . . . . . . . . . . . . . . .,последний номер
Номер побега номер побега,1,номер побега номер побега,номер побега номер побега
~ à à à à à à à à à à à à à à à à à à à à à à à à à à à à à à à à à à à à à à à à à à à à à à à à à à à à à à à à à à à à à à à à à à à à à à à à à à à à à à à à à à à à à à à à à à à à à à à à à à à à à à à à à à à à à à à à à à à dé à à à à à à à à à à à à à à à à à à à à à à à à à à à à à à à à à à à à à à à à à à à à à à à à à à à à à à à à à à à à à à à à à à à à à à à à à à à à à à à à à à à à à à à à à à à à à à à à à à à à à à à à à à à à à à à à à à à à à à à à à à à à à à à à,1,~ à à à à à à à à à à à à à à à à à à à à à à à à à à à à à à à à à à à à à à à à à à à à à à à à à à à à à à à à à à à à à à à à à à à à à à à à à à à à à à à à à à à à à à à à à à à à à à à à à à à à à à à à à à à à à à à à à à à dé à à à à à à à à à à à à à à à à à à à à à à à à à à à à à à à à à à à à à à à à à à à à à à à à à à à à à à à à à à à à à à à à à à à à à à à à à à à à à à à à à à à à à à à à à à à à à à à à à à à à à à à à à à à à à à à à à à à à à à à à à à à à à à à à,d
".. .. .. . . .. .. .. .. . .. .. .. .. .. .. . .. .. .. .. .. .. .. .. .. .. .. .. .. .. .. .. ... .. .. .. .. .. .. ... ... ... .. .. .. ... ... ... .. ... .... ... .. ... .. .. ... ... ... ... ... ... ... ........ ... ... .... ...... ............. ............... ....... ..................-и ...и ...и ...и ...и ...и ...и ...и ...и ...и ...и ...и ...и""и""и""и""и""и""""""""""""""""""""""""""""""""""""""""""""""""""""""""""""""""""""""""""""""""""""""""""""""""""""""""""""""""""""""""""""""""""""""""""""""""""""""""""""""""""""""""""""""""""""""""""""""""""""""""""""""""""""""""""""""""""""""""""""""""""""""""""""""""""""""""""""""""""""""""""""""""""""""""""""""""""""""""""""""""""""""""""""""""""""""""""""""""""""""""""",0,".. .. .. . . .. .. .. .. . .. .. .. .. .. .. . .. .. .. .. .. .. .. .. .. .. .. .. .. .. .. .. ... .. .. .. .. .. .. ... ... ... .. .. .. ... ... ... .. ... .... ... .. ... .. .. ... ... ... ... ... ... ... ........ ... ... .... ...... ............. ............... ....... ..................-и ...и ...и ...и ...и ...и ...и ...и ...и ...и ...и ...и ...и""и""и""и""и""и""""""""""""""""""""""""""""""""""""""""""""""""""""""""""""""""""""""""""""""""""""""""""""""""""""""""""""""""""""""""""""""""""""""""""""""""""""""""""""""""""""""""""""""""""""""""""""""""""""""""""""""""""""""""""""""""""""""""""""""""""""""""""""""""""""""""""""""""""""""""""""""""""""""""""""""""""""""""""""""""""""""""""""""""""""""""""""""""""""""""""",и и и и и и и и и и и и и и и и и и
~ ~ à à à à à à à à à à à à à à à à à à à à à à à à à à à à à à à à à à à à à à à à à à à à à à à à à à à à à à à à à à à à à à à à à à à à à à à à à à à à à à à à à à à à à à à à à à à à à à à à à à à à à à à à à à à à à à à à à à à à dé à à à à à à à à à à à à à à à à à à à à à à à à à à à à à à à à à à à à à à à à à à à à à à à à à à à à à à à à à à à à à à à à à à à à à à à à à à à à à à à à à à à à à à à à à à à à à à à à à à à à à à à à à à à à à à à à à à à à à à à à à à à à à à à à à à à à à à à à,1,~ ~ à à à à à à à à à à à à à à à à à à à à à à à à à à à à à à à à à à à à à à à à à à à à à à à à à à à à à à à à à à à à à à à à à à à à à à à à à à à à à à à à à à à à à à à à à à à à à à à à à à à à à à à à à à à à à à à à à à à à dé à à à à à à à à à à à à à à à à à à à à à à à à à à à à à à à à à à à à à à à à à à à à à à à à à à à à à à à à à à à à à à à à à à à à à à à à à à à à à à à à à à à à à à à à à à à à à à à à à à à à à à à à à à à à à à à à à à à à à à à à à à à à à à à à à à à à à à à à,d
.. .. ..Однажды.. .. . . . . . . . . . . . . . . . . . . . . . . . . . . . . . . . . . . . . . . . . . . . . . . . . . . . . . . . . . . . . . . . . . . . . . . . . . . . . . . . . . . . . . . . . . . . . . . . . . . . . . . . . . . . . . . . . . . . . . . . . . . . . . . . . . . . . . . . . . . . . . . . . . . . . . . . . . . . . . . . . . . . . . . . . . . . . . . . . . . . . . . . . . . . . . . . . . . . . . . . . . . . . . . . . . . . . . . . . . . . . . . . . . . . . . . . . . . . . . . . . . . . . .,0,.. .. ..однажды.. .. . . . . . . . . . . . . . . . . . . . . . . . . . . . . . . . . . . . . . . . . . . . . . . . . . . . . . . . . . . . . . . . . . . . . . . . . . . . . . . . . . . . . . . . . . . . . . . . . . . . . . . . . . . . . . . . . . . . . . . . . . . . . . . . . . . . . . . . . . . . . . . . . . . . . . . . . . . . . . . . . . . . . . . . . . . . . . . . . . . . . . . . . . . . . . . . . . . . . . . . . . . . . . . . . . . . . . . . . . . . . . . . . . . . . . . . . . . . . . . . . . . . . .,однажды
"Знаешь, что? .. ..",1,"знаешь, что? .. ..",знаешь что
:: 61/81/81/81/81/ / / / / / / / / / / / / / / / / / / / / / / / / / / . . . . . . . . . . . . . .,1,:: 61/81/81/81/81/ / / / / / / / / / / / / / / / / / / / / / / / / / / . . . . . . . . . . . . . .,num num num num num
~ 4 ~ 4 ♫ ♫ ♫ ♫ ♫ ♫ ♫ ♫ ♫ ♫ ♫,1,~ 4 ~ 4 ♫ ♫ ♫ ♫ ♫ ♫ ♫ ♫ ♫ ♫ ♫,num num
.. .. ..что .. . . ..что . . . . . . . . . . . . . . . . . . . . . . . . . . . . . . . . . . . . . . . . . . . . . . . . . . . . . . . . . . . . . . . . . . . . . . . . . . . . . . . . . . . . . . . . . . . . . . . . . . . . . . . . . . . . . . . . . . . . . . . . . . . . . . . . . . . . . . . . . . . . . . . . . . . . . . . . . . . . . . . . . . . . . . . . . . . . . . . . . . . . .,0,.. .. ..что .. . . ..что . . . . . . . . . . . . . . . . . . . . . . . . . . . . . . . . . . . . . . . . . . . . . . . . . . . . . . . . . . . . . . . . . . . . . . . . . . . . . . . . . . . . . . . . . . . . . . . . . . . . . . . . . . . . . . . . . . . . . . . . . . . . . . . . . . . . . . . . . . . . . . . . . . . . . . . . . . . . . . . . . . . . . . . . . . . . . . . . . . . . .,что что
Ответ,0,ответ,ответ
~ à à à à à à à à à à à à à à à à à à à à à à à à à à à à à à à à à à à à à à à à à à à à à à à à à à à à à à à à à à à à à à à à à à à à à à à à à à à à à à à à à à à à à à à à à à à à à à à à à à à à à à à à à à à à à à à à à à à à à à à à à à à à à à à à à à à à à à à à à à à d à à à à à à à à à à à à à à à à à à à à à à à à à à à à à à à à à à à à à à à à à à à à à à à à à à à à à à à à à à à à à à à à à à à à à à à à à à à à à à à à à à à à à à à à à à à à à à à à à à à à à,1,~ à à à à à à à à à à à à à à à à à à à à à à à à à à à à à à à à à à à à à à à à à à à à à à à à à à à à à à à à à à à à à à à à à à à à à à à à à à à à à à à à à à à à à à à à à à à à à à à à à à à à à à à à à à à à à à à à à à à à à à à à à à à à à à à à à à à à à à à à à à à d à à à à à à à à à à à à à à à à à à à à à à à à à à à à à à à à à à à à à à à à à à à à à à à à à à à à à à à à à à à à à à à à à à à à à à à à à à à à à à à à à à à à à à à à à à à à à à à à à à à à à,d
.. .. ..проникнуть .. . . . . . . . . . . . . . . . . . . . . . . . . . . . . . . . . . . . . . . . . . . . . . . . . . . . . . . . . . . . . . . . . . . . . . . . . . . . . . . . . . . . . . . . . . . . . . . . . . . . . . . . . . . . . . . . . . . . . . . . . . . . . . . . . . . . . . . . . . . . . . . . . . . . . . . . . . . . . . . . . . . . . . . . . . . . . . . . . . . . . . . . . . . . .,1,.. .. ..проникнуть .. . . . . . . . . . . . . . . . . . . . . . . . . . . . . . . . . . . . . . . . . . . . . . . . . . . . . . . . . . . . . . . . . . . . . . . . . . . . . . . . . . . . . . . . . . . . . . . . . . . . . . . . . . . . . . . . . . . . . . . . . . . . . . . . . . . . . . . . . . . . . . . . . . . . . . . . . . . . . . . . . . . . . . . . . . . . . . . . . . . . . . . . . . . . .,проникнуть
.. .. . ..что . . . . . . . . . . . . . . . . . . . . . . . . . . . . . . . . . . . . . . . . . . . . . . . . . . . . . . . . . . . . . . . . . . . . . . . . . . . . . . . . . . . . . . . . . . . . . . . . . . . . . . . . . . . . . . . . . . . . . . . . . . . . . . . . . . . . . . . . . . . . . . . . . . . . . . . . . . . . . . . . . . . . . . . . . . . . . . . . . . . . . . . . . . . . . . . . . . . . . . . . . . . . . . . . . . . . . . . . . . . . . . . . . . . . . . . . . . . . . . . . . . . . . . . . .,0,.. .. . ..что . . . . . . . . . . . . . . . . . . . . . . . . . . . . . . . . . . . . . . . . . . . . . . . . . . . . . . . . . . . . . . . . . . . . . . . . . . . . . . . . . . . . . . . . . . . . . . . . . . . . . . . . . . . . . . . . . . . . . . . . . . . . . . . . . . . . . . . . . . . . . . . . . . . . . . . . . . . . . . . . . . . . . . . . . . . . . . . . . . . . . . . . . . . . . . . . . . . . . . . . . . . . . . . . . . . . . . . . . . . . . . . . . . . . . . . . . . . . . . . . . . . . . . . . .,что
* ~ 3 ~ à à à à à à à à à à à à à à à à à à à à à à à à à à à à à à à à à à à à à à à à à à à à à à à à à à à à à à à à à à à à à à à à à à à à à à à à à à à à à à à à à à à à à à à à à à à à à à à à à à à à à à à à à à à à à à à à à à à à à à à à à à à à à à à à à à à à à à à à à à à à à à à à à à à à à à à à à à à à à à à à à à à à à à à à à à à à à à à à à à à à à à à à à à à à à à à à à à à à à à à à à à à à à à à à à à à à à à à à à à à à à à à à à à à à à à à à à à à à à à à à à à à à à à à à à à à à,1,* ~ 3 ~ à à à à à à à à à à à à à à à à à à à à à à à à à à à à à à à à à à à à à à à à à à à à à à à à à à à à à à à à à à à à à à à à à à à à à à à à à à à à à à à à à à à à à à à à à à à à à à à à à à à à à à à à à à à à à à à à à à à à à à à à à à à à à à à à à à à à à à à à à à à à à à à à à à à à à à à à à à à à à à à à à à à à à à à à à à à à à à à à à à à à à à à à à à à à à à à à à à à à à à à à à à à à à à à à à à à à à à à à à à à à à à à à à à à à à à à à à à à à à à à à à à à à à à à à à à à à,num
~ 1 ~ 4 à à à à à à à à à à à à à à à à à à à à à à à à à à à à à à à à à à à à à à à à à à à à à à à à à à à à à à à à à à à à à à à à à à à à à à à à à à à à à à à à à à à à à à à à à à à à à à à à à à à à à à à à à à à à à à à à à à à à à à à à à à à à à à à à à à à à à à à à à à à à à à à à à à à à à à à à à à à à à à à à à à à à à à à à à à à à à à à à à à à à à à à à à à à à à à à à à à à à à à à à à à à à à,1,~ 1 ~ 4 à à à à à à à à à à à à à à à à à à à à à à à à à à à à à à à à à à à à à à à à à à à à à à à à à à à à à à à à à à à à à à à à à à à à à à à à à à à à à à à à à à à à à à à à à à à à à à à à à à à à à à à à à à à à à à à à à à à à à à à à à à à à à à à à à à à à à à à à à à à à à à à à à à à à à à à à à à à à à à à à à à à à à à à à à à à à à à à à à à à à à à à à à à à à à à à à à à à à à à à à à à à à à,num num
.. .. ..простите.. . . . . . . . . . . . . . . . . . . . . . . . . . . . . . . . . . . . . . . . . . . . . . . . . . . . . . . . . . . . . . . . . . . . . . . . . . . . . . . . . . . . . . . . . . . . . . . . . . . . . . . . . . . . . . . . . . . . . . . . . . . . . . . . . . . . . . . . . . . . . . . . . . . . . . . . . . . . . . . . . . . . . . . . . . . . . . . . . . . . . . . . . . . . . . . . . . . . . . . . . . . . . . . . . . . . . . . . . . . . . . . . . . . . . . . . . . . . . . . . . . . . . . . . .,0,.. .. ..простите.. . . . . . . . . . . . . . . . . . . . . . . . . . . . . . . . . . . . . . . . . . . . . . . . . . . . . . . . . . . . . . . . . . . . . . . . . . . . . . . . . . . . . . . . . . . . . . . . . . . . . . . . . . . . . . . . . . . . . . . . . . . . . . . . . . . . . . . . . . . . . . . . . . . . . . . . . . . . . . . . . . . . . . . . . . . . . . . . . . . . . . . . . . . . . . . . . . . . . . . . . . . . . . . . . . . . . . . . . . . . . . . . . . . . . . . . . . . . . . . . . . . . . . . . .,простите
.. .. ..что .. . ..что . . . . . . . . . . . . . . . . . . . . . . . . . . . . . . . . . . . . . . . . . . . . . . . . . . . . . . . . . . . . . . . . . . . . . . . . . . . . . . . . . . . . . . . . . . . . . . . . . . . . . . . . . . . . . . . . . . . . . . . . . . . . . . . . . . . . . . . . . . . . . . . . . . . . . . . . . . . . . . . . . . . . . . . . . . . . . . . . . . . . . . . . . . . . . . . . . . . . . . . . . .,0,.. .. ..что .. . ..что . . . . . . . . . . . . . . . . . . . . . . . . . . . . . . . . . . . . . . . . . . . . . . . . . . . . . . . . . . . . . . . . . . . . . . . . . . . . . . . . . . . . . . . . . . . . . . . . . . . . . . . . . . . . . . . . . . . . . . . . . . . . . . . . . . . . . . . . . . . . . . . . . . . . . . . . . . . . . . . . . . . . . . . . . . . . . . . . . . . . . . . . . . . . . . . . . . . . . . . . . .,что что
"Убежать, убежать, убежать, убежать, убежать, убежать, убежать, убежать, убежать",0,"убежать, убежать, убежать, убежать, убежать, убежать, убежать, убежать, убежать",убежать убежать убежать убежать убежать убежать убежать убежать убежать
.. . . . . . . . . . . . . . . . . . . . . . . . . . . . . . . . . . . . . . . . . . . . . . . . . . . . . . . . . . . . . . . . . . . . . . . . . . . . . . . . . . . . . . . . . . . . . . . . . . . . . . . . . . . . . . . . . . . . . . . . . . . . . . . . . . . . . . . . . . . . . . . . . . . . . . . . . . . . . . . . . . . . . . . . . . . . . . . . . . . . . . . . . . . . . . . . . . . . . . . . . . . . . . . . . . . . . . . . . . . . . . . . d d d d d d d . . . . . . d . d d d d d d d,1,.. . . . . . . . . . . . . . . . . . . . . . . . . . . . . . . . . . . . . . . . . . . . . . . . . . . . . . . . . . . . . . . . . . . . . . . . . . . . . . . . . . . . . . . . . . . . . . . . . . . . . . . . . . . . . . . . . . . . . . . . . . . . . . . . . . . . . . . . . . . . . . . . . . . . . . . . . . . . . . . . . . . . . . . . . . . . . . . . . . . . . . . . . . . . . . . . . . . . . . . . . . . . . . . . . . . . . . . . . . . . . . . . d d d d d d d . . . . . . d . d d d d d d d,d d d d d d d d d d d d d d d
~ 3 ~ à à à à à à à à à à à à à à à à à à à à à à à à à à à à à à à à à à à à à à à à à à à à à à à à à à à à à à à à à à à à à à à à à à à à à à à à à à à à à à à à à à à à à à à à à à à à à à à à à à à à à à à à à à à à à à à à à à à à à à à à à à à à à à à à à à à à à à à à à à à à à à à à à à à à à à à à à à à à à à à à à à à à à à à à à à à à à à à à à à à à à à à à à à à à à à à à à à à à à à à à à à à à à à à à à à à à à à à à à à à à à à à à à à à à à à à à à à à à à à à à à à à à à à à à à à à à,1,~ 3 ~ à à à à à à à à à à à à à à à à à à à à à à à à à à à à à à à à à à à à à à à à à à à à à à à à à à à à à à à à à à à à à à à à à à à à à à à à à à à à à à à à à à à à à à à à à à à à à à à à à à à à à à à à à à à à à à à à à à à à à à à à à à à à à à à à à à à à à à à à à à à à à à à à à à à à à à à à à à à à à à à à à à à à à à à à à à à à à à à à à à à à à à à à à à à à à à à à à à à à à à à à à à à à à à à à à à à à à à à à à à à à à à à à à à à à à à à à à à à à à à à à à à à à à à à à à à à à,num
.. .. ..проникнуть .. . . . . . . . . . . . . . . . . . . . . . . . . . . . . . . . . . . . . . . . . . . . . . . . . . . . . . . . . . . . . . . . . . . . . . . . . . . . . . . . . . . . . . . . . . . . . . . . . . . . . . . . . . . . . . . . . . . . . . . . . . . . . . . . . . . . . . . . . . . . . . . . . . . . . . . . . . . . . . . .,1,.. .. ..проникнуть .. . . . . . . . . . . . . . . . . . . . . . . . . . . . . . . . . . . . . . . . . . . . . . . . . . . . . . . . . . . . . . . . . . . . . . . . . . . . . . . . . . . . . . . . . . . . . . . . . . . . . . . . . . . . . . . . . . . . . . . . . . . . . . . . . . . . . . . . . . . . . . . . . . . . . . . . . . . . . . . .,проникнуть
~ ~ ~ ~ à à à à à à à à à à à à à à à à à à à à à à à à à à à à à à à à à à à à à à à à à à à à à à à à à à à à à à à à à à à à à à à à à à à à à à à à à à à à à à à à à à à à à à à à à à à à à à à à à à à à à à à à à à à à à à à à à à à à à à à à à à à à à à à à à à à à à à à à à à à à à à à à à à à à à à à à à à à à à à à à à à à à à à à à à à à à à à à à à à à à à à à à à à à à à à à à à à à à à à à à à à à à à à à à à à à à à à à à à à à à à d à à à à à à à à à à à à à à à à à à à à à à à à à à à à à,1,~ ~ ~ ~ à à à à à à à à à à à à à à à à à à à à à à à à à à à à à à à à à à à à à à à à à à à à à à à à à à à à à à à à à à à à à à à à à à à à à à à à à à à à à à à à à à à à à à à à à à à à à à à à à à à à à à à à à à à à à à à à à à à à à à à à à à à à à à à à à à à à à à à à à à à à à à à à à à à à à à à à à à à à à à à à à à à à à à à à à à à à à à à à à à à à à à à à à à à à à à à à à à à à à à à à à à à à à à à à à à à à à à à à à à à à à d à à à à à à à à à à à à à à à à à à à à à à à à à à à à à,d
.. .. .. .. .. . . .. .. .. .. .. .. .. .. .. .. .. .. .. .. .. .. .. .. . .. .. .. .. .. .. .. .. .. .. .. .. .. .. .. .. .. ... .. .. .. .. .. ... ... ... ... ... .. ... ... .. ... ... ... ... .... ... ... .... .... ..... .. ... ..... ............ ......... ............ ............ . ........... .......... .--------------------------------------------и--------------------------------------------------------------------------------------------------------------------------------------------------------,0,.. .. .. .. .. . . .. .. .. .. .. .. .. .. .. .. .. .. .. .. .. .. .. .. . .. .. .. .. .. .. .. .. .. .. .. .. .. .. .. .. .. ... .. .. .. .. .. ... ... ... ... ... .. ... ... .. ... ... ... ... .... ... ... .... .... ..... .. ... ..... ............ ......... ............ ............ . ........... .......... .--------------------------------------------и--------------------------------------------------------------------------------------------------------------------------------------------------------,и
.. ..проникнуть .. .. ..проникнуть .. . . . . . . . . . . . . . . . . . . . . . . . . . . . . . . . . . . . . . . . . . . . . . . . . . . . . . . . . . . . . . . . . . . . . . . . . . . . . . . . . . . . . . . . . . . . . . . . . . . . . . . . . . . . . . . . . . . . . . . . . . . . . . . . . . . . . . . . . . . . . . . . . . . . . . . . . . . . . . . . . . . . . . . . . . . . . . . . . . . . . . . . . . . . . . . . . . . . . . . . . . . . . . . . . . . . . . . .,0,.. ..проникнуть .. .. ..проникнуть .. . . . . . . . . . . . . . . . . . . . . . . . . . . . . . . . . . . . . . . . . . . . . . . . . . . . . . . . . . . . . . . . . . . . . . . . . . . . . . . . . . . . . . . . . . . . . . . . . . . . . . . . . . . . . . . . . . . . . . . . . . . . . . . . . . . . . . . . . . . . . . . . . . . . . . . . . . . . . . . . . . . . . . . . . . . . . . . . . . . . . . . . . . . . . . . . . . . . . . . . . . . . . . . . . . . . . . . .,проникнуть проникнуть
~ ~ 3 ~ ~ ~ à à à à à à à à à à à à à à à à à à à à à à à à à à à à à à à à à à à à à à à à à à 4 à à à à à à à à à à à à à à à à à à à à à à à à à à à à à à à à à à à à à à à à à à à à à à à à à à à à à à à à à à à à à à à à à à à à à à à à à à à à à à à à à à à à à à à à à à à à à à à à à à à à à à à à à à à à à à à à à à à à à à à à à à à à à à à à à à à à à à à à à à à à à à à à à à à à,1,~ ~ 3 ~ ~ ~ à à à à à à à à à à à à à à à à à à à à à à à à à à à à à à à à à à à à à à à à à à 4 à à à à à à à à à à à à à à à à à à à à à à à à à à à à à à à à à à à à à à à à à à à à à à à à à à à à à à à à à à à à à à à à à à à à à à à à à à à à à à à à à à à à à à à à à à à à à à à à à à à à à à à à à à à à à à à à à à à à à à à à à à à à à à à à à à à à à à à à à à à à à à à à à à à à,num num
.. ..Однажды .. . . . . . . . . . . . . . . . . . . . . . . . . . . . . . . . . . . . . . . . . . . . . . . . . . . . . . . . . . . . . . . . . . . . . . . . . . . . . . . . . . . . . . . . . . . . . . . . . . . . . . . . . . . . . . . . . . . . . . . . . . . . . . . . . . . . . . . . . . . . . . . . . . . . . . . . . . . . . . . . . . . . . . . . . . . . . . . . . . . . . . . . . . . . . . . . . . . . . . . .,0,.. ..однажды .. . . . . . . . . . . . . . . . . . . . . . . . . . . . . . . . . . . . . . . . . . . . . . . . . . . . . . . . . . . . . . . . . . . . . . . . . . . . . . . . . . . . . . . . . . . . . . . . . . . . . . . . . . . . . . . . . . . . . . . . . . . . . . . . . . . . . . . . . . . . . . . . . . . . . . . . . . . . . . . . . . . . . . . . . . . . . . . . . . . . . . . . . . . . . . . . . . . . . . . .,однажды
à à à à à à à à à à à à à à à à à à à à à à à à à à à à à à à à à à à à à à à à à à à à à à à à à à à à à à à à à à à à à à à à à à à à à à à à à à à dé à à à à à à à à à à à à à à à à à à à à à à à à à à à à à à à à à à à à à à à dé à à à à à à à à à à à à à à à à à à à à à à à à à à à à à à à à à à à à à à à à à à à à à à à à à à à à à à à à à à à à à à à à à à à à à à à à à à à à à à à à à à à à à à à à à à à à à à à à à à à à à à à à à à à à à à à à à à à à à à à à à à à à à à à à à à à à à à à à à à à,1,à à à à à à à à à à à à à à à à à à à à à à à à à à à à à à à à à à à à à à à à à à à à à à à à à à à à à à à à à à à à à à à à à à à à à à à à à à à dé à à à à à à à à à à à à à à à à à à à à à à à à à à à à à à à à à à à à à à à dé à à à à à à à à à à à à à à à à à à à à à à à à à à à à à à à à à à à à à à à à à à à à à à à à à à à à à à à à à à à à à à à à à à à à à à à à à à à à à à à à à à à à à à à à à à à à à à à à à à à à à à à à à à à à à à à à à à à à à à à à à à à à à à à à à à à à à à à à à à à,d d
èç1äúúúäääöäööö2'äüäö3 ääää éóé1 à à à à à à à à à à à à à à à à à à à à à à à à à à à à à à à à à à à à à à à à à à à à à à à à à à à à à à à à à à à à à à à à à à à à à à à à à à à à ä à à à à à à à ä ä ä ä à ä ä ä ä ä ä ä ä ä ä ä ä ä ä ä ä ä ä ä ä ä ä ä ä ä ä ä ä ä ä ä ä ä ä ä ä ä ä ä ä ä ä ä ä ä ä ä ä ä ä ä ä ä ä ä ä ä ä ä ä ä ä ä ä ä ä ä ä ä ä ä ä ä ä ä ä ä ä ä ä ä ä ä ä ä ä ä ä ä ä ä ä ä ä ä ́ ä ́ ́ ́ ́ ä ä ä ä ́ ́ ä ́ ́ ́ ́ ́ ́ ́ ́ ́ ́ ́ ́ ́ ä ́ ́,1,èç1äúúúäääöäööö2'äüäö3 ääää éóé1 à à à à à à à à à à à à à à à à à à à à à à à à à à à à à à à à à à à à à à à à à à à à à à à à à à à à à à à à à à à à à à à à à à à à à à à à à à à à ä à à à à à à à ä ä ä ä à ä ä ä ä ä ä ä ä ä ä ä ä ä ä ä ä ä ä ä ä ä ä ä ä ä ä ä ä ä ä ä ä ä ä ä ä ä ä ä ä ä ä ä ä ä ä ä ä ä ä ä ä ä ä ä ä ä ä ä ä ä ä ä ä ä ä ä ä ä ä ä ä ä ä ä ä ä ä ä ä ä ä ä ä ä ä ä ä ä ä ä ä ä ä ä ́ ä ́ ́ ́ ́ ä ä ä ä ́ ́ ä ́ ́ ́ ́ ́ ́ ́ ́ ́ ́ ́ ́ ́ ä ́ ́,num num num num
".. .. .. . .. .. .. .. .. . .. .. .. .. .. .. .. .. .. .. .. .. .. .. .. .. .. .. .. .. .. .. .. .. .. .. .. .. .. .. .. .. ... .. .. .. .. .. ... .. .. ... ... ... .. .. ... .. .. .... ... .. .... ... ... ... .... .... ... .. ... ....... ............ .............. ................. ..................... ......................................-и ...и ...и ...и ...и ...и ...и ...и ...и ...и ...и ...и ...и ...и ...и ...и... .............и...и...и...""""""""""""""""""""""""""""""""""""""""""""""""""""""""""""""""""""""""""""""""""""""""""""""""""""""""""""""""""""""""""""""""""""""""""""""""""""""""""""""""""""""""""""""""""""""""""""""""""""""""""""""""""""""""""""""""""",0,".. .. .. . .. .. .. .. .. . .. .. .. .. .. .. .. .. .. .. .. .. .. .. .. .. .. .. .. .. .. .. .. .. .. .. .. .. .. .. .. .. ... .. .. .. .. .. ... .. .. ... ... ... .. .. ... .. .. .... ... .. .... ... ... ... .... .... ... .. ... ....... ............ .............. ................. ..................... ......................................-и ...и ...и ...и ...и ...и ...и ...и ...и ...и ...и ...и ...и ...и ...и ...и... .............и...и...и...""""""""""""""""""""""""""""""""""""""""""""""""""""""""""""""""""""""""""""""""""""""""""""""""""""""""""""""""""""""""""""""""""""""""""""""""""""""""""""""""""""""""""""""""""""""""""""""""""""""""""""""""""""""""""""""""""",и и и и и и и и и и и и и и и и и и и
.. ..проникнуть .. .. . ..убежать .. . . . . . . . . . . . . . . . . . . . . . . . . . . . . . . . . . . . . . . . . . . . . . . . . . . . . . . . . . . . . . . . . . . . . . . . . . . . . . . . . . . . . . . . . . . . . . . . . . . . . . . . . . . . . . . . . . . . . . . . . . . . . . . . . . . . . . . . . . . . . . . . . . . . . . . . . . . . . . . . . . . . . . . . . . . . . . . . . . . . . . . . . . . . . . . . . . . . . . . . . . . . . . . . . . . . . . . . . . . . . . . . . . . . . . .. . . . . . . . . . . .,0,.. ..проникнуть .. .. . ..убежать .. . . . . . . . . . . . . . . . . . . . . . . . . . . . . . . . . . . . . . . . . . . . . . . . . . . . . . . . . . . . . . . . . . . . . . . . . . . . . . . . . . . . . . . . . . . . . . . . . . . . . . . . . . . . . . . . . . . . . . . . . . . . . . . . . . . . . . . . . . . . . . . . . . . . . . . . . . . . . . . . . . . . . . . . . . . . . . . . . . . . . . . . . . . . . . . . . . . . . . . . . . . . . . . . . . . . . . . . . . . . . . . . . . . . . . .. . . . . . . . . . . .,проникнуть убежать
число,1,число,число
~ ~ à à à à à à à à à à à à à à à à à à à à à à à à à à à à à à à à à à à à à à à à à à à à à à à à à à à à à à à à à dé à à à à à à à à à à à à à à à à à à à à à à à à à à à à à à à à à à à à à à à à à à à à à à à à à à à à à à à à à à à à à à à à à à à à à à à à à à à à à à à à à à à à à à à à à à à à à à à à à à à à à à à à à à à à à à à à à à à à à à à à à à à à à à à à à à à à à à à à à à à à à à à à à à à à à à à à à à à à à à à à à à à à à,1,~ ~ à à à à à à à à à à à à à à à à à à à à à à à à à à à à à à à à à à à à à à à à à à à à à à à à à à à à à à à à à dé à à à à à à à à à à à à à à à à à à à à à à à à à à à à à à à à à à à à à à à à à à à à à à à à à à à à à à à à à à à à à à à à à à à à à à à à à à à à à à à à à à à à à à à à à à à à à à à à à à à à à à à à à à à à à à à à à à à à à à à à à à à à à à à à à à à à à à à à à à à à à à à à à à à à à à à à à à à à à à à à à à à à à,d
~ à à à à à à à à à à à à à à à à à à à à à à à à à à à à à à à à à à à à à à à à à à à à à à à à à à à à à à à à à à à à à à à à à à à à à à à à à à à à à à à à à à à à à à à à à à à à à à à à à à à à à à à à à à à à à à à à à à à à à à à à à à à à à à à à à à à à à à à à à à à à à à à à à à à à à à à à à à à à à à à à à à à à à à à à à à à à à à à à à à à à à à à à à à à à à à à à à à à à à à à à à à à à à à à à d à à à à à à à à à à à à à à à à à à à à à à à à à à à à à à à à à à à à à à à à à à à à à,1,~ à à à à à à à à à à à à à à à à à à à à à à à à à à à à à à à à à à à à à à à à à à à à à à à à à à à à à à à à à à à à à à à à à à à à à à à à à à à à à à à à à à à à à à à à à à à à à à à à à à à à à à à à à à à à à à à à à à à à à à à à à à à à à à à à à à à à à à à à à à à à à à à à à à à à à à à à à à à à à à à à à à à à à à à à à à à à à à à à à à à à à à à à à à à à à à à à à à à à à à à à à à à à à à à à d à à à à à à à à à à à à à à à à à à à à à à à à à à à à à à à à à à à à à à à à à à à à à,d
* * * * * * * * * * * * * * * * * * * * * * * * * * * * * * * * * * * * * * * * * * * * * * * * * * * * * * * * * * * * * * * * * * * * * * * * * * * * * * * * * * * * * * * * * * * * * * * * * * * * * * * * * * * * * * * * * * * * * * * * * * * * * * * * * * * * * * * * * * * * * * * ** * * * * * * * * * * * * * * * * * * * * * * * * * * * * * * * * * * * * * * * * * * * * * * * * * * * * * * * * * * * * * * * * * * * * * * * * * * * * * * * * * * * * * * * * * * * * * * * * * * * * * * * * * * * * * * * * * * * * * * * * * * * * * * * * * * * * * * * * * * * * * * * * * * * * * * * * * * * * * * * * * * * * * * * * * * * * * * * * * * * * * * * * * * * * * * * * * * * * * * * * * * * * * * * * * * * * * * * * * * * * * * * * * * * * * * * * * * * * * * * * * * * * * * * * * * * * * * * * * * * * * * * * * * * * * * * * * * * * * * * * * * * * * * * * * * * * * * * * * * * * * * * * * * *я * * * * * * * * * * * * * * * * * * * * * * * * * * * * * * * * * * * * * * * * * * * * * * * * * * * * * * * * *,1,* * * * * * * * * * * * * * * * * * * * * * * * * * * * * * * * * * * * * * * * * * * * * * * * * * * * * * * * * * * * * * * * * * * * * * * * * * * * * * * * * * * * * * * * * * * * * * * * * * * * * * * * * * * * * * * * * * * * * * * * * * * * * * * * * * * * * * * * * * * * * * * ** * * * * * * * * * * * * * * * * * * * * * * * * * * * * * * * * * * * * * * * * * * * * * * * * * * * * * * * * * * * * * * * * * * * * * * * * * * * * * * * * * * * * * * * * * * * * * * * * * * * * * * * * * * * * * * * * * * * * * * * * * * * * * * * * * * * * * * * * * * * * * * * * * * * * * * * * * * * * * * * * * * * * * * * * * * * * * * * * * * * * * * * * * * * * * * * * * * * * * * * * * * * * * * * * * * * * * * * * * * * * * * * * * * * * * * * * * * * * * * * * * * * * * * * * * * * * * * * * * * * * * * * * * * * * * * * * * * * * * * * * * * * * * * * * * * * * * * * * * * * * * * * * * * *я * * * * * * * * * * * * * * * * * * * * * * * * * * * * * * * * * * * * * * * * * * * * * * * * * * * * * * * * *,я
.. ..номер . . . . . . . . . . . . . . . . . . . . . . . . . . . . . . . . . . . . . . . . . . . . . . . . . . . . . . . . . . . . . .,1,.. ..номер . . . . . . . . . . . . . . . . . . . . . . . . . . . . . . . . . . . . . . . . . . . . . . . . . . . . . . . . . . . . . .,номер
*Что? * * * * * * * * * * * * * * * * * * * * * * * * * * * * * * * * * * * * * * * * * * * * * * * * * * * * * * * * * * * * * * * * * * * * * * * * * * * * * * * * * * * * * * * * * * * * * * * * * * * * * * * * * * * * * * * * * * * * * * * * * * * * * * * * * * * * * * * * * * * * * * * * * * * * * * * * * * * * * * * * * * * * * * * * * * * * * * * * * * * * * * * * * * * * * * * * * * * * * * * * * * * * * * * * * * * * * * * * * * * * * * * * * * * * * * * * * * * * * * * * * ** * * * * * * * * * * * * * * * * * * * * * * * * * * * * * * * * * * * * * * * * * * * * * * * * * * * * * * * * * * * * * * * * * * * * * * * * * * * * * * * * * * * * * * * * * * * * * * * * * * * * * * * * * * * * * * * * * * * * * * * * * * * * * * * * * * * * * * * * * * * * * * * * * * * * * * * * * * * * * * * * * * * * * * * * * * * * * * * * * * * * * * * * * * * * * * * * * * * * * * * * * * * * * * * * * * * * * * * * * * * * * * * * * * * * * * * * * * * * * * * * * * * * * * * * * * * * * * * * * * * * * * *,1,*что? * * * * * * * * * * * * * * * * * * * * * * * * * * * * * * * * * * * * * * * * * * * * * * * * * * * * * * * * * * * * * * * * * * * * * * * * * * * * * * * * * * * * * * * * * * * * * * * * * * * * * * * * * * * * * * * * * * * * * * * * * * * * * * * * * * * * * * * * * * * * * * * * * * * * * * * * * * * * * * * * * * * * * * * * * * * * * * * * * * * * * * * * * * * * * * * * * * * * * * * * * * * * * * * * * * * * * * * * * * * * * * * * * * * * * * * * * * * * * * * * * ** * * * * * * * * * * * * * * * * * * * * * * * * * * * * * * * * * * * * * * * * * * * * * * * * * * * * * * * * * * * * * * * * * * * * * * * * * * * * * * * * * * * * * * * * * * * * * * * * * * * * * * * * * * * * * * * * * * * * * * * * * * * * * * * * * * * * * * * * * * * * * * * * * * * * * * * * * * * * * * * * * * * * * * * * * * * * * * * * * * * * * * * * * * * * * * * * * * * * * * * * * * * * * * * * * * * * * * * * * * * * * * * * * * * * * * * * * * * * * * * * * * * * * * * * * * * * * * * * * * * * * * *,что
.. ..почему .. .. . . . . . . . . . . . . . . . . . . . . . . . . . . . . . . . . . . . . . . . . . . . . . . . . . . . . . . . . . . . . . . . . . . . . . . . . . . . . . . . . . . . . . . . . . . . . . . . . . . . . . . . . . . . . . . . . . . . . . . . . . . . . . . . . . . . . . . . . . . . . . . . . . . . . . . . . . . . . . . . . . . . . . . . . . . . . . . . . . . . . . . . . . . . . . . . . . . . . . . . . . . . . . . . . . . . . . . . . . . .,0,.. ..почему .. .. . . . . . . . . . . . . . . . . . . . . . . . . . . . . . . . . . . . . . . . . . . . . . . . . . . . . . . . . . . . . . . . . . . . . . . . . . . . . . . . . . . . . . . . . . . . . . . . . . . . . . . . . . . . . . . . . . . . . . . . . . . . . . . . . . . . . . . . . . . . . . . . . . . . . . . . . . . . . . . . . . . . . . . . . . . . . . . . . . . . . . . . . . . . . . . . . . . . . . . . . . . . . . . . . . . . . . . . . . . .,почему
Эй,0,эй,эй
.. ..Однажды. .. . . . . . . . . . . . . . . . . . . . . . . . . . . . . . . . . . . . . . . . . . . . . . . . . . . . . . . . . . . . . . . . . . . . . . . . . . . . . . . . . . . . . . . . . . . . . . . . . . . . . . . . . . . . . . . . . . . . . . . . . . . . . . . . . . . . . . . . . . . . . . . . . . . . . . . . . . . . . . . . . . . . . . . . . . . . . . . . . . . . . . . . . . . . . . . . . . . . . . .,0,.. ..однажды. .. . . . . . . . . . . . . . . . . . . . . . . . . . . . . . . . . . . . . . . . . . . . . . . . . . . . . . . . . . . . . . . . . . . . . . . . . . . . . . . . . . . . . . . . . . . . . . . . . . . . . . . . . . . . . . . . . . . . . . . . . . . . . . . . . . . . . . . . . . . . . . . . . . . . . . . . . . . . . . . . . . . . . . . . . . . . . . . . . . . . . . . . . . . . . . . . . . . . . . .,однажды
~ ~ ~ à à à à à à à à à à à à à à à à à à à à à à à à à à à à à à à à à à à à à à à à à à à à à à à à à à à à à à à à à à à à à à à à à à à à à à à à à à à à à à à à à à à à à à à à à à à à à à à à à à à à à à à à à à à à à à à à à à dé à à à à à à à à à à à à à à à à à à à à à à à à à à à à à à à à à à à à à à à à à à à à à à à à à à à à à à à à à à à à à à à à à à à à à à à à à à à à à à à à à à à à à à à à à à à à à à à à à à à à à à à à à à à à à à à à à à à à à à à à à à à à à à à à à à à à à à à à,1,~ ~ ~ à à à à à à à à à à à à à à à à à à à à à à à à à à à à à à à à à à à à à à à à à à à à à à à à à à à à à à à à à à à à à à à à à à à à à à à à à à à à à à à à à à à à à à à à à à à à à à à à à à à à à à à à à à à à à à à à à à dé à à à à à à à à à à à à à à à à à à à à à à à à à à à à à à à à à à à à à à à à à à à à à à à à à à à à à à à à à à à à à à à à à à à à à à à à à à à à à à à à à à à à à à à à à à à à à à à à à à à à à à à à à à à à à à à à à à à à à à à à à à à à à à à à à à à à à à à à,d
.. ..Однажды . . . . . . . . . . . . . . . . . . . . . . . . . . . . . . . . . . . . . . . . . . . . . . . . . . . . . . . . . . . . . . . . . . . . . . . . . . . . . . . . . . . . . . . . . . . . . . . . . . . . . . . . . . . . . . . . . . . . . . . . . . . . . . . . . . . . . . . . . . . . . . . . . . . . . . . . . . . . . . . . . . . . . . . . . . . . . . . . . . . . . . . . . . . . . . . . .,0,.. ..однажды . . . . . . . . . . . . . . . . . . . . . . . . . . . . . . . . . . . . . . . . . . . . . . . . . . . . . . . . . . . . . . . . . . . . . . . . . . . . . . . . . . . . . . . . . . . . . . . . . . . . . . . . . . . . . . . . . . . . . . . . . . . . . . . . . . . . . . . . . . . . . . . . . . . . . . . . . . . . . . . . . . . . . . . . . . . . . . . . . . . . . . . . . . . . . . . . .,однажды
.. .. ..Однажды.. . . . . . . . . . . . . . . . . . . . . . . . . . . . . . . . . . . . . . . . . . . . . . . . . . . . . . . . . . . . . . . . . . . . . . . . . . . . . . . . . . . . . . . . . . . . . . . . . . . . . . . . . . . . . . . . . . . . . . . . . . . . . . . . . . . . . . . . . . . . . . . . . . . . . . . . . . . . . . . . . . . . . . . . . . . . . . . . . . . . . . . . . . . . . . .,0,.. .. ..однажды.. . . . . . . . . . . . . . . . . . . . . . . . . . . . . . . . . . . . . . . . . . . . . . . . . . . . . . . . . . . . . . . . . . . . . . . . . . . . . . . . . . . . . . . . . . . . . . . . . . . . . . . . . . . . . . . . . . . . . . . . . . . . . . . . . . . . . . . . . . . . . . . . . . . . . . . . . . . . . . . . . . . . . . . . . . . . . . . . . . . . . . . . . . . . . . .,однажды
.. ..так . . . . . . . . . . . . . . . . . . . .,1,.. ..так . . . . . . . . . . . . . . . . . . . .,так
.. .. ..что .. .. ..что .. . . . . . . . . . . . . . . . . . . . . . . . . . . . . . . . . . . . . . . . . . . . . . . . . . . . . . . . . . . . . . . . . . . . . . . . . . . . . . . . . . . . . . . . . . . . . . . . . . . . . . . . . . . . . . . . . . . . . . . . . . . . . . . . . . . . . . . . . . . . . . . . . . . . . . . . . . . . . . . . . . . . . . . . . . . . . . . . . . . . . . . . . . . . . . . . . . . . . . . . . . . . . . . . . . . . . . . . . . . . . . . . . . . . . . . . . . . . . . . . . . . .,0,.. .. ..что .. .. ..что .. . . . . . . . . . . . . . . . . . . . . . . . . . . . . . . . . . . . . . . . . . . . . . . . . . . . . . . . . . . . . . . . . . . . . . . . . . . . . . . . . . . . . . . . . . . . . . . . . . . . . . . . . . . . . . . . . . . . . . . . . . . . . . . . . . . . . . . . . . . . . . . . . . . . . . . . . . . . . . . . . . . . . . . . . . . . . . . . . . . . . . . . . . . . . . . . . . . . . . . . . . . . . . . . . . . . . . . . . . . . . . . . . . . . . . . . . . . . . . . . . . . .,что что
b/,0,b/,b
.. .. ..последний номер .. . . . . . . . . . . . . .,1,.. .. ..последний номер .. . . . . . . . . . . . . .,последний номер
.. .. ..номер побега .. . . . . . . . . . . . . .,1,.. .. ..номер побега .. . . . . . . . . . . . . .,номер побега
à à à à à à à à à à à à à à à à à à à à à à à à à à à à à à à à à à à à à à à à à à à dé à à à à à à à à à à à à à à à à dé à à à à à à à à à à à à à à à à à à à à à à à à à à à à à à à à à à à à à à à à à à à à à à à à à à à à à à à à à à à à à à à à à à à à à à à à à à à à à à à à à à à à à à à à à à à à à à à à à à à à à à à à à à à à à à à à à à à à à à à à à à à à à à à à à à à à à à à à à à à à à à à à à à à à à à à à à à à à à à à à à à à à à à à à à à à à à à à à à à à à à à à à à à à à à à à à à à,1,à à à à à à à à à à à à à à à à à à à à à à à à à à à à à à à à à à à à à à à à à à à dé à à à à à à à à à à à à à à à à dé à à à à à à à à à à à à à à à à à à à à à à à à à à à à à à à à à à à à à à à à à à à à à à à à à à à à à à à à à à à à à à à à à à à à à à à à à à à à à à à à à à à à à à à à à à à à à à à à à à à à à à à à à à à à à à à à à à à à à à à à à à à à à à à à à à à à à à à à à à à à à à à à à à à à à à à à à à à à à à à à à à à à à à à à à à à à à à à à à à à à à à à à à à à à à à à à à à,d d
à à à à à à à à à à à à à à à à à à à à à à à à à à à à à à à à à à à à à à à à à à à à à à à à à à à à à à à à à à à à à à à à à à à à à à à à à à à à à à dé à à à à à à à à à à à à à à à à à à à à à à à à à à à à à à à à à à à à à à à à à à à à à à à à à à à à à à à à à à à à à à à à à à à à à à à à à à à à à à à à à à à à à à à à à à à à à à à à à à à à à à à à à à à à à à à à à à à à à à à à à à à à à à à à à à à à à à à à à à à à à à à à à à à à à à à à à à à à à à à à à à à à à à à à à à à à à à à à,1,à à à à à à à à à à à à à à à à à à à à à à à à à à à à à à à à à à à à à à à à à à à à à à à à à à à à à à à à à à à à à à à à à à à à à à à à à à à à à à dé à à à à à à à à à à à à à à à à à à à à à à à à à à à à à à à à à à à à à à à à à à à à à à à à à à à à à à à à à à à à à à à à à à à à à à à à à à à à à à à à à à à à à à à à à à à à à à à à à à à à à à à à à à à à à à à à à à à à à à à à à à à à à à à à à à à à à à à à à à à à à à à à à à à à à à à à à à à à à à à à à à à à à à à à à à à à à à à à,d
"""Что ты делаешь?",1,"""что ты делаешь?",что ты делаешь
".. .. .. ..прошу вас, господа.. ..прошу вас, господа..",1,".. .. .. ..прошу вас, господа.. ..прошу вас, господа..",прошу вас господа прошу вас господа
~1 ~41 ~ 4çé à à à à à à à à à à à à à à à à à à à à à à à à à à à à à à à à à à ä à à à à à à à à à à à à à à à à à à à à à à à à à à à à à à à à à à à à à à à à à à à à à à à à à à à à à à à à à à à à à à à à à à à à à à à à à à à à à à à à à à à à à à à à à à à à à à à à à à à à à à à à à à à à à à à à à à à à à à à à à à à à à à à à à à à à à à à à à à à à à à à à à à à à à à à à à à à à à à à à à à à à à à à à à à à à à à à à à à à à à à à à à à à à à à à à à à à à à à à à à à à à à à à à à à à à à,1,~1 ~41 ~ 4çé à à à à à à à à à à à à à à à à à à à à à à à à à à à à à à à à à à ä à à à à à à à à à à à à à à à à à à à à à à à à à à à à à à à à à à à à à à à à à à à à à à à à à à à à à à à à à à à à à à à à à à à à à à à à à à à à à à à à à à à à à à à à à à à à à à à à à à à à à à à à à à à à à à à à à à à à à à à à à à à à à à à à à à à à à à à à à à à à à à à à à à à à à à à à à à à à à à à à à à à à à à à à à à à à à à à à à à à à à à à à à à à à à à à à à à à à à à à à à à à à à à à à à à à à à,num num num
~ ~ ~ ~ ~ ~ ~ ~ ~ ~ ~ ~ ~ ~ ~ à à à à à à à à à à à à à à à à à à à à à à à à à à à à à à à à à à à à à à à à à à à à à à à à à à à à à à à à à à à à à à à dé à à à à à à à à à à à à à à à à à à à à à à à à à à à à à à à à à à à à à à à à à à à à à à à à à à à à à à ~ à à à à à à à à à à à à à à à à à à à à à à à à à à à à à à à à à à à à ~ à à à à à à à à à à à à à à à à à à à à à à à à à à à à à ~ à à à à à à à à à à à à à à à à à à à à à ~ ~ ~ ~ ~ ~ ~ à à à à à ~ à à à à à à à à à à à à à à à à à à à à,1,~ ~ ~ ~ ~ ~ ~ ~ ~ ~ ~ ~ ~ ~ ~ à à à à à à à à à à à à à à à à à à à à à à à à à à à à à à à à à à à à à à à à à à à à à à à à à à à à à à à à à à à à à à à dé à à à à à à à à à à à à à à à à à à à à à à à à à à à à à à à à à à à à à à à à à à à à à à à à à à à à à à ~ à à à à à à à à à à à à à à à à à à à à à à à à à à à à à à à à à à à à ~ à à à à à à à à à à à à à à à à à à à à à à à à à à à à à ~ à à à à à à à à à à à à à à à à à à à à à ~ ~ ~ ~ ~ ~ ~ à à à à à ~ à à à à à à à à à à à à à à à à à à à à,d
~ à à à à à à à à à à à à à à à à à à à à à à à à à à à à à à à à à à à à à à à à à à à à à à à à à à à à à à à à à à à à à à à à à à à à à à à à à à à à à à à à à à à à à à à à à à à à à à à à à à à à à à à à à à à à à à à à à à à à à à dé à à à à à à à à à à à à à à à à à à à à à à à à à à à à à à à à à à à à à à à à à à à à à à à à à à à à à à à à à à à à à à à à à à à à à à à à à à à à à à à à à à à à à à à à à à à à à à à à à à à à à à à à à à à à à à à à à à à à à à à à à à à à à à à à à à à à à,1,~ à à à à à à à à à à à à à à à à à à à à à à à à à à à à à à à à à à à à à à à à à à à à à à à à à à à à à à à à à à à à à à à à à à à à à à à à à à à à à à à à à à à à à à à à à à à à à à à à à à à à à à à à à à à à à à à à à à à à à à dé à à à à à à à à à à à à à à à à à à à à à à à à à à à à à à à à à à à à à à à à à à à à à à à à à à à à à à à à à à à à à à à à à à à à à à à à à à à à à à à à à à à à à à à à à à à à à à à à à à à à à à à à à à à à à à à à à à à à à à à à à à à à à à à à à à à à à,d
~ ~ à à à à à à à à à à à à à à à à à à à à à à à à à à à à à à à à à à à à à à à à à à à à à à à à à à à à à à à à à à à à à à à à à à à à à à à à à à à à à à à à à à à à à à à à à à à à à à à à à à à à à à à à à à à à à à à à à à dé à à à à à à à à à à à à à à à à à à à à à à à à à à à à à à à à à à à à à à à à à à à à à à à à à à à à à à à à à à à à à à à à à à à à à à à à à,1,~ ~ à à à à à à à à à à à à à à à à à à à à à à à à à à à à à à à à à à à à à à à à à à à à à à à à à à à à à à à à à à à à à à à à à à à à à à à à à à à à à à à à à à à à à à à à à à à à à à à à à à à à à à à à à à à à à à à à à à dé à à à à à à à à à à à à à à à à à à à à à à à à à à à à à à à à à à à à à à à à à à à à à à à à à à à à à à à à à à à à à à à à à à à à à à à à à,d
.. .. .. ..проникнуть из побега.. .. . . . . . . . . . . . . . . . . . . . . . . . . . . . . . . . . . . . . . . . . . . . . . . . . . . . . . . . . . . . . . . . . . . . . . . . . . . . . . . . . . . . . . . . . . . . . . . . . . . . . . . . . . . . . . . . . . . . . . . . . . . . . . . . . . . . . . . . . . . . . . . . . . . . . . . . . . . . . . . . . . . . . . . . . . . .,1,.. .. .. ..проникнуть из побега.. .. . . . . . . . . . . . . . . . . . . . . . . . . . . . . . . . . . . . . . . . . . . . . . . . . . . . . . . . . . . . . . . . . . . . . . . . . . . . . . . . . . . . . . . . . . . . . . . . . . . . . . . . . . . . . . . . . . . . . . . . . . . . . . . . . . . . . . . . . . . . . . . . . . . . . . . . . . . . . . . . . . . . . . . . . . . .,проникнуть из побега
~ ~ ~ ~ 433 ~ ~ ~ ~ ~ ~ ~ ~ ~ ~ ~ ~ ~ ~ ~ ~ ~ ~ ~ ~ ~ ~ ~ ~ ~ ~ ~ ~ ~ ~ ~ ~ ♫ ♫ ♫ ♫ ♫ ♫ ♫ ♫ ♫ ♫ ♫ ♫ ♫ ♫ ♫ ♫ ♫ ♫ ♫ ♫ ♫ ♫ ♫ ♫ ♫ ♫ ♫ ♫ ♫ ♫ ♫ ♫ ♫ ♫ ♫ ♫ ♫ ♫ ♫ ♫ ♫ ♫ ♫ ♫ ♫ ♫ ♫ ♫ ♫ ♫ ♫ ♫ ♫ ♫ ♫ ♫ ♫ ♫ ♫ ♫ ♫ ♫ ♫ ♫ ♫ ♫ ♫ ♫ ♫ ♫ ♫ ♫ ♫ ♫ ♫ ♫ ♫ ♫ ♫ ♫ ♫ ♫ ♫ ♫ ♫ ♫ ♫ ♫ ♫ ♫ ♫ ♫ ♫ ♫ ♫ . ♫ . . . . . . . . . . . . . . . . . . . . . . . . . . . . . . . . . . . . . . . . . . . . . . . . . . . . . . . . . . . . . . . . . . . . . . . . . . . . . . . . . . . . . . . . . . . . . . . 1 . 1 . 1 . 1 . 1 ~ 1 ~ ~ ~ 1 ~ ~ ~ ~ ~ ~ ~ ~ ~ ~ ~ ~ ~ ~,1,~ ~ ~ ~ 433 ~ ~ ~ ~ ~ ~ ~ ~ ~ ~ ~ ~ ~ ~ ~ ~ ~ ~ ~ ~ ~ ~ ~ ~ ~ ~ ~ ~ ~ ~ ~ ~ ♫ ♫ ♫ ♫ ♫ ♫ ♫ ♫ ♫ ♫ ♫ ♫ ♫ ♫ ♫ ♫ ♫ ♫ ♫ ♫ ♫ ♫ ♫ ♫ ♫ ♫ ♫ ♫ ♫ ♫ ♫ ♫ ♫ ♫ ♫ ♫ ♫ ♫ ♫ ♫ ♫ ♫ ♫ ♫ ♫ ♫ ♫ ♫ ♫ ♫ ♫ ♫ ♫ ♫ ♫ ♫ ♫ ♫ ♫ ♫ ♫ ♫ ♫ ♫ ♫ ♫ ♫ ♫ ♫ ♫ ♫ ♫ ♫ ♫ ♫ ♫ ♫ ♫ ♫ ♫ ♫ ♫ ♫ ♫ ♫ ♫ ♫ ♫ ♫ ♫ ♫ ♫ ♫ ♫ ♫ . ♫ . . . . . . . . . . . . . . . . . . . . . . . . . . . . . . . . . . . . . . . . . . . . . . . . . . . . . . . . . . . . . . . . . . . . . . . . . . . . . . . . . . . . . . . . . . . . . . . 1 . 1 . 1 . 1 . 1 ~ 1 ~ ~ ~ 1 ~ ~ ~ ~ ~ ~ ~ ~ ~ ~ ~ ~ ~ ~,num num num num num num num num
.. .. ..чтобы убежать.. ..чтобы убежать.. .. ..чтобы убежать..,0,.. .. ..чтобы убежать.. ..чтобы убежать.. .. ..чтобы убежать..,чтобы убежать чтобы убежать чтобы убежать
~ ~ ~ ~ à à à à à à à à à à à à à à à à à à à à à à à à à à à à à à à à à à à à à à à à à à à à à à à à à à à à à à à à à à à à à à à à à à à à à à à à à à à à à à à à à à à à à à à à à à à à à à à à à à à à à à à à à à à à à à à à à d à à à à à à à à à à à à à à à à à à à à à à à à à à à à à à à à à à à à à à à à à à à à à à à à à à à à à à à à à à à à à à à à à à à à à à à à à à à à à à à à à à à à à à à à à à à à à à à à à à à à à à à à à à à à à à à à à à à à à à à à à à à à à à à à à à à à à à à,1,~ ~ ~ ~ à à à à à à à à à à à à à à à à à à à à à à à à à à à à à à à à à à à à à à à à à à à à à à à à à à à à à à à à à à à à à à à à à à à à à à à à à à à à à à à à à à à à à à à à à à à à à à à à à à à à à à à à à à à à à à à à à d à à à à à à à à à à à à à à à à à à à à à à à à à à à à à à à à à à à à à à à à à à à à à à à à à à à à à à à à à à à à à à à à à à à à à à à à à à à à à à à à à à à à à à à à à à à à à à à à à à à à à à à à à à à à à à à à à à à à à à à à à à à à à à à à à à à à à à à,d
~ à à à à à à à à à à à à à à à à à à à à à à à à à à à à à à à à à à à à à à à à à à à à à à à à à à à à à à à à à à à à à à à à à à à à à à à à à à à à à à à à à à à à à à à à à à à à à à à à à à à à à à à à à à à à à à à à à à à à à à à à à à à à à à à à à à à à à à à à à à à à à à d à à à à à à à à à à à à à à à à à à à à à à à à à à à à à à à à à à à à à à à à à à à à à à à à à à à à à à à à à à à à à à à à à à,1,~ à à à à à à à à à à à à à à à à à à à à à à à à à à à à à à à à à à à à à à à à à à à à à à à à à à à à à à à à à à à à à à à à à à à à à à à à à à à à à à à à à à à à à à à à à à à à à à à à à à à à à à à à à à à à à à à à à à à à à à à à à à à à à à à à à à à à à à à à à à à à à à d à à à à à à à à à à à à à à à à à à à à à à à à à à à à à à à à à à à à à à à à à à à à à à à à à à à à à à à à à à à à à à à à à à,d
.. .. ..так . . . . . . . . . . . . . . . . . . . . . . . . . . . . . . . . . . . . . . . . . . . . . . . . . . . . . . . . . . . . . . . . . . . . . . . . . . . . . . . . . . . . . . . . . . . . . . . . . . . . . . . . . . . . . . . . . . . . . . . . . . . . . . . . . . . . . . . . . . . . . . . . . . . . . . . . . . . . . . . . . . . . . . . . . . . . . . . . . . . . . . . . . . . . . . . . . . . . . . . . . . . . . . . . . . . . . . . . . . . . . . . . . . . . . . . . . . . . . . . . . . . . . . . . . .,1,.. .. ..так . . . . . . . . . . . . . . . . . . . . . . . . . . . . . . . . . . . . . . . . . . . . . . . . . . . . . . . . . . . . . . . . . . . . . . . . . . . . . . . . . . . . . . . . . . . . . . . . . . . . . . . . . . . . . . . . . . . . . . . . . . . . . . . . . . . . . . . . . . . . . . . . . . . . . . . . . . . . . . . . . . . . . . . . . . . . . . . . . . . . . . . . . . . . . . . . . . . . . . . . . . . . . . . . . . . . . . . . . . . . . . . . . . . . . . . . . . . . . . . . . . . . . . . . . .,так
.. .. ..проникнуть .. .. .. . . . . . . . . . . . . . . . . . . . . . . . . . . . . . . . . . . . . . . . . . . . . . . . . . . . . . . . . . . . . . . . . . . . . . . . . . . . . . . . . . . . . . . . . . . . . . . . . . . . . . . . . . . . . . . . . . . . . . . . . . . . . . . . . . . . . . . . . . . . . . . . . . . . . . . . . . . . . . . . . . . . . . . . . . . . . . . . . . . . . . . . . . . . . . . . . . . . . . . . . . . . . . . . . . . . . .,1,.. .. ..проникнуть .. .. .. . . . . . . . . . . . . . . . . . . . . . . . . . . . . . . . . . . . . . . . . . . . . . . . . . . . . . . . . . . . . . . . . . . . . . . . . . . . . . . . . . . . . . . . . . . . . . . . . . . . . . . . . . . . . . . . . . . . . . . . . . . . . . . . . . . . . . . . . . . . . . . . . . . . . . . . . . . . . . . . . . . . . . . . . . . . . . . . . . . . . . . . . . . . . . . . . . . . . . . . . . . . . . . . . . . . . .,проникнуть
.. ..Однажды .. . . . . . . . . . . . . . . . . . . . . . . . . . . . . . . . . . . . . . . . . . . . . . . . . . . . . . . . . . . . . . . . . . . . . . . . . . . . . . . . . . . . . . . . . . . . . . . . . . . . . . . . . . . . . . . . . . . . . . . . . . . . . . . . . . . . . . . . . . . . . . . . . . . . . . . . . . . . . . . . . . . . . . . . . . . . . . . . . . . . . . . . . . . . . . . . . . . . . . . . . . .,1,.. ..однажды .. . . . . . . . . . . . . . . . . . . . . . . . . . . . . . . . . . . . . . . . . . . . . . . . . . . . . . . . . . . . . . . . . . . . . . . . . . . . . . . . . . . . . . . . . . . . . . . . . . . . . . . . . . . . . . . . . . . . . . . . . . . . . . . . . . . . . . . . . . . . . . . . . . . . . . . . . . . . . . . . . . . . . . . . . . . . . . . . . . . . . . . . . . . . . . . . . . . . . . . . . . .,однажды
.. ..Однажды. .. . . . . . . . . . . .,1,.. ..однажды. .. . . . . . . . . . . .,однажды
.. .. ..почему .. . . . . . . . . . . . . . . . . . . . . . . . . . . . . . . . . . . . . . . . . . . . . . . . . . . . . . . . . . . . . . . . . . . . . . . . . . . . . . . . . . . . . . . . . . . . . . . . . . . . . . . . . . . . . . . . . . . . . . . . . . . . . . . . . . . . . . . . . . . . . . . . . . . . . . . . . . . . . . . . . . . . . . . . . . . . . . . . . .,0,.. .. ..почему .. . . . . . . . . . . . . . . . . . . . . . . . . . . . . . . . . . . . . . . . . . . . . . . . . . . . . . . . . . . . . . . . . . . . . . . . . . . . . . . . . . . . . . . . . . . . . . . . . . . . . . . . . . . . . . . . . . . . . . . . . . . . . . . . . . . . . . . . . . . . . . . . . . . . . . . . . . . . . . . . . . . . . . . . . . . . . . . . . .,почему
~ 3 à à à à à à à à à à à à à à à à à à à à à à à à à à à à à à à à à à à à à à à à à à à à à à à à à à à à à à à à à à à à à à à à à à à à à à à à à à à à à à à à à à à à à à à à à à à à à à à à à à à à à à à à à à à à à à à à à à à à à à à à à à à à à à à à à à à à à à à à à à à à à à à à à à à à à à à à à à à à à à à à à à à à à à à à à à à à à à à à à à à à à à à à à à à à à à à à à à à à à à à à à à à à à à à à à à à à à à à à à à à à à à à à à à à à à à à à à à à à à à à à à à à à à à à à à à à à à,1,~ 3 à à à à à à à à à à à à à à à à à à à à à à à à à à à à à à à à à à à à à à à à à à à à à à à à à à à à à à à à à à à à à à à à à à à à à à à à à à à à à à à à à à à à à à à à à à à à à à à à à à à à à à à à à à à à à à à à à à à à à à à à à à à à à à à à à à à à à à à à à à à à à à à à à à à à à à à à à à à à à à à à à à à à à à à à à à à à à à à à à à à à à à à à à à à à à à à à à à à à à à à à à à à à à à à à à à à à à à à à à à à à à à à à à à à à à à à à à à à à à à à à à à à à à à à à à à à à à,num
".. .. .. . .. .. .. .. .. .. .. .. .. .. .. .. .. .. .. .. .. .. .. .. .. .. .. .. .. .. .. .. ... .. .. .. .. .. .. ... ... ... .. .. .. .. .. ... .. ... ... ... ... .. ... .. .. ... ... .. ... .... ... ... ..... .... .... .. .... .... ........ ............ ........ .................. ................. ..... . . .. . . . .. .... . .......... ну... ну ну... ну... ну... ну... ну, ну... ну... ну... ну... ну... ну... ну... ну... ну... ну... ну... ну... ну... ну... ну... ну... ну... ну... ну... .... .... .... .... .... .... .... .... .......... .... .... .... .... .... .... .... .... ...... .... .... .... .... ...... .... ..... ,",1,".. .. .. . .. .. .. .. .. .. .. .. .. .. .. .. .. .. .. .. .. .. .. .. .. .. .. .. .. .. .. .. ... .. .. .. .. .. .. ... ... ... .. .. .. .. .. ... .. ... ... ... ... .. ... .. .. ... ... .. ... .... ... ... ..... .... .... .. .... .... ........ ............ ........ .................. ................. ..... . . .. . . . .. .... . .......... ну... ну ну... ну... ну... ну... ну, ну... ну... ну... ну... ну... ну... ну... ну... ну... ну... ну... ну... ну... ну... ну... ну... ну... ну... ну... .... .... .... .... .... .... .... .... .......... .... .... .... .... .... .... .... .... ...... .... .... .... .... ...... .... ..... ,",ну ну ну ну ну ну ну ну ну ну ну ну ну ну ну ну ну ну ну ну ну ну ну ну ну ну
.. .. ..найти ..---------------------------------------------------------------------------------------------------------------------------------------------------------------------------------------------------------------------------------------------------------------------------------------------------------------------------------------------------------------------------------------------------------------------------------------------------------------------------------------------------------------,0,.. .. ..найти ..---------------------------------------------------------------------------------------------------------------------------------------------------------------------------------------------------------------------------------------------------------------------------------------------------------------------------------------------------------------------------------------------------------------------------------------------------------------------------------------------------------------,найти
".. .. ..последствия, связанные с побегом.. ..",1,".. .. ..последствия, связанные с побегом.. ..",последствия связанные с побегом
.. .. ..почему .. . . . . . . . . . . . . . . . . . . . . . . . . . . . . . . . . . . . . . . . . . . . . . . . . . . . . . . . . . . . . . . . . . . . . . . . . . . . . . . . . . . . . . . . . . . . . . . . . . . . . . . . . . . . . . . . . . . . . . . . . . . . . . . . . . . . . . . . . . . . . . . . . . . . . . . . . . . . . . . . . . . . . . . . . . . . . . . . . . . . . . . . . . . . . . . .,0,.. .. ..почему .. . . . . . . . . . . . . . . . . . . . . . . . . . . . . . . . . . . . . . . . . . . . . . . . . . . . . . . . . . . . . . . . . . . . . . . . . . . . . . . . . . . . . . . . . . . . . . . . . . . . . . . . . . . . . . . . . . . . . . . . . . . . . . . . . . . . . . . . . . . . . . . . . . . . . . . . . . . . . . . . . . . . . . . . . . . . . . . . . . . . . . . . . . . . . . . .,почему
Что ты делаешь?,0,что ты делаешь?,что ты делаешь
èç1äúúúàääöööö2 äüäö3 ääää éóè1 à à à à à à à à à à à à à à à à à à à à à à à à à à à à à à à à à à à à à à à à à à à à à à à à à à à à à à à à à à à à à à à à à à à à à à à à à à ä ä ä ä ä ä ä ä ä ä ä ä ä ä ä ä ä ä ä ä ä ä ä ä ä ä ä ä ä ä ä ä ä ä ä ä ä ä ä ä ä ä ä ä ä ä ä ä ä ä ä ä ä ä ä ä ä ä ä ä ä ä ä ä ä ä ä ä ä ä ä ä ä ä ä ä ä ä ä ä ä ä ä ä ä ä ä ä ä ä ä ä ä ä ä ä ä ä ä ä ä ä ä ́ ́ ́ ́ ́ ́ ́ ́ ́ ́ ́ ́ ́ ́ ́ ́ ́ ́ ́ ́ ́ ́ ́ ́ ́ ́ ́ ́ ́ ́ ́ ́ ́ ́ ́ ́ ́ ́ ́ ́ ́ ́ ́ ́ ́ ́ ́ ́ ́ ́ ́ ́ ́ ́,1,èç1äúúúàääöööö2 äüäö3 ääää éóè1 à à à à à à à à à à à à à à à à à à à à à à à à à à à à à à à à à à à à à à à à à à à à à à à à à à à à à à à à à à à à à à à à à à à à à à à à à à ä ä ä ä ä ä ä ä ä ä ä ä ä ä ä ä ä ä ä ä ä ä ä ä ä ä ä ä ä ä ä ä ä ä ä ä ä ä ä ä ä ä ä ä ä ä ä ä ä ä ä ä ä ä ä ä ä ä ä ä ä ä ä ä ä ä ä ä ä ä ä ä ä ä ä ä ä ä ä ä ä ä ä ä ä ä ä ä ä ä ä ä ä ä ä ä ä ä ä ä ä ä ä ́ ́ ́ ́ ́ ́ ́ ́ ́ ́ ́ ́ ́ ́ ́ ́ ́ ́ ́ ́ ́ ́ ́ ́ ́ ́ ́ ́ ́ ́ ́ ́ ́ ́ ́ ́ ́ ́ ́ ́ ́ ́ ́ ́ ́ ́ ́ ́ ́ ́ ́ ́ ́ ́,num num num num
х. . . . . . . . . . . . . . . . . . . . . . . . . . . . . . . . . . . . . . . . . . . . . . . . . . . . . . . . . . . . . . . . . . . . . . . . . . . . . . . . . . . . . . . . . . . . . . . . . . . . . . . . . . . . . . . . . . . . . . . . . . . . . . . . . . . . . . . . . . . . . . . . . . . . . . . . . . . . . . . . . . . . . . . . . . . . . . . . . . . . . . . . . . . . . . . . . . . . . . . . . . . . . . . . . . . . . . . . . . . . . . . . . . . . . . . . . . . . . . . . . . . . . . . . . . . . . .,0,х. . . . . . . . . . . . . . . . . . . . . . . . . . . . . . . . . . . . . . . . . . . . . . . . . . . . . . . . . . . . . . . . . . . . . . . . . . . . . . . . . . . . . . . . . . . . . . . . . . . . . . . . . . . . . . . . . . . . . . . . . . . . . . . . . . . . . . . . . . . . . . . . . . . . . . . . . . . . . . . . . . . . . . . . . . . . . . . . . . . . . . . . . . . . . . . . . . . . . . . . . . . . . . . . . . . . . . . . . . . . . . . . . . . . . . . . . . . . . . . . . . . . . . . . . . . . . .,х
~1 ~41 ~ 4çé à à à à à à à à à à à à à à à à à à à à à à à à à à à à à à à à à à à à ä à à à à à à à à à à à à à à à à à à à à à à à à à à à à à à à à à à à à à à à à à à à à à à à à à à à à à à à à à à à à à à à à à à à à à à à à à à à à à à à à à à à à à à à à à à à à à à à à à à à à à à à à à à à à à à à à à à à à à à à à à à à à à à à à à à à à à à à à à à à à à à à à à à à à à à à à à à à à à à à à à à à à à à à à à à à à à à à à à à à à à à à à à à à à à à à à à à à à à à à à à à à à à à à à à à à à,1,~1 ~41 ~ 4çé à à à à à à à à à à à à à à à à à à à à à à à à à à à à à à à à à à à à ä à à à à à à à à à à à à à à à à à à à à à à à à à à à à à à à à à à à à à à à à à à à à à à à à à à à à à à à à à à à à à à à à à à à à à à à à à à à à à à à à à à à à à à à à à à à à à à à à à à à à à à à à à à à à à à à à à à à à à à à à à à à à à à à à à à à à à à à à à à à à à à à à à à à à à à à à à à à à à à à à à à à à à à à à à à à à à à à à à à à à à à à à à à à à à à à à à à à à à à à à à à à à à à à à à à à à,num num num
х. х. . . . . . . . . . . . . . . . . . . . . . . . . . . . . . . . . . . . . . . . . . . . . . . . . . . . . . . . . . . . . . . . . . . . . . . . . . . . . . . . . . . . . . . . . . . . . . . . . . . . . . . . . . . . . . . . . . . . . . . . . . . . . . . . . . . . . . . . . . . . . . . . . . . . . . . . . . . . . . . . . . . . . . . . . . . . . . . . . . . . . . . . . . . . . . . . . . . . . . . . . . . . . . . . . . . . . . . .,0,х. х. . . . . . . . . . . . . . . . . . . . . . . . . . . . . . . . . . . . . . . . . . . . . . . . . . . . . . . . . . . . . . . . . . . . . . . . . . . . . . . . . . . . . . . . . . . . . . . . . . . . . . . . . . . . . . . . . . . . . . . . . . . . . . . . . . . . . . . . . . . . . . . . . . . . . . . . . . . . . . . . . . . . . . . . . . . . . . . . . . . . . . . . . . . . . . . . . . . . . . . . . . . . . . . . . . . . . . . .,х х
.. . . . . . . . . . . . . . . . . . . . . . . . . . . . . . . . . . . . . . . . . . . . . . . . . . . . . . . . . . . . . . . . . . . . . . . . . . . . . . . . . . . . . . . . . . . . . . . . . . . . . . . . . . . . . . . . . . . . . . . . . . . . . . . . . . . . . . . . . . . . . . . . . . . . . . . . . . . . . . . . . . . . . . . . . . . . . . . . . . . . . . . . . . . . . . . . . . . . . . . . . . . . . . . . . . . . . . . . . . . d d d d d d d d d d d d d d d d d,1,.. . . . . . . . . . . . . . . . . . . . . . . . . . . . . . . . . . . . . . . . . . . . . . . . . . . . . . . . . . . . . . . . . . . . . . . . . . . . . . . . . . . . . . . . . . . . . . . . . . . . . . . . . . . . . . . . . . . . . . . . . . . . . . . . . . . . . . . . . . . . . . . . . . . . . . . . . . . . . . . . . . . . . . . . . . . . . . . . . . . . . . . . . . . . . . . . . . . . . . . . . . . . . . . . . . . . . . . . . . . d d d d d d d d d d d d d d d d d,d d d d d d d d d d d d d d d d d
.. .. ..проникнуть.. .. . . . . . . . . . . . . . . . . . . . . . . . . . . . . . . . . . . . . . . . . . . . . . . . . . . . . . . . . . . . . . . . . . . . . . . . . . . . . . . . . . . . . . . . . . . . . . . . . . . . . . . . . . . . . . . . . . . . . . . . . . . . . . . . . . . . . . . . . . . . . . . . . . . . . . . . . . . . . . . . . . . . . . . . . . . . . . . . . . . . . . . . . . . . . . . . . . . . . . . . . . . . . . . . . .,1,.. .. ..проникнуть.. .. . . . . . . . . . . . . . . . . . . . . . . . . . . . . . . . . . . . . . . . . . . . . . . . . . . . . . . . . . . . . . . . . . . . . . . . . . . . . . . . . . . . . . . . . . . . . . . . . . . . . . . . . . . . . . . . . . . . . . . . . . . . . . . . . . . . . . . . . . . . . . . . . . . . . . . . . . . . . . . . . . . . . . . . . . . . . . . . . . . . . . . . . . . . . . . . . . . . . . . . . . . . . . . . . .,проникнуть
~ 4~ 3~ 4~ 4~ 4~ ~ à à à à à à à à à à à à à à à à à à à à à à à à à à à à à à à à à à à à à à à à à à à à à à à à à à à à à à à à à à à à à à à à à à à à à à à à à à à à à à à à à à à à à à à à à à à à à à à à à à à à à à à à à à à à à à à à à à à à à à à à à à à à à à à à à à à à à à à à à à à à à à à à à à à à à à à à à à à à à à à à à à à à à à à à à à à à à à à à à à à à à à à à à à à à à à à à à à à à à à à à à à à à à à à à à à à à à à à à à à à à à à à à à à à à à à à à à à à à à à à à à à à à à à à,1,~ 4~ 3~ 4~ 4~ 4~ ~ à à à à à à à à à à à à à à à à à à à à à à à à à à à à à à à à à à à à à à à à à à à à à à à à à à à à à à à à à à à à à à à à à à à à à à à à à à à à à à à à à à à à à à à à à à à à à à à à à à à à à à à à à à à à à à à à à à à à à à à à à à à à à à à à à à à à à à à à à à à à à à à à à à à à à à à à à à à à à à à à à à à à à à à à à à à à à à à à à à à à à à à à à à à à à à à à à à à à à à à à à à à à à à à à à à à à à à à à à à à à à à à à à à à à à à à à à à à à à à à à à à à à à à à,num num num num num
Номер побега: номер побега: номер побега,0,номер побега: номер побега: номер побега,номер побега номер побега номер побега
.. ..пожалуйста.. ..пожалуйста..пожалуйста.,1,.. ..пожалуйста.. ..пожалуйста..пожалуйста.,пожалуйста пожалуйста пожалуйста
.. .. .. ..почему .. . . . . . . . . . . . . . . . . . . . . . . . . . . . . . . . . . . . . . . . . . . . . . . . . . . . . . . . . . . . . . . . . . . . . . . . . . . . . . . . . . . . . . . . . . . . . . . . . . . . . . . . . . . . . . . . . . . . . . . . . . . . . . . . . . . . . . . . . . . . . . . . . . . . . . . . . . . . . . . . . . . . . . . . . . . . . . . . . . . . . . . . . . . . . . . . . . . . . . . . . . . . . . . . . . . . . . . . . . . . . .,1,.. .. .. ..почему .. . . . . . . . . . . . . . . . . . . . . . . . . . . . . . . . . . . . . . . . . . . . . . . . . . . . . . . . . . . . . . . . . . . . . . . . . . . . . . . . . . . . . . . . . . . . . . . . . . . . . . . . . . . . . . . . . . . . . . . . . . . . . . . . . . . . . . . . . . . . . . . . . . . . . . . . . . . . . . . . . . . . . . . . . . . . . . . . . . . . . . . . . . . . . . . . . . . . . . . . . . . . . . . . . . . . . . . . . . . . . .,почему
.. .. .. .. .. . .. . ..найти .. .. .. .. .. .. .. .. .. .. . . . . . . . . . . . . . . . . . . . . . . . . . . . . . . . . . . . . . . . . . . . . . . . . . . . . . . . . . . . . . . . . . . . . . . . . . . . . . . . . . . . . . . . . . . . . . . . . . . . . . . . . . . . . . . . . . . . . . . . . . . . . . . . . . . . . . . . . . . . . . . . . . . . . . . . . . . . . . . . . . . . . . . . . . . . . . . . . . . . . . . . . . . . . . . . . . . . . . . . . . . . . . . . . . . . . . . . . . . . . . . . . . .,0,.. .. .. .. .. . .. . ..найти .. .. .. .. .. .. .. .. .. .. . . . . . . . . . . . . . . . . . . . . . . . . . . . . . . . . . . . . . . . . . . . . . . . . . . . . . . . . . . . . . . . . . . . . . . . . . . . . . . . . . . . . . . . . . . . . . . . . . . . . . . . . . . . . . . . . . . . . . . . . . . . . . . . . . . . . . . . . . . . . . . . . . . . . . . . . . . . . . . . . . . . . . . . . . . . . . . . . . . . . . . . . . . . . . . . . . . . . . . . . . . . . . . . . . . . . . . . . . . . . . . . . . .,найти
".. .. ..последствия, связанные с побегом .. . . . . . . . . . . .",0,".. .. ..последствия, связанные с побегом .. . . . . . . . . . . .",последствия связанные с побегом
~ 3 ~ 4 à à à ~ 4 à à à à à à à à à à à à à à à à à à à à à à à à à à à à à à à à à à à à à à à à à à à à à à à à à à à à à à à à à à à à à à à à à à à à à à à à à à à à à à à à à à à à à à à à à à à à à à à à à à à à à à à à à à à à à à à à à à à à à à à à à à à à à à à à à à à à à à à à à à à à à à à à à à à à à à à à à à à à à à à à à à à à à à à à à à à à à à à à à à à à à à à à à à à à à à à à à à à à à à à à à à à à à à à à à à,1,~ 3 ~ 4 à à à ~ 4 à à à à à à à à à à à à à à à à à à à à à à à à à à à à à à à à à à à à à à à à à à à à à à à à à à à à à à à à à à à à à à à à à à à à à à à à à à à à à à à à à à à à à à à à à à à à à à à à à à à à à à à à à à à à à à à à à à à à à à à à à à à à à à à à à à à à à à à à à à à à à à à à à à à à à à à à à à à à à à à à à à à à à à à à à à à à à à à à à à à à à à à à à à à à à à à à à à à à à à à à à à à à à à à à à à,num num num
à à à 3 à à à à à à à à à à à à à à à à à à à à à à à à à à à à à à à à à à à à à à à à à à à à à à à à à à à à à à à à à à à à à à à à à à à à à à à à à à à à à à à à à à à à à à à à à à à à à à à à à à à à à à à à à à à à à à à à à à à à à à à à à à à à à à à à à à à à à à à à à à à à à à à à à à à à à à à à à à à à à à à à à à à à à à à à à à à à à à à à à à à à à à à à à à à à à à à à à à à à à à à à à à à à à à à à à à à à à à à à à à à à à à à à à,1,à à à 3 à à à à à à à à à à à à à à à à à à à à à à à à à à à à à à à à à à à à à à à à à à à à à à à à à à à à à à à à à à à à à à à à à à à à à à à à à à à à à à à à à à à à à à à à à à à à à à à à à à à à à à à à à à à à à à à à à à à à à à à à à à à à à à à à à à à à à à à à à à à à à à à à à à à à à à à à à à à à à à à à à à à à à à à à à à à à à à à à à à à à à à à à à à à à à à à à à à à à à à à à à à à à à à à à à à à à à à à à à à à à à à à à à,num
"Знаешь, что? ..",0,"знаешь, что? ..",знаешь что
Знаешь что? .. ..,1,знаешь что? .. ..,знаешь что
.. .. .. ..последствием ..последствием .. ..последствием ..последствием ..,0,.. .. .. ..последствием ..последствием .. ..последствием ..последствием ..,последствием последствием последствием последствием
.. .. ..проникнуть .. . . . . . . . . . . . . . . . . . . . . . . . . . . . . . . . . . . . . . . . . . . . . . . . . . . . . . . . . . . . . . . . . . . . . . . . . . . . . . . . . . . . . . . . . . . . . . . . . . . . . . . . . . . . . . . . . . . . . . . . . . . . . . . . . . . . . . . . . . . . . . . . . . . . . . . . . . . . . . . . . . . . . . . . . . . . . . . . . . . . . . . . . . . . . . . . . . . . . . . . . . . . . . . . . . . . . . . . . . . . . . . . . . . . . . . . . . . . . . . . . . . . . . . .,0,.. .. ..проникнуть .. . . . . . . . . . . . . . . . . . . . . . . . . . . . . . . . . . . . . . . . . . . . . . . . . . . . . . . . . . . . . . . . . . . . . . . . . . . . . . . . . . . . . . . . . . . . . . . . . . . . . . . . . . . . . . . . . . . . . . . . . . . . . . . . . . . . . . . . . . . . . . . . . . . . . . . . . . . . . . . . . . . . . . . . . . . . . . . . . . . . . . . . . . . . . . . . . . . . . . . . . . . . . . . . . . . . . . . . . . . . . . . . . . . . . . . . . . . . . . . . . . . . . . . .,проникнуть
.. .. . ..что . . . . . . . . . . . . . . . . . . . . . . . . . . . . . . . . . . . . . . . . . . . . . . . . . . . . . . . . . . . . . . . . . .,0,.. .. . ..что . . . . . . . . . . . . . . . . . . . . . . . . . . . . . . . . . . . . . . . . . . . . . . . . . . . . . . . . . . . . . . . . . .,что
.. . .. ..найти .. . . . . . . . .,1,.. . .. ..найти .. . . . . . . . .,найти
~ ~ ~ 3 ~ 3 à à à à à à à à à à à à à à à à à à à à à à à à à à à à à à à à à à à à à à à à à à à à à à à à à à à à à à à à à à à à à à à à à à à à à à à à à à à à à à à à à à à à à à à à à à à à à à à à à à à à à à à à à à à à à à à à à à à à à à à à à à à à à à à à à à à à à à à à à à à à à à à à à à à à à à à à à à à à à à à à à à à à à à à à à à à à à à à à à à à à à à à à à à à à à à à à à à à à à à à à à à à à à à à à à à à à à à à à à à à à à à à,1,~ ~ ~ 3 ~ 3 à à à à à à à à à à à à à à à à à à à à à à à à à à à à à à à à à à à à à à à à à à à à à à à à à à à à à à à à à à à à à à à à à à à à à à à à à à à à à à à à à à à à à à à à à à à à à à à à à à à à à à à à à à à à à à à à à à à à à à à à à à à à à à à à à à à à à à à à à à à à à à à à à à à à à à à à à à à à à à à à à à à à à à à à à à à à à à à à à à à à à à à à à à à à à à à à à à à à à à à à à à à à à à à à à à à à à à à à à à à à à à à,num num
.. . ..так . . . . . . . . . . .,1,.. . ..так . . . . . . . . . . .,так
~ à à à à à à à à à à à à à à à à à à à à à à à à à à à à à à à à à à à à à à à à à à à à à à à à à à à à à à à à à à à à à à à à à à à à à à à à à à à à à à à à à à à à à à à à à à à à à à à à à à à à à à à à à à à à à à à à à à à à à à à à à à à à d à à à à à à à à à à à à à à à à à à à à à à à à à à à à à à à à à à à à à à à à à à à à à à à à à à à à à à à à à à à à à à à à à à à à à à à à à à à à à à à à à à à à à à à à à à à à à à à à à à à à à à à à à à à à à,1,~ à à à à à à à à à à à à à à à à à à à à à à à à à à à à à à à à à à à à à à à à à à à à à à à à à à à à à à à à à à à à à à à à à à à à à à à à à à à à à à à à à à à à à à à à à à à à à à à à à à à à à à à à à à à à à à à à à à à à à à à à à à à à d à à à à à à à à à à à à à à à à à à à à à à à à à à à à à à à à à à à à à à à à à à à à à à à à à à à à à à à à à à à à à à à à à à à à à à à à à à à à à à à à à à à à à à à à à à à à à à à à à à à à à à à à à à à à à,d
.. .. ..проникнуть.. ..проникнуть.. ..,1,.. .. ..проникнуть.. ..проникнуть.. ..,проникнуть проникнуть
.. .. .. убежать.. убежать.. убежать.. убежать.. убежать.. убежать..,1,.. .. .. убежать.. убежать.. убежать.. убежать.. убежать.. убежать..,убежать убежать убежать убежать убежать убежать
"Число побегов, число побегов",1,"число побегов, число побегов",число побегов число побегов
http://www.unidtodd com,0,http://www.unidtodd com,url com
.. ..пожалуйста..,0,.. ..пожалуйста..,пожалуйста
~ ~ ~ ~ ~ à à à à à à à à à à à à à à à à à à à à à à à à à à à à à à à à à à à à à à à à à à à à à à à à à à à à à à à à à à à à à à à à à à à à à à à à à à à à à à à à à à à à à à à à à à à à à à à à à à à à à à à à à à à à à à à à dé à à à à à à à à à à à à à à à à à à à à à à à à à à à à à à à à à à à à à à à à à à à à à à à à à à à à à à à à à à à à à à à à à à à à à à à à à à à à à à à à à à à à à à à à à à à à à à à à à à à à à à à à à à à à à à à à à à à à à à à à à à à à à à à à à à à à à à à à,1,~ ~ ~ ~ ~ à à à à à à à à à à à à à à à à à à à à à à à à à à à à à à à à à à à à à à à à à à à à à à à à à à à à à à à à à à à à à à à à à à à à à à à à à à à à à à à à à à à à à à à à à à à à à à à à à à à à à à à à à à à à à à à à dé à à à à à à à à à à à à à à à à à à à à à à à à à à à à à à à à à à à à à à à à à à à à à à à à à à à à à à à à à à à à à à à à à à à à à à à à à à à à à à à à à à à à à à à à à à à à à à à à à à à à à à à à à à à à à à à à à à à à à à à à à à à à à à à à à à à à à à à à,d
Ответ: . . . . . . . . . . . . . . . . . . . . . . . . . . . . . . . . . . . . . . . . . . . . . . . . . . . . . . . . . . . . . . . . . . . . . . . . . . . . . . . . . . . . . .,1,ответ: . . . . . . . . . . . . . . . . . . . . . . . . . . . . . . . . . . . . . . . . . . . . . . . . . . . . . . . . . . . . . . . . . . . . . . . . . . . . . . . . . . . . . .,ответ
.. .. .. ..что-то ..что-то---------------------------------------------------------------------------------------------------------------------------------------------------------------------------------------------------------------------------------------------------------------------------------------------------------------------------------------------------------------------------------------------------------------------------------------------------------------------------------------------------------,0,.. .. .. ..что-то ..что-то---------------------------------------------------------------------------------------------------------------------------------------------------------------------------------------------------------------------------------------------------------------------------------------------------------------------------------------------------------------------------------------------------------------------------------------------------------------------------------------------------------,что то что то
.. .. ..найти . . . . . . . . . . . . . . . . . . . . . . . . . . . . . . . . . . . . . . . . . . . . . . . . . . . . . . . . . . . . . . . . . . . . . . . . . . . . . . . . . . . . . . . . . . . . . . . . . . . . . . . . . . . . . . . . . . . . . . . . . . . . . . . . . . . . . . . . . . . . . . . . . . . . . . . . . . . . . . . . . . . . . . . . . . . . . . . . . . . . . . . . . . . . . . . . . . . . . . . . . . . . . . . . . . . . . . . . . . . . . . . . . . . . . . . . . . . . . . . . . . . . . . . . .,0,.. .. ..найти . . . . . . . . . . . . . . . . . . . . . . . . . . . . . . . . . . . . . . . . . . . . . . . . . . . . . . . . . . . . . . . . . . . . . . . . . . . . . . . . . . . . . . . . . . . . . . . . . . . . . . . . . . . . . . . . . . . . . . . . . . . . . . . . . . . . . . . . . . . . . . . . . . . . . . . . . . . . . . . . . . . . . . . . . . . . . . . . . . . . . . . . . . . . . . . . . . . . . . . . . . . . . . . . . . . . . . . . . . . . . . . . . . . . . . . . . . . . . . . . . . . . . . . . .,найти
.. .. .. ..проникнуть .. .. .. .. ..проникнуть . . .. .. .. .. .. .. .. .. .. .. .. .. .. . .. .. .. .. .. .. ... .. .. .. ... ... ... ... ... .. .. .. .. .. ... ... .... .... ... ... .... .. ... .... ... .... ... ...,0,.. .. .. ..проникнуть .. .. .. .. ..проникнуть . . .. .. .. .. .. .. .. .. .. .. .. .. .. . .. .. .. .. .. .. ... .. .. .. ... ... ... ... ... .. .. .. .. .. ... ... .... .... ... ... .... .. ... .... ... .... ... ...,проникнуть проникнуть
~ à à à à à à à à à à à à à à à à à à à à à à à à à à à à à à à à à à à à à à à à à à à à à à à à à à à à à à à à à à à à à à à à à à à à à à à à à à à à à à à à à à à à à à à à à à à à à à à à à à à à à à à à à à à à à à à à à à à à d à à à à à à à à à à à à à à à à à à à à à à à à à à à à à à à à à à à à à à à à à à à à à à à à à à à à à à à à à à à à à à à à à à à à à à à à à à à à à à à à à à à à à à à à à à à à à à à à à à à à à à à à à à à à à à à à à à à à à à à à,1,~ à à à à à à à à à à à à à à à à à à à à à à à à à à à à à à à à à à à à à à à à à à à à à à à à à à à à à à à à à à à à à à à à à à à à à à à à à à à à à à à à à à à à à à à à à à à à à à à à à à à à à à à à à à à à à à à à à à à à d à à à à à à à à à à à à à à à à à à à à à à à à à à à à à à à à à à à à à à à à à à à à à à à à à à à à à à à à à à à à à à à à à à à à à à à à à à à à à à à à à à à à à à à à à à à à à à à à à à à à à à à à à à à à à à à à à à à à à à à à,d
Ответ: . . . . . . . . . . . . . . . . . . . . . . . . . . . . . . . . . . . . . . . . . . . . . . . . . . . . . . . . . . . . . . . . . . . . . . . . . . . . . . . . . . . . . . . . . . . . . . . . . . . . . . . . . . . . . . . .,1,ответ: . . . . . . . . . . . . . . . . . . . . . . . . . . . . . . . . . . . . . . . . . . . . . . . . . . . . . . . . . . . . . . . . . . . . . . . . . . . . . . . . . . . . . . . . . . . . . . . . . . . . . . . . . . . . . . . .,ответ
.. .. .. ..чтобы убежать.. .. ..чтобы убежать.. .. .. .. .. .. . . .. . . . . . . . . . . . . . . . . . . . . . . . . . . . . . . . . . . . . . . . . . . . . . . . . . . . . . . . . . . . . . . . . . . . . . . . . . . . . . . . . . . . . . . . . . . . . . . . . . . . . . . . . . . . . . . . . . . . . . . . . . . . . . . . . . . . . . . . . . . . . . . . . . . . . . . . . . . . . . . . . . . . . . . . . . . . . . . . . . . . . . . . . . . . . . . . . . .,0,.. .. .. ..чтобы убежать.. .. ..чтобы убежать.. .. .. .. .. .. . . .. . . . . . . . . . . . . . . . . . . . . . . . . . . . . . . . . . . . . . . . . . . . . . . . . . . . . . . . . . . . . . . . . . . . . . . . . . . . . . . . . . . . . . . . . . . . . . . . . . . . . . . . . . . . . . . . . . . . . . . . . . . . . . . . . . . . . . . . . . . . . . . . . . . . . . . . . . . . . . . . . . . . . . . . . . . . . . . . . . . . . . . . . . . . . . . . . . .,чтобы убежать чтобы убежать
.. .. .. ..почему . . . . . . . . . . . . . . . . . . . . . . . . . . . . . . . . . . . . . . . . . . . . . . . . . . . . . . . . . . . . . . . . . . . . . . . . . . . . . . . . . . . . . . . . . . . . . . . . . . . . . . . . . . . . . . . . . . . . . . . . . . . . . . . . . . . . . . . . . . . . . . . . . . . . . . . . . . . . . . . . . . . . . . . . . . . . . . . . . . . . . . . . .,0,.. .. .. ..почему . . . . . . . . . . . . . . . . . . . . . . . . . . . . . . . . . . . . . . . . . . . . . . . . . . . . . . . . . . . . . . . . . . . . . . . . . . . . . . . . . . . . . . . . . . . . . . . . . . . . . . . . . . . . . . . . . . . . . . . . . . . . . . . . . . . . . . . . . . . . . . . . . . . . . . . . . . . . . . . . . . . . . . . . . . . . . . . . . . . . . . . . .,почему
.. ..пожалуйста.. ..пожалуйста..пожалуйста..,0,.. ..пожалуйста.. ..пожалуйста..пожалуйста..,пожалуйста пожалуйста пожалуйста
~ ~ ~ ~ à à à à à à à à à à à à à à à à à à à à à à à à à à à à à à à à à dé à à à à à à à à à à à à à à à à à à à à à à à à à à à à à à à à à à à à à à à à à à à à à à à à à à à à à à à à à à à à à à à à à à à à à à à à à à à à à à à à à à à à à à à à à à à à à à à à à à à à à à à à à à à à à à à à à à à à à à à à à à à à à à à à à à à à à à à à à à à à à à à à à à à à à à à à à à à à à à à à à à à à à à à à à à à à à à à à à à à à à à à à à à à à à à à à à à à à à à à à à à à à à à à à à à à à à à à à à,1,~ ~ ~ ~ à à à à à à à à à à à à à à à à à à à à à à à à à à à à à à à à à dé à à à à à à à à à à à à à à à à à à à à à à à à à à à à à à à à à à à à à à à à à à à à à à à à à à à à à à à à à à à à à à à à à à à à à à à à à à à à à à à à à à à à à à à à à à à à à à à à à à à à à à à à à à à à à à à à à à à à à à à à à à à à à à à à à à à à à à à à à à à à à à à à à à à à à à à à à à à à à à à à à à à à à à à à à à à à à à à à à à à à à à à à à à à à à à à à à à à à à à à à à à à à à à à à à à à à à à à à à,d
".. . .. . .. .. .. .. .. .. . .. .. . .. .. .. .. .. .. .. .. .. .. .. .. .. .. .. .. .. .. .. ... ... .. ... .. .. ... ... .... .. ... .. ... ... ... ... .... ... .. ... ... .. .. ... ... ... .... ...... .. ... .............. ....................................................................................................................................и ...и ...и ...и ...и ...и ...и ...и ...и ...и ...и ......и ...и ...и...и""и""и""и""""""""""""""""""""""""""""""""""""""""""""""""""""""""""""""""""""""""""""""""""""""""""""""""""""""""""""""""""""""""""""""""""""""""""""""""""""""""""""""""""""""""""""""""""""""""""""""""""""""""""""""""""""""""""""""""""""",1,".. . .. . .. .. .. .. .. .. . .. .. . .. .. .. .. .. .. .. .. .. .. .. .. .. .. .. .. .. .. .. ... ... .. ... .. .. ... ... .... .. ... .. ... ... ... ... .... ... .. ... ... .. .. ... ... ... .... ...... .. ... .............. ....................................................................................................................................и ...и ...и ...и ...и ...и ...и ...и ...и ...и ...и ......и ...и ...и...и""и""и""и""""""""""""""""""""""""""""""""""""""""""""""""""""""""""""""""""""""""""""""""""""""""""""""""""""""""""""""""""""""""""""""""""""""""""""""""""""""""""""""""""""""""""""""""""""""""""""""""""""""""""""""""""""""""""""""""""""",и и и и и и и и и и и и и и и и и и
.. .. ..найденные агенты . . . . . . . . .,0,.. .. ..найденные агенты . . . . . . . . .,найденные агенты
..номер побега .. ..номер побега . . . . . .,0,..номер побега .. ..номер побега . . . . . .,номер побега номер побега
.. ..пожалуйста.. ..пожалуйста.,1,.. ..пожалуйста.. ..пожалуйста.,пожалуйста пожалуйста
".. .. .. .. .. .. .. .. .. .. .. .. .. .. .. .. .. .. .. .. .. .. .. .. .. .. .. .. .. .. .. .. ... ... .. .. ... .. ... ... ... .. .. .. .. ... ... .. ... ... ... .. ... ... .. .. ... ... ... .... ... ... .... ..... .... ... .. ....... .............. ................... ..........................................................и ...и ...и ...и ...и ...и ...и ...и ...и ...и ...и ...и ...и ...и ...и...и...и...и...и...и...и......"" ......""""""""""""""""""""""""""""""""""""""""""""""""""""""""""""""""""""""""""""""""""""""""""""""""""""""""""""""""""""""""""""""""""""""""""""""""""""""""""""""""""""""""""""""""""""""""""""""""""""""""""""""""""""""""""""""""""""""""""""""""""""""""""""""""""""""""""",0,".. .. .. .. .. .. .. .. .. .. .. .. .. .. .. .. .. .. .. .. .. .. .. .. .. .. .. .. .. .. .. .. ... ... .. .. ... .. ... ... ... .. .. .. .. ... ... .. ... ... ... .. ... ... .. .. ... ... ... .... ... ... .... ..... .... ... .. ....... .............. ................... ..........................................................и ...и ...и ...и ...и ...и ...и ...и ...и ...и ...и ...и ...и ...и ...и...и...и...и...и...и...и......"" ......""""""""""""""""""""""""""""""""""""""""""""""""""""""""""""""""""""""""""""""""""""""""""""""""""""""""""""""""""""""""""""""""""""""""""""""""""""""""""""""""""""""""""""""""""""""""""""""""""""""""""""""""""""""""""""""""""""""""""""""""""""""""""""""""""""""""""",и и и и и и и и и и и и и и и и и и и и и
".. .. .. ..проникнуть из отдела побега, .. .. . .. .. .. . .. .. . . . . . . . . . . . . . . . . . . . . . . . . . . . . . . . . . . . . . . . . . . . . . . . . . . . . . . . . . . . . . . . . . . . . . . . . . . . . . . . . . . . . . . . . . . . . . . . . . . . . . . . . . . . . . . . . . . . . . . . . . . . . . . . . . . . . . . . . . . . . . . . . . . . . . . . . . . . . . . . . . . . . . . . . . . . . . . . . . . . .",1,".. .. .. ..проникнуть из отдела побега, .. .. . .. .. .. . .. .. . . . . . . . . . . . . . . . . . . . . . . . . . . . . . . . . . . . . . . . . . . . . . . . . . . . . . . . . . . . . . . . . . . . . . . . . . . . . . . . . . . . . . . . . . . . . . . . . . . . . . . . . . . . . . . . . . . . . . . . . . . . . . . . . . . . . . . . . . . . . . . . . . . . . . . . . . . . . . . . . . . . . . . . . . . . . . . . . . . . .",проникнуть из отдела побега
.. ..Однажды .. .. . . . . . . . . . . . . . . . . . . . . . . . . . . . . . . . . . . . . . . . . . . . . . . . . . . . . . . . . . . . . . . . . . . . . . . . . . . . . . . . . . . . . . . . . . . . . . . . . . . . . . . . . . . . . . . . . . . . . . . . . . . . . . . . . . . . . . . . . . . . . . . . . . . . . . . . . . . . . . . . . . . . . . . . . . . . . . . . . . .,0,.. ..однажды .. .. . . . . . . . . . . . . . . . . . . . . . . . . . . . . . . . . . . . . . . . . . . . . . . . . . . . . . . . . . . . . . . . . . . . . . . . . . . . . . . . . . . . . . . . . . . . . . . . . . . . . . . . . . . . . . . . . . . . . . . . . . . . . . . . . . . . . . . . . . . . . . . . . . . . . . . . . . . . . . . . . . . . . . . . . . . . . . . . . . .,однажды
".. .. . . .. .. .. . . . .. .. . .. . .. . .. .. .. .. . .. .. .. .. .. .. .. .. .. .. .. .. .. ... .. .. .. .. .. ... ... ... ... .. .. .. ... ... .. ... .... ... ... .. ... .. .... .... .... .... ... .... ..... .................................................................................................................................................""и""""""""""""""""""""""""""""""""""""""""""""""""""""""""""""""""""""""""""""""""""""""""""""""""""""""""""""""""""""""""""""""""""""""""""""""""""""""""""""""""""""""""""""""""""""""""""""""""""""""""""""""""""""""""""""""""""""""""""""""""""""""""""""""""""""""""""""""""""""""""""""""""""""""""""",1,".. .. . . .. .. .. . . . .. .. . .. . .. . .. .. .. .. . .. .. .. .. .. .. .. .. .. .. .. .. .. ... .. .. .. .. .. ... ... ... ... .. .. .. ... ... .. ... .... ... ... .. ... .. .... .... .... .... ... .... ..... .................................................................................................................................................""и""""""""""""""""""""""""""""""""""""""""""""""""""""""""""""""""""""""""""""""""""""""""""""""""""""""""""""""""""""""""""""""""""""""""""""""""""""""""""""""""""""""""""""""""""""""""""""""""""""""""""""""""""""""""""""""""""""""""""""""""""""""""""""""""""""""""""""""""""""""""""""""""""""""""""",и
Номер побега,0,номер побега,номер побега
.. .. ..последствием ..последствием .. ..последствием .. ..последствием ..,0,.. .. ..последствием ..последствием .. ..последствием .. ..последствием ..,последствием последствием последствием последствием
.. .. .. ..проникнуть . . . . . . . . . . . . . . . . . . . . . . . . . . . . . . . . . . . . . . . . . . . . . . . . . . . . . . . . . . . . . . . . . . . . . . . . . . . . . . . . . . . . . . . . . . . . . . . . . . . . . . . . . . . . . . . . . . . . . . . . . . . . . . . . . . . . . . . . . . . . . . . . . . . . . . . . . . . . . . . . . . . . . . . . . . . . . . . . . . . . . . . . . . . . . . . . . . . . . . . . . . . . .,0,.. .. .. ..проникнуть . . . . . . . . . . . . . . . . . . . . . . . . . . . . . . . . . . . . . . . . . . . . . . . . . . . . . . . . . . . . . . . . . . . . . . . . . . . . . . . . . . . . . . . . . . . . . . . . . . . . . . . . . . . . . . . . . . . . . . . . . . . . . . . . . . . . . . . . . . . . . . . . . . . . . . . . . . . . . . . . . . . . . . . . . . . . . . . . . . . . . . . . . . . . . . . . . . . . . . . . . . . . .,проникнуть
.. . . . . . . . . . . . . . . . . . . . . . . . . . . . . . . . . . . . . . . . . . . . . . . . . . . . . . . . . . . . . . . . . . . . . . . . . . . . . . . . . . . . . . . . . . . . . . . . . . . . . . . . . . . . . . . . . . . . . . . . . . . . . . . . . . . . . . . . . . . . . . . . . . . . . . . . . . . . . . . . . . . . . . . . . . . . . . . . . . . . . . . . . . . . . . . . . . . . . . . . . . . . . . . . . . . . . . . . . . . . . . . . . d d d d d d d d . . . . . . . . d d d d d d d,1,.. . . . . . . . . . . . . . . . . . . . . . . . . . . . . . . . . . . . . . . . . . . . . . . . . . . . . . . . . . . . . . . . . . . . . . . . . . . . . . . . . . . . . . . . . . . . . . . . . . . . . . . . . . . . . . . . . . . . . . . . . . . . . . . . . . . . . . . . . . . . . . . . . . . . . . . . . . . . . . . . . . . . . . . . . . . . . . . . . . . . . . . . . . . . . . . . . . . . . . . . . . . . . . . . . . . . . . . . . . . . . . . . . d d d d d d d d . . . . . . . . d d d d d d d,d d d d d d d d d d d d d d d
.. .. ..наиболее популярные агенты .. . . . . . . . . . . . . . . . . . . . . . . . . . . . . . . . . . . . . . . . . . . . . . . . . . . . . . . . . . . . . . . . . . . . . . . . . . . . . . . . . . . . . . . . . . . . . . . . . . . . . . . . . . . . . . . . . . . . . . . . . . . . . . . . . . . . . . . . . . . . . . . . . . . . . . . . . . . . . . . . . . . . . . . . . . . . . . . . . . . . . . . . . . . . . . . . . . . . . . . . . . . . . . . . . . . . . . . . . .,1,.. .. ..наиболее популярные агенты .. . . . . . . . . . . . . . . . . . . . . . . . . . . . . . . . . . . . . . . . . . . . . . . . . . . . . . . . . . . . . . . . . . . . . . . . . . . . . . . . . . . . . . . . . . . . . . . . . . . . . . . . . . . . . . . . . . . . . . . . . . . . . . . . . . . . . . . . . . . . . . . . . . . . . . . . . . . . . . . . . . . . . . . . . . . . . . . . . . . . . . . . . . . . . . . . . . . . . . . . . . . . . . . . . . . . . . . . . .,наиболее популярные агенты
.. . . . . . . . . . . . . . . . . . . . . . . . . . . . . . . . . . . . . . . . . . . . . . . . . . . . . . . . . . . . . . . . . . . . . . . . . . . . . . . . . . . . . . . . . . . . . . . . . . . . . . . . . . . . . . . . . . . . . . . . . . . . . . . . . . . . . . . . . . . . . . . . . . . . . . . . . . . . . . . . . . . . . . . . . . . . . . . . . . . . . . . . . . . . . . . . . . . . . . . . . . . . . . . . . . . . . . . . . . . . . . . . . d d d d d d d d d d . d . d d d d d d d d d d d d d d d d,1,.. . . . . . . . . . . . . . . . . . . . . . . . . . . . . . . . . . . . . . . . . . . . . . . . . . . . . . . . . . . . . . . . . . . . . . . . . . . . . . . . . . . . . . . . . . . . . . . . . . . . . . . . . . . . . . . . . . . . . . . . . . . . . . . . . . . . . . . . . . . . . . . . . . . . . . . . . . . . . . . . . . . . . . . . . . . . . . . . . . . . . . . . . . . . . . . . . . . . . . . . . . . . . . . . . . . . . . . . . . . . . . . . . d d d d d d d d d d . d . d d d d d d d d d d d d d d d d,d d d d d d d d d d d d d d d d d d d d d d d d d d d
à à à à à à à à à à à à à à à à à à à à à à à à à à à à à à à à à à à à à à à à à à à à à à à à à à à à à à à à à à à à à à à à à à à à à à à à à à à à à à à à à à à à à à à à à à à à à à à à à à à à à à à à à à à à à à à à à à d à à à à à à à à à à à à à à à à à à à à à à à à à à à à à à à à à à à à à à à à à à à à à à à à à à à à à à à à à à à à à à à à à à à à à à à à à à à à à à à à à à à à à à à à à à à à à à à à à à à à à à à à à à à à à à à à à à à à à à à à à à à à à à à à,1,à à à à à à à à à à à à à à à à à à à à à à à à à à à à à à à à à à à à à à à à à à à à à à à à à à à à à à à à à à à à à à à à à à à à à à à à à à à à à à à à à à à à à à à à à à à à à à à à à à à à à à à à à à à à à à à à à à d à à à à à à à à à à à à à à à à à à à à à à à à à à à à à à à à à à à à à à à à à à à à à à à à à à à à à à à à à à à à à à à à à à à à à à à à à à à à à à à à à à à à à à à à à à à à à à à à à à à à à à à à à à à à à à à à à à à à à à à à à à à à à à à à,d
Число побегов число побегов число побегов число побегов,0,число побегов число побегов число побегов число побегов,число побегов число побегов число побегов число побегов
~ ~ à à à à à à à à à à à à à à à à à à à à à à à à à à à à à à à à à à à à à à à à à à à à à à à à à à à à à à à à à à à à à à à à à à à à à à à à à à à à à à à à à à à à à à à à à à à à à à à à à à à à à à à à à à à à à à à à à à à à à à à à à à à à à à à à à à à à à à d à à à à à à à à à à à à à à à à à à à à à à à à à à à à à à à à à à à à à à à à à à à à à à à à à à à à à à à à à à à à à à à à à à à à à à à à à à à à à à à à à à à à à à à à à à à à à à à à à à à à à à à à à à à à à à à à à à à,1,~ ~ à à à à à à à à à à à à à à à à à à à à à à à à à à à à à à à à à à à à à à à à à à à à à à à à à à à à à à à à à à à à à à à à à à à à à à à à à à à à à à à à à à à à à à à à à à à à à à à à à à à à à à à à à à à à à à à à à à à à à à à à à à à à à à à à à à à à à à d à à à à à à à à à à à à à à à à à à à à à à à à à à à à à à à à à à à à à à à à à à à à à à à à à à à à à à à à à à à à à à à à à à à à à à à à à à à à à à à à à à à à à à à à à à à à à à à à à à à à à à à à à à à à à à à à à à à,d
à à à à à à à à à à à à à à à à à à à à à à à à à à à à à à à à à à à à à à à à à à à à à à à à à à à à à à à à à à à à dé dé dé à à à à à à à à à à à dé dé dé dé dé dé dé dé dé dé dé dé dé à à à à à à à à à à à à à à à à à à à à à à à à à à à dé à à à à à à dé à dé à à dé à à dé à dé à à à à à à à à à à à à à à à à à à à à à à à à à à à à à à à à à à à à à à à à à à à à à à à à à à à à à à à à à à à à à à à à à à à à à à à à à à à à à à à à à à à à à à à à à à à à à à à à à à à à à à à à à à à à à à à à à à à à à à à à à à à,1,à à à à à à à à à à à à à à à à à à à à à à à à à à à à à à à à à à à à à à à à à à à à à à à à à à à à à à à à à à à à dé dé dé à à à à à à à à à à à dé dé dé dé dé dé dé dé dé dé dé dé dé à à à à à à à à à à à à à à à à à à à à à à à à à à à dé à à à à à à dé à dé à à dé à à dé à dé à à à à à à à à à à à à à à à à à à à à à à à à à à à à à à à à à à à à à à à à à à à à à à à à à à à à à à à à à à à à à à à à à à à à à à à à à à à à à à à à à à à à à à à à à à à à à à à à à à à à à à à à à à à à à à à à à à à à à à à à à à à,d d d d d d d d d d d d d d d d d d d d d d
*Спасибо.* *Спасибо.* *Спасибо.*,1,*спасибо.* *спасибо.* *спасибо.*,спасибо спасибо спасибо
~ ~ ~ ~ à à à à à à à à à à à à à à à à à à à à à à à à à à à à à à à à à à à à à à à à à à à à à à à à à à à à à à à à à à à à à à à à à à à à à à à à à à dé à à à à à à à à à à à à à à à à à à à à à à à à à à à à à à à à à à à à à à à à à à à à à à à à à à à à à à à à à à à à à à à à à à à à à à à à à à à à à à à à à à à à à à à à à à à à à à à à à à à à à à à à à à à à à à à à à à à à à à à à à à à à à à à à à à à à à à à à à à à à à à à à à à à à à à à à à à à à à à à à à à à à à à à à à à à à à à à,1,~ ~ ~ ~ à à à à à à à à à à à à à à à à à à à à à à à à à à à à à à à à à à à à à à à à à à à à à à à à à à à à à à à à à à à à à à à à à à à à à à à à à à dé à à à à à à à à à à à à à à à à à à à à à à à à à à à à à à à à à à à à à à à à à à à à à à à à à à à à à à à à à à à à à à à à à à à à à à à à à à à à à à à à à à à à à à à à à à à à à à à à à à à à à à à à à à à à à à à à à à à à à à à à à à à à à à à à à à à à à à à à à à à à à à à à à à à à à à à à à à à à à à à à à à à à à à à à à à à à à à à,d
*Что это значит? * * * * * * * * * * * * * * * * * * * * * * * * * * * * * * * * * * * * * * * * * * * * * * * * * * * * * * * * * * * * * * * * * * * * * * * * * * * * * * * * * * * * * * * * * * * * * * * * * * * * * * * * * * * * * * * * * * * * * * * * * * * * * * * * * * * * * * * * * * * * * * * * * * * * * * * * * * * * * * * * * * * * * * * * * * * * * * * * * * * * * * * * * * * * * * * * * * * * * * * * * * * * * * * * * * * * * * * * * * * * * * * * * * * * * * * * * * * * * * * * * * * * * * ** * * * * * * * * * * * * * * * * * * * * * * * * * * * * * * * * * * * * * * * * * * * * * * * * * * * * * * * * * * * * * * * * * * * * * * * * * * * * * * * * * * * * * * * * * * * * * * * * * * * * * * * * * * * * * * * * * * * * * * * * * * * * * * * * * * * * * * * * * * * * * * * * * * * * * * * * * * * * * * * * * * * * * * * * * * * * * * * * * * * * * * * * * * * * * * * * * * * * * * * * * * * * * * * * * * * * * * * * * * * * * * * * * * * * * * * * * * * * * * * * * * * * * * * * * * * * * * * *,1,*что это значит? * * * * * * * * * * * * * * * * * * * * * * * * * * * * * * * * * * * * * * * * * * * * * * * * * * * * * * * * * * * * * * * * * * * * * * * * * * * * * * * * * * * * * * * * * * * * * * * * * * * * * * * * * * * * * * * * * * * * * * * * * * * * * * * * * * * * * * * * * * * * * * * * * * * * * * * * * * * * * * * * * * * * * * * * * * * * * * * * * * * * * * * * * * * * * * * * * * * * * * * * * * * * * * * * * * * * * * * * * * * * * * * * * * * * * * * * * * * * * * * * * * * * * * ** * * * * * * * * * * * * * * * * * * * * * * * * * * * * * * * * * * * * * * * * * * * * * * * * * * * * * * * * * * * * * * * * * * * * * * * * * * * * * * * * * * * * * * * * * * * * * * * * * * * * * * * * * * * * * * * * * * * * * * * * * * * * * * * * * * * * * * * * * * * * * * * * * * * * * * * * * * * * * * * * * * * * * * * * * * * * * * * * * * * * * * * * * * * * * * * * * * * * * * * * * * * * * * * * * * * * * * * * * * * * * * * * * * * * * * * * * * * * * * * * * * * * * * * * * * * * * * * *,что это значит
".. .. ..чтобы убежать, .. . . . . . . . . . . . . . . . . . . . . . . . . . . . . . . . . . . . . . . . . . . . . . . . . . . . . . . . . . . . . . . . . . . . . . . . . . . . . . . . . . . . . . . . . . . . . . . . . . . . . . . . . . . . . . . . . . . . . . . . . . . . . . . . . . . . . . . . . . . . . . . . . . . . . . . . . . . . . . . . . . . . . . . . . . . . . . . . . . . . . . . . . . . . . . . . . . . . . . . . . . . . . . . . . . . . . . . . . . . . . . . . . . . . . . . . . . . . . . . . . . . . . . .",1,".. .. ..чтобы убежать, .. . . . . . . . . . . . . . . . . . . . . . . . . . . . . . . . . . . . . . . . . . . . . . . . . . . . . . . . . . . . . . . . . . . . . . . . . . . . . . . . . . . . . . . . . . . . . . . . . . . . . . . . . . . . . . . . . . . . . . . . . . . . . . . . . . . . . . . . . . . . . . . . . . . . . . . . . . . . . . . . . . . . . . . . . . . . . . . . . . . . . . . . . . . . . . . . . . . . . . . . . . . . . . . . . . . . . . . . . . . . . . . . . . . . . . . . . . . . . . . . . . . . . . .",чтобы убежать
~ 3 ~ 4 à à à à à à à à à à à à à à à à à à à à à à à à à à à à à à à à à à à à à à à à à à à à à à à à à à à à à à à à à à à à à à à à à à à à à à à à à à à à à à à à à à à à à à à à à à à à à à à à à à à à à à à à à à à à à à à à à à à à à à,1,~ 3 ~ 4 à à à à à à à à à à à à à à à à à à à à à à à à à à à à à à à à à à à à à à à à à à à à à à à à à à à à à à à à à à à à à à à à à à à à à à à à à à à à à à à à à à à à à à à à à à à à à à à à à à à à à à à à à à à à à à à à à à à à à à,num num
~ à à à à à à à à à à à à à à à à à à à à à à à à à à à à à à à à à à à à à à à à à à à à à à à à à à à à à à à à à à à à à à à à à à à à à à à à à à à à à à dé à à à à à à à à à à à à à à à à à à à à à à à à à à à à à à à à à à à à à à à à à à à à à à à à à à à à à à à à à à à à à à à à à à à à à à d d d d d d d d d d d d à à à d à à à à à à à à à à à à à à à à à à à à à à à à à à à à à à à à à à à à à à à à à à à à à à à à à à à à à à à à à à à à à à à à à à d à à d à à à à à à à à à à à à à à à à à à à à à à à à à à,1,~ à à à à à à à à à à à à à à à à à à à à à à à à à à à à à à à à à à à à à à à à à à à à à à à à à à à à à à à à à à à à à à à à à à à à à à à à à à à à à à dé à à à à à à à à à à à à à à à à à à à à à à à à à à à à à à à à à à à à à à à à à à à à à à à à à à à à à à à à à à à à à à à à à à à à à à d d d d d d d d d d d d à à à d à à à à à à à à à à à à à à à à à à à à à à à à à à à à à à à à à à à à à à à à à à à à à à à à à à à à à à à à à à à à à à à à à à d à à d à à à à à à à à à à à à à à à à à à à à à à à à à à,d d d d d d d d d d d d d d d d
номер побега - номер побега,0,номер побега - номер побега,номер побега номер побега
~ 4~3 ~ ~ à à à à à à à à à à à à à à à à à à à à à à à à à à à à à à à à à à à à à à à à à à à à à à à à à à à à à à à à à à à à à à à à à à à à à à à à à à à à à à à à à à à à à à à à à à à à à à à à à à à à à à à à à à à à à à à à à à à à à à à à à à à à à à à à à à à à à à à à à à à à à à à à à à à à à à à à à à à à à à à à à à à à à à à à à à à à à à à à à à à à à à à à à à à à à à à à à à à à à à à à à à à à à à à à à à à à à à à à à à à à à à à à à à à à à à à à à à à à à à à à à à à à à à à à à à,1,~ 4~3 ~ ~ à à à à à à à à à à à à à à à à à à à à à à à à à à à à à à à à à à à à à à à à à à à à à à à à à à à à à à à à à à à à à à à à à à à à à à à à à à à à à à à à à à à à à à à à à à à à à à à à à à à à à à à à à à à à à à à à à à à à à à à à à à à à à à à à à à à à à à à à à à à à à à à à à à à à à à à à à à à à à à à à à à à à à à à à à à à à à à à à à à à à à à à à à à à à à à à à à à à à à à à à à à à à à à à à à à à à à à à à à à à à à à à à à à à à à à à à à à à à à à à à à à à à à à à à à à,num num
~ ~1 4 ~ 4 ~ ~ ~ ~ ~ à à à à à à à à à à à à à à à à à à à à à à à à à à à à à à à à à à à à à à à à à à à à à à à à à à à à à à à à à à à à à à à à à à à à à à à à à à à à à à à à à à à à à à à à à à à à à à à à à à à à à à à à à à à à à à ~ à à à à à à à à à à à à à à à à à à à à à à à à à à à à à à à à ~ à à à à à à à à à à à à à à à à à à à à à à à à à à à à à à à à à à à à à à à à à à à à à à à à à à à à à à à à à à à à à à à à à à à à à à à à à à à à à à à à à à à à à à à à à à à à à à à à à à à à à,1,~ ~1 4 ~ 4 ~ ~ ~ ~ ~ à à à à à à à à à à à à à à à à à à à à à à à à à à à à à à à à à à à à à à à à à à à à à à à à à à à à à à à à à à à à à à à à à à à à à à à à à à à à à à à à à à à à à à à à à à à à à à à à à à à à à à à à à à à à à à ~ à à à à à à à à à à à à à à à à à à à à à à à à à à à à à à à à ~ à à à à à à à à à à à à à à à à à à à à à à à à à à à à à à à à à à à à à à à à à à à à à à à à à à à à à à à à à à à à à à à à à à à à à à à à à à à à à à à à à à à à à à à à à à à à à à à à à à à à à,num num num
~ ~ ♫ ♫ ♫ ♫ ♫ ♫ ♫ ♫ ♫ ♫ ♫ ♫ ♫ ♫ ♫ ♫ ♫ ♫ ♫ ♫ ♫ ♫ ♫ ♫ ♫ ♫ ♫ ♫ ♫ ♫ ♫ ♫ ♫ ♫ ♫ ♫ ♫ ♫ ♫ ♫ ♫ ♫ ♫ ♫ ♫ ♫ ♫ ♫ ♫ ♫ ♫ ♫ ♫ ♫ ♫ ♫ ♫ ♫ ♫ 2 ♫ ♫ ♫ ♫ ♫ 2 ♫ ♫ ♫ ♫ ♫ ♫ ♫ ♫ ♫ ♫ ♫ ♫ ♫ ♫ ♫ ♫ ♫ ♫ ♫ ♫ ♫ ♫ ♫ ♫ ♫ ♫ ♫ ♫ ♫ ♫ ♫ ♫ ♫ ♫ ♫ ♫ ♫ ♫ ♫ ♫ ♫ ♫ ♫ ♫ ♫ ♫ ♫ ♫ ♫ ♫ ♫ ♫ ♫ ♫ ♫ ♫ ♫ ♫ ~ ♫ ♫ ♫ ♫ ♫ ♫ ♫ ♫ ♫ ♫ ♫ ♫ ♫ ♫ ~ ♫ ♫ ♫ ♫ ♫ ♫ ♪ ♪ ♪ ♪ ♪ ♪ ♪ ♪ ♪ ♪ ♪ ♪ ♪ ♪ ♪ ♪ ♪ ♪ ♪ ♪ ♪ ♪ ♪ ♪ ♪ ♪ ♪ ♪ ♪ ♪ ♪ ♪ ♪ ♪ ♪ ♪ ♪ ♪ ♪ ♪ ♪ ♪ ♪ ♪ ♪ ♪ ♪ ♪ ♪ ♪ ♪ ♪ ♪ ♪ ♪ ♪ ♪ ♪ ♪ ♪ ♪ ♪ ♪ ♪ ♪ ♪ ♪ ♪ ♪ ♪ ♪ ♪ ♪ ♪ ♪ ♪ ♪ ♪ ♪ ♪ ♪ ♪ ♪ ♪ ♪ ♪ ♪ ♪ ♪ ♪ ♪ ♪ ♪ ♪ ♪ ♪ ♪ ♪ ♪ ♪ ♪ ♪ ♪ ♪ ♪ ♪ ♪ ♪,1,~ ~ ♫ ♫ ♫ ♫ ♫ ♫ ♫ ♫ ♫ ♫ ♫ ♫ ♫ ♫ ♫ ♫ ♫ ♫ ♫ ♫ ♫ ♫ ♫ ♫ ♫ ♫ ♫ ♫ ♫ ♫ ♫ ♫ ♫ ♫ ♫ ♫ ♫ ♫ ♫ ♫ ♫ ♫ ♫ ♫ ♫ ♫ ♫ ♫ ♫ ♫ ♫ ♫ ♫ ♫ ♫ ♫ ♫ ♫ ♫ 2 ♫ ♫ ♫ ♫ ♫ 2 ♫ ♫ ♫ ♫ ♫ ♫ ♫ ♫ ♫ ♫ ♫ ♫ ♫ ♫ ♫ ♫ ♫ ♫ ♫ ♫ ♫ ♫ ♫ ♫ ♫ ♫ ♫ ♫ ♫ ♫ ♫ ♫ ♫ ♫ ♫ ♫ ♫ ♫ ♫ ♫ ♫ ♫ ♫ ♫ ♫ ♫ ♫ ♫ ♫ ♫ ♫ ♫ ♫ ♫ ♫ ♫ ♫ ♫ ~ ♫ ♫ ♫ ♫ ♫ ♫ ♫ ♫ ♫ ♫ ♫ ♫ ♫ ♫ ~ ♫ ♫ ♫ ♫ ♫ ♫ ♪ ♪ ♪ ♪ ♪ ♪ ♪ ♪ ♪ ♪ ♪ ♪ ♪ ♪ ♪ ♪ ♪ ♪ ♪ ♪ ♪ ♪ ♪ ♪ ♪ ♪ ♪ ♪ ♪ ♪ ♪ ♪ ♪ ♪ ♪ ♪ ♪ ♪ ♪ ♪ ♪ ♪ ♪ ♪ ♪ ♪ ♪ ♪ ♪ ♪ ♪ ♪ ♪ ♪ ♪ ♪ ♪ ♪ ♪ ♪ ♪ ♪ ♪ ♪ ♪ ♪ ♪ ♪ ♪ ♪ ♪ ♪ ♪ ♪ ♪ ♪ ♪ ♪ ♪ ♪ ♪ ♪ ♪ ♪ ♪ ♪ ♪ ♪ ♪ ♪ ♪ ♪ ♪ ♪ ♪ ♪ ♪ ♪ ♪ ♪ ♪ ♪ ♪ ♪ ♪ ♪ ♪ ♪,num num
".. .. .. ..чтобы убежать, . . . . . . . . . . . . . . . . . . . . . . . . . . . . . . . . . . . . . . . . . . . . . . . . . . . . . . . . . . . . . . . . . . . . . . . . . . . . . . . . . . . . . . . . . . . . . . . . . . . . . . . . . . . . . . . . . . . . . . . . . . . . . . . . . . . . . . . . . . . . . . . . . . . . . . . . . . . . . . . . . . . . . . . . . . . . . . . . . . . . . . . . . . . . . . . . . . . . . . . . . . . . . . . . . . . . . . . . . . . . . . . . . . . . . . . . . . . . . . . . . . . . . .",1,".. .. .. ..чтобы убежать, . . . . . . . . . . . . . . . . . . . . . . . . . . . . . . . . . . . . . . . . . . . . . . . . . . . . . . . . . . . . . . . . . . . . . . . . . . . . . . . . . . . . . . . . . . . . . . . . . . . . . . . . . . . . . . . . . . . . . . . . . . . . . . . . . . . . . . . . . . . . . . . . . . . . . . . . . . . . . . . . . . . . . . . . . . . . . . . . . . . . . . . . . . . . . . . . . . . . . . . . . . . . . . . . . . . . . . . . . . . . . . . . . . . . . . . . . . . . . . . . . . . . . .",чтобы убежать
~ 3 ~ 4 à à à à à à à à à à à à à à à à à à à à à à à à à à à à à à à à à à à à à à à à à à à à à à à à à à à à à à à à à à à à à à à à à à à à à à à à à à à à à à à à à à à à à à à à à à à à à à à à à à à à à à à à à à à à à à à à à à à à à à à à à à à à à à à à à à à à à à à à à à à à à à à à à à à à à à à à à à à à à à à à à à à à à à à à à à à à à à à à à à à à à à à à à à à à à à à à à à à à à à à à à à à à à à à à à à à à à à à,1,~ 3 ~ 4 à à à à à à à à à à à à à à à à à à à à à à à à à à à à à à à à à à à à à à à à à à à à à à à à à à à à à à à à à à à à à à à à à à à à à à à à à à à à à à à à à à à à à à à à à à à à à à à à à à à à à à à à à à à à à à à à à à à à à à à à à à à à à à à à à à à à à à à à à à à à à à à à à à à à à à à à à à à à à à à à à à à à à à à à à à à à à à à à à à à à à à à à à à à à à à à à à à à à à à à à à à à à à à à à à à à à à à à,num num
~ 1 ~ 4 ~ 4 ~ ~ ~ ~ ~ à à à à à à à à à à à à à à à à à à à à à à à à à à à à à à à à à à à à à à à à à à à à à à à à à à à à à à à à à à à à à à à à à à à à à à à à à à à à à à à à à à à à à à à à à à à à à à à à à à à à à à à à à à à à à ~ à à à à à à à à à à à à à à à à à à à à à à à à à à à à à ~ à à à à à à à à à à à à à à à à à à à à à à à à à à à à à à à à à à à à à à à à à à à à à à à à à à à à à à à à à à à à à à à à à à à à à à à à à à à à à à à à à à à à à à à à à à à à à à à à à à à à à à à à à,1,~ 1 ~ 4 ~ 4 ~ ~ ~ ~ ~ à à à à à à à à à à à à à à à à à à à à à à à à à à à à à à à à à à à à à à à à à à à à à à à à à à à à à à à à à à à à à à à à à à à à à à à à à à à à à à à à à à à à à à à à à à à à à à à à à à à à à à à à à à à à à ~ à à à à à à à à à à à à à à à à à à à à à à à à à à à à à ~ à à à à à à à à à à à à à à à à à à à à à à à à à à à à à à à à à à à à à à à à à à à à à à à à à à à à à à à à à à à à à à à à à à à à à à à à à à à à à à à à à à à à à à à à à à à à à à à à à à à à à à à à à,num num num
.. .. .. ..последствием.. ..последствием .. ..последствием .. .. .. . . .. . . .. . .. . . .. . .. . . . . . . . . . . . . . . . . . . . . . . . . . . . . . . . . . . . . . . . . . . . . . . . . . . . . . . . . . . . . . . . . . . . . . . . . . . . . . . . . . . . . . . . . . . . . . . . . . . . . . . . . . . . . . . . . . . . . . . . . . . . . . . . . . . . . . . . . . . . . . . . . . . . . . . . . . . . . . . . . . . . . . . . . . . . . . . . . . . . . . . . . . . . . . . . . . . . . . . . . . . . . . . . . . . . . . . . . .,0,.. .. .. ..последствием.. ..последствием .. ..последствием .. .. .. . . .. . . .. . .. . . .. . .. . . . . . . . . . . . . . . . . . . . . . . . . . . . . . . . . . . . . . . . . . . . . . . . . . . . . . . . . . . . . . . . . . . . . . . . . . . . . . . . . . . . . . . . . . . . . . . . . . . . . . . . . . . . . . . . . . . . . . . . . . . . . . . . . . . . . . . . . . . . . . . . . . . . . . . . . . . . . . . . . . . . . . . . . . . . . . . . . . . . . . . . . . . . . . . . . . . . . . . . . . . . . . . . . . . . . . . . . .,последствием последствием последствием
.. .. . .. .. . .. .. .. .. .. .. .. .. .. .. .. .. .. .. .. .. .. .. .. .. .. .. .. .. .. .. .. .. .. .. .. .. .. .. .. ... ... .. .. .. ... ... ... ... .. ... ... ... .. ... .. ... ... ... ... ... .... ... .. ......... .. ... .... .......... ............. ................... ........................................----------------------------------------и------------------------------------------------------------------------------------------------------------------------------------------------------,0,.. .. . .. .. . .. .. .. .. .. .. .. .. .. .. .. .. .. .. .. .. .. .. .. .. .. .. .. .. .. .. .. .. .. .. .. .. .. .. .. ... ... .. .. .. ... ... ... ... .. ... ... ... .. ... .. ... ... ... ... ... .... ... .. ......... .. ... .... .......... ............. ................... ........................................----------------------------------------и------------------------------------------------------------------------------------------------------------------------------------------------------,и
.. .. ..проникнуть .. . . . . . . . . . . . . . . . . . . . . . . . . . . . . . . . . . . . . . . . . . . . . . . . . . . . . . . . . . . . . . . . . . . . . . . . . . . . . . . . . . . . . . . . . . . . . . . . . . . . . . . . . . . . . . . . . . . . . . . . . . . . . . . . . . . . . . . . . . . . . . . . . . . . . . . . . . . . . . . . . . . . . . . . . . . . . . . . . . . . . . . . . . . . . . . . . . . . . .,1,.. .. ..проникнуть .. . . . . . . . . . . . . . . . . . . . . . . . . . . . . . . . . . . . . . . . . . . . . . . . . . . . . . . . . . . . . . . . . . . . . . . . . . . . . . . . . . . . . . . . . . . . . . . . . . . . . . . . . . . . . . . . . . . . . . . . . . . . . . . . . . . . . . . . . . . . . . . . . . . . . . . . . . . . . . . . . . . . . . . . . . . . . . . . . . . . . . . . . . . . . . . . . . . . . .,проникнуть
.. ..чтобы убежать.. ..чтобы убежать.. ..чтобы убежать...,1,.. ..чтобы убежать.. ..чтобы убежать.. ..чтобы убежать...,чтобы убежать чтобы убежать чтобы убежать
à à à à à à à à à à à à à à à à à à à à à à à à à à à à à à à à à à à à à à à à à à à à à à à à à à à à à à à à à à dé à à à à dé à à à à à à dé à à à dé à à à à dé à à à dé à à à à à à à à à à à à à à à à à à à à à à à à à à à à à à dé à à à à dé à à à à à à à à à à à dé à à à à à à à à à à à à à à à à à à à à à à à à à à à à à à à à à à à à à à à à à à à à à à à à à à à à à à à à à à à à à à à à à à à à à à à à d à à à à d à à à à à à à à à à à à à à à à d à à d à à à d à à à à à à à à à à à à d à à à d à à à à à à à,1,à à à à à à à à à à à à à à à à à à à à à à à à à à à à à à à à à à à à à à à à à à à à à à à à à à à à à à à à à à dé à à à à dé à à à à à à dé à à à dé à à à à dé à à à dé à à à à à à à à à à à à à à à à à à à à à à à à à à à à à à dé à à à à dé à à à à à à à à à à à dé à à à à à à à à à à à à à à à à à à à à à à à à à à à à à à à à à à à à à à à à à à à à à à à à à à à à à à à à à à à à à à à à à à à à à à à à d à à à à d à à à à à à à à à à à à à à à à d à à d à à à d à à à à à à à à à à à à d à à à d à à à à à à à,d d d d d d d d d d d d d d d d
"""Х"" ""Х""",1,"""х"" ""х""",х х
èç1äúúúäääöäöäööö2'äüä àä ä ä ä ä ä à à à à à à à à à à à à à à à à à à à à à à à à à à à à à à à à à à à à à à à à à à à à à à à à à à à à à à à à à à à à à à à à à à à à à à à à à à à à à à à à à à à à à à à à à à à à à,1,èç1äúúúäääöäöäööö2'äüä àä ä ä ä ä ä à à à à à à à à à à à à à à à à à à à à à à à à à à à à à à à à à à à à à à à à à à à à à à à à à à à à à à à à à à à à à à à à à à à à à à à à à à à à à à à à à à à à à à à à à à à à à,num num
Сегодня,0,сегодня,сегодня
"""Сегодня""",0,"""сегодня""",сегодня
.. ..найти нужную вещь.. ..,0,.. ..найти нужную вещь.. ..,найти нужную вещь
.. .. ..последствием .. ..последствием .. .. .. ..последствием .. .. .. .. .. .. ..последствием .. .. .. .. .. .. .. .. .. .. ... ... .. .. ... .. ... ... ...,1,.. .. ..последствием .. ..последствием .. .. .. ..последствием .. .. .. .. .. .. ..последствием .. .. .. .. .. .. .. .. .. .. ... ... .. .. ... .. ... ... ...,последствием последствием последствием последствием
.. ..последствием ..последствием ..последствием . . . . . . . .,0,.. ..последствием ..последствием ..последствием . . . . . . . .,последствием последствием последствием
~ ~ 4 ~ ~ ~ ~ ~ ~ ~ ~ ~ ~ ~ ~ ~ ~ ~ ~ ~ ~ à ~ à à à à à à à à à à à à à à à à à à à à à à à à à à ~ à à à à à à à à ~ à à à à à ~ à à à à à à à à à à à ~ à à à à à à à à à à à à à à à à à à à à à à à à à à à à ~ à à à à à à à ~ à à à à à à à à à à à à à à à à à à à à à à à à à à à à à à à à à à à à à à à à à à à à à à à à à à à à à à à à à à à à à à à à à à à à à à à à à à à à à à à à à à à à à à à à à à à à à à à à à à à à à à à à,1,~ ~ 4 ~ ~ ~ ~ ~ ~ ~ ~ ~ ~ ~ ~ ~ ~ ~ ~ ~ ~ à ~ à à à à à à à à à à à à à à à à à à à à à à à à à à ~ à à à à à à à à ~ à à à à à ~ à à à à à à à à à à à ~ à à à à à à à à à à à à à à à à à à à à à à à à à à à à ~ à à à à à à à ~ à à à à à à à à à à à à à à à à à à à à à à à à à à à à à à à à à à à à à à à à à à à à à à à à à à à à à à à à à à à à à à à à à à à à à à à à à à à à à à à à à à à à à à à à à à à à à à à à à à à à à à à à,num
"Сезон 2, серия 2, серия 2, серия 2, серия 2, серия 2.",1,"сезон 2, серия 2, серия 2, серия 2, серия 2, серия 2.",сезон num серия num серия num серия num серия num серия num
.. .. ..последствием чего-то.. ..последствием чего-то.. ..последствием чего-то...,1,.. .. ..последствием чего-то.. ..последствием чего-то.. ..последствием чего-то...,последствием чего то последствием чего то последствием чего то
~ à à à à à à à à à à à à à à à à à à à à à à à à à à à à à à à à à à à à à à à à à à à à à à à à à à à à à à à à à à à à à à à à à à à à à à à à à à à à à à à à à à à à à à à à à à à à à à à à à à à à à à à à à à à à à à à à à à à à à à à à à à à à à à à à à à à à à à à à d à à à à à à à à à à à à à à à à à à à à à à à à à à à à à à à à à à à à à à à à à à à à à à à à à à à à à à à à à à à à à à à à à à à à à à à à à à à à à à à à à à à à à à à à à à à à à à à à à à à à à à,1,~ à à à à à à à à à à à à à à à à à à à à à à à à à à à à à à à à à à à à à à à à à à à à à à à à à à à à à à à à à à à à à à à à à à à à à à à à à à à à à à à à à à à à à à à à à à à à à à à à à à à à à à à à à à à à à à à à à à à à à à à à à à à à à à à à à à à à à à à à d à à à à à à à à à à à à à à à à à à à à à à à à à à à à à à à à à à à à à à à à à à à à à à à à à à à à à à à à à à à à à à à à à à à à à à à à à à à à à à à à à à à à à à à à à à à à à à à à à à à à à à,d
.. .. ..последствием чего-то.. ..последствием чего-то.. ..последствием чего-то..,0,.. .. ..последствием чего-то.. ..последствием чего-то.. ..последствием чего-то..,последствием чего то последствием чего то последствием чего то
.. .. ..проникнуть . . . . . . . . . . . . . . . . . . . . . . . . . . . . . . . . . . . . . . . . . . . . . . . . . . . . . . . . . . . . . . . . . . . . . . . . . . . . . . . . . . . . . . . . . . . . . . . . . . . . . . . . . . . . . . . . . . . . . . . . . . . . . . . . . . . . . . . . . . . . . . . . . . . . . . . . . . . . . . . . . . . . . . . . . . . . . . . . . . . . . . . . . . . . . . . . . . . . . . . . . . . . . . . . . . . . . . . . . . . . . . . . . . . . . . . . . . . . . . . . . . . . . . . . .,0,.. .. ..проникнуть . . . . . . . . . . . . . . . . . . . . . . . . . . . . . . . . . . . . . . . . . . . . . . . . . . . . . . . . . . . . . . . . . . . . . . . . . . . . . . . . . . . . . . . . . . . . . . . . . . . . . . . . . . . . . . . . . . . . . . . . . . . . . . . . . . . . . . . . . . . . . . . . . . . . . . . . . . . . . . . . . . . . . . . . . . . . . . . . . . . . . . . . . . . . . . . . . . . . . . . . . . . . . . . . . . . . . . . . . . . . . . . . . . . . . . . . . . . . . . . . . . . . . . . . .,проникнуть
~ ~ ~ ààààà à à à à à à à à à à à à à à à à à à à à à à à à à à à à à à à à à à à à à à à à à à à à à à à à à à à à à à à à à à à à à à à à à à à à à à à à à à à à à à à à à à à à à à à à à à à à à à à à à à à à à à à à à à à à à à à à à à à à à à à à à à à à à à à à à à à d à à à à à à à à à à à à à à à à à à à à à à à à à à à à à à à à à à à à à à à à à à à à à à à à à à à à à à à à à à à à à à à à à à à à à à à à à à à à à à à à à à à à à à à à à à à à à à à à à à à à à à à à à à à à à à à à à à à à à,1,~ ~ ~ ààààà à à à à à à à à à à à à à à à à à à à à à à à à à à à à à à à à à à à à à à à à à à à à à à à à à à à à à à à à à à à à à à à à à à à à à à à à à à à à à à à à à à à à à à à à à à à à à à à à à à à à à à à à à à à à à à à à à à à à à à à à à à à à à à à à à à à d à à à à à à à à à à à à à à à à à à à à à à à à à à à à à à à à à à à à à à à à à à à à à à à à à à à à à à à à à à à à à à à à à à à à à à à à à à à à à à à à à à à à à à à à à à à à à à à à à à à à à à à à à à à à à à à à à à à à à,d
~ ~ ~ ~ ~ ~ à à à à à à à à à à à à à à à 3 à 4 à à à à à à à à à à à à à à à à à à à à à à à à à à à à à à à à à à à à à à à à à à à à à à à ¶ ¶ ¶ ¶ ¶ ¶ à à à à à à ä ä ä ä ä ä ä ä ä à à à à à ä à à à à à à à à à à à à à à ä à à à à à à à à à à à à à à à à à à à à à à à à à à à à à à à à à à à à à à à à à à à à à à à à,1,~ ~ ~ ~ ~ ~ à à à à à à à à à à à à à à à 3 à 4 à à à à à à à à à à à à à à à à à à à à à à à à à à à à à à à à à à à à à à à à à à à à à à à ¶ ¶ ¶ ¶ ¶ ¶ à à à à à à ä ä ä ä ä ä ä ä ä à à à à à ä à à à à à à à à à à à à à à ä à à à à à à à à à à à à à à à à à à à à à à à à à à à à à à à à à à à à à à à à à à à à à à à à,num num
.. .. ..проникнуть .. .. ..проникнуть .. . . . . . . . . . . . . . . . . . . . . . . . . . . . . . . . . . . . . . . . . . . . . . . . . . . . . . . . . . . . . . . . . . . . . . . . . . . . . . . . . . . . . . . . . . . . . . . . . . . . . . . . . . . . . . . . . . . . . . . . . . . . . . . . . . . . . . . . . . . . . . . . . . . . . . . . . . . . . . . . . . . . . . . . . . . . . . . . . . . . . . . . . . . . . . . . .,1,.. .. ..проникнуть .. .. ..проникнуть .. . . . . . . . . . . . . . . . . . . . . . . . . . . . . . . . . . . . . . . . . . . . . . . . . . . . . . . . . . . . . . . . . . . . . . . . . . . . . . . . . . . . . . . . . . . . . . . . . . . . . . . . . . . . . . . . . . . . . . . . . . . . . . . . . . . . . . . . . . . . . . . . . . . . . . . . . . . . . . . . . . . . . . . . . . . . . . . . . . . . . . . . . . . . . . . . .,проникнуть проникнуть
"Номер побега номер побега, номер побега, номер побега",0,"номер побега номер побега, номер побега, номер побега",номер побега номер побега номер побега номер побега
.. . ..что . . . . . . . . . . . . . . . . . . . . . . . . . . . . . . . . . . . . . . . . . . . . . . . . . . . . . . . . . . . . . . . . . . . . . . . . . . . . . . . . . . . . . . . . . . . . . . . . . . . . . . . . . . . . . . . . . . . . . . . . . . . . . . . . . . . . . . . . . . . . . . . . . . . . . . . . . . . . . . . . . . . . . . . . . . . . . . . . .,0,.. . ..что . . . . . . . . . . . . . . . . . . . . . . . . . . . . . . . . . . . . . . . . . . . . . . . . . . . . . . . . . . . . . . . . . . . . . . . . . . . . . . . . . . . . . . . . . . . . . . . . . . . . . . . . . . . . . . . . . . . . . . . . . . . . . . . . . . . . . . . . . . . . . . . . . . . . . . . . . . . . . . . . . . . . . . . . . . . . . . . . .,что
~ 3 ~ 3 ~ ~ ~ à à à à à à à à à à à à à à à à à à à à à à à à à à à à à à à à à à à à à à à à à à à à à à à à à à à à à à à à à à à à à à à à à à à à à à à à à à à à à à à à à à à à à à à à à à à à à à à à à à à à à à à à à à à à à à à à à à à à à à à à à à à à à à à à à à à à à à à à à à à à à à à à à à à à à à à à à à à à à à à à à à à à à à à à à à à à à à à à à à à à à à à à à à à à à à à à à à à à à à à à à à à à à à à à à à à à à à à à à à à à à à à à à à à à à à à à à à à à à à à à à à à à à à à à,1,~ 3 ~ 3 ~ ~ ~ à à à à à à à à à à à à à à à à à à à à à à à à à à à à à à à à à à à à à à à à à à à à à à à à à à à à à à à à à à à à à à à à à à à à à à à à à à à à à à à à à à à à à à à à à à à à à à à à à à à à à à à à à à à à à à à à à à à à à à à à à à à à à à à à à à à à à à à à à à à à à à à à à à à à à à à à à à à à à à à à à à à à à à à à à à à à à à à à à à à à à à à à à à à à à à à à à à à à à à à à à à à à à à à à à à à à à à à à à à à à à à à à à à à à à à à à à à à à à à à à à à à à à à à à,num num
.. ..последствием .. ..последствием ..последствием .. ..последствием..,0,.. ..последствием .. ..последствием ..последствием .. ..последствием..,последствием последствием последствием последствием
~ ~ ~ ~ ~ ~ ~ ~ ~ ~ ~ à à à à à à à à à à à à à à à à à à à à à à à à à à à à à à dé à à à à à à à à à à à à à à à à à à à à à à à à à à à à à à à à à à à à à à à à à à à à à à à à à à à à à à à à ~ à à à à à à à à à à à à à à à à à à à à à à à à à à à à à à à à à à à à à à à à à à à à à à à à à à à à à à à à à à à à à à à à à à à à à à à à à à à à à à à à à à à à à à à à à à à à à à à à à à à à à à à à à à à à à à à à à à à à à à à à à à à à à à à à à à à à à à à à à à à à à à à à à à à à à à à à à à à,1,~ ~ ~ ~ ~ ~ ~ ~ ~ ~ ~ à à à à à à à à à à à à à à à à à à à à à à à à à à à à à à dé à à à à à à à à à à à à à à à à à à à à à à à à à à à à à à à à à à à à à à à à à à à à à à à à à à à à à à à à ~ à à à à à à à à à à à à à à à à à à à à à à à à à à à à à à à à à à à à à à à à à à à à à à à à à à à à à à à à à à à à à à à à à à à à à à à à à à à à à à à à à à à à à à à à à à à à à à à à à à à à à à à à à à à à à à à à à à à à à à à à à à à à à à à à à à à à à à à à à à à à à à à à à à à à à à à à à à à,d
.. .. .. ..последствием ..последствием ..последствием .. ..последствием ..,0,.. .. .. ..последствием ..последствием ..последствием .. ..последствием ..,последствием последствием последствием последствием
.. ..что .. ..что .. . . . . . . . . . . . . . . . . . . . . . . . . . . . . . . . . . . . . . . . . . . . . . . . . . . . . . . . . . . . . . . . . . . . . . . . . . . . . . . . . . . . . . . . . . . . . . . . . . . . . . . . . . . . . . . . . . . . . . . . . . . . . . . . . . . . . . . . . . . . . . . . . . . . . . . . . . . . . . . . . . . . . . . . . . . . . . . . . . . . . . . . . . . . . . . . . . . . . . . . . . . . . . . . . . . . . . . . . . . . . . . . . . . . . . . . . . . . . . . . . . . . . . .,0,.. ..что .. ..что .. . . . . . . . . . . . . . . . . . . . . . . . . . . . . . . . . . . . . . . . . . . . . . . . . . . . . . . . . . . . . . . . . . . . . . . . . . . . . . . . . . . . . . . . . . . . . . . . . . . . . . . . . . . . . . . . . . . . . . . . . . . . . . . . . . . . . . . . . . . . . . . . . . . . . . . . . . . . . . . . . . . . . . . . . . . . . . . . . . . . . . . . . . . . . . . . . . . . . . . . . . . . . . . . . . . . . . . . . . . . . . . . . . . . . . . . . . . . . . . . . . . . . . .,что что
.. ..последствием ..последствием ..последствием ..последствием ..,1,.. ..последствием ..последствием ..последствием ..последствием ..,последствием последствием последствием последствием
.. .. ..проникнуть из-за побега .. . . . . . . . . . . . . . . . . . . . . . . . . . . . . . . . . . . . . . . . . . . . . . . . . . . . . . . . . . . . . . . . . . . . . . . . . . . . . . . . . . . . . . . . . . . . . . . . . . . . . . . . . . . . . . . . . . . . . . . . . . . . . . . . . . . . . . . . . . . . . . . . . . . . . . . . . . . . . . . . . . . . . . . . . . . . . . . . . . . . . . . . . . . . . . . . . . . . .,1,.. .. ..проникнуть из-за побега .. . . . . . . . . . . . . . . . . . . . . . . . . . . . . . . . . . . . . . . . . . . . . . . . . . . . . . . . . . . . . . . . . . . . . . . . . . . . . . . . . . . . . . . . . . . . . . . . . . . . . . . . . . . . . . . . . . . . . . . . . . . . . . . . . . . . . . . . . . . . . . . . . . . . . . . . . . . . . . . . . . . . . . . . . . . . . . . . . . . . . . . . . . . . . . . . . . . . .,проникнуть из за побега
.. ..номер .. ..номер .. ..номер .. .. ..номер .. .. .. .. . .. .. .. .. .. .. .. . . . . . . . . . . . . . . . . . . . . . . . . . . . . . . . . . . . . . . . . . . . . . . . . . . . . . . . . . . . . . . . . . . . . . . . . . . . . . . . . . . . . . . . . . . . . . . . . . . . . . . . . . . . . . . . . . . . . . .,1,.. ..номер .. ..номер .. ..номер .. .. ..номер .. .. .. .. . .. .. .. .. .. .. .. . . . . . . . . . . . . . . . . . . . . . . . . . . . . . . . . . . . . . . . . . . . . . . . . . . . . . . . . . . . . . . . . . . . . . . . . . . . . . . . . . . . . . . . . . . . . . . . . . . . . . . . . . . . . . . . . . . . . . .,номер номер номер номер
.. ..последствием ..последствием ..последствием .. ..последствием . . . . . . . . . . . .,0,.. ..последствием ..последствием ..последствием .. ..последствием . . . . . . . . . . . .,последствием последствием последствием последствием
*Что? * * * * * * * * * * * * * * * * * * * * * * * * * * * * * * * * * * * * * * * * * * * * * * * * * * * * * * * * * * * * * * * * * * * * * * * * * * * * * * * * * * * * * * * * * * * * * * * * * * * * * * * * * * * * * * * * * * * * * * * * * * * * * * * * * * * * * * * * * * * * * * * * * * * * * * * * * * * * * * * * * * * * * * * * * * * * * * * * * * * * * * * * * * * * * * * * * * * * * * * * * * * * * * * * * * * * * * * ** * * * * * * * * * * * * * * * * * * * * * * * * ** * * * * * * * * ** * * * * * * ** * * * * * * * * * * * * * * * * * * * * * * * * * * * * * * ** * * * * * * * * * * * * * * * * * * * * * * * * * * * * * * * * * * * * * * * * * * * * * * * * * * * * * * * * * * * * * * * * * * * * * * * * * * * ** * * * * ** ****** ** ** ** ** ** *** *********************** * * * * * * * * * * ************************ *********************** ******************* * * * * * * * * * * **,1,*что? * * * * * * * * * * * * * * * * * * * * * * * * * * * * * * * * * * * * * * * * * * * * * * * * * * * * * * * * * * * * * * * * * * * * * * * * * * * * * * * * * * * * * * * * * * * * * * * * * * * * * * * * * * * * * * * * * * * * * * * * * * * * * * * * * * * * * * * * * * * * * * * * * * * * * * * * * * * * * * * * * * * * * * * * * * * * * * * * * * * * * * * * * * * * * * * * * * * * * * * * * * * * * * * * * * * * * * * ** * * * * * * * * * * * * * * * * * * * * * * * * ** * * * * * * * * ** * * * * * * ** * * * * * * * * * * * * * * * * * * * * * * * * * * * * * * ** * * * * * * * * * * * * * * * * * * * * * * * * * * * * * * * * * * * * * * * * * * * * * * * * * * * * * * * * * * * * * * * * * * * * * * * * * * * ** * * * * ** ****** ** ** ** ** ** *** *********************** * * * * * * * * * * ************************ *********************** ******************* * * * * * * * * * * **,что
.. .. . ..найти нужную вещь ..,1,.. .. . ..найти нужную вещь ..,найти нужную вещь
.. .. ..что . . . . . . . . . . . .,0,.. .. ..что . . . . . . . . . . . .,что
.. .. .. ..чтобы убежать.. .. ..чтобы убежать.. ..,0,.. .. .. ..чтобы убежать.. .. ..чтобы убежать.. ..,чтобы убежать чтобы убежать
.. ..что-то----------что-------------------------------------------------------------------------------------------------------------------------------------------------------------------------------------------------------------------------------------------------------------------------------------------------------------------------------------------------------------...--------------------------------------------------------------------------------------------------------------------------------------------,0,.. ..что-то----------что-------------------------------------------------------------------------------------------------------------------------------------------------------------------------------------------------------------------------------------------------------------------------------------------------------------------------------------------------------------...--------------------------------------------------------------------------------------------------------------------------------------------,что то что
.. . . . . . . . . . . . . . . . . . . . . . . . . . . . . . . . . . . . . . . . . . . . . . . . . . . . . . . . . . . . . . . . . . . . . . . . . . . . . . . . . . . . . . . . . . . . . . . . . . . . . . . . . . . . . . . . . . . . . . . . . . . . . . . . . . . . . . . . . . . . . . . . . . . . . . . . . . . . . . . . . . . . . . . . . . . . . . . . . . . . . . . . . . . . . . . . . . . . . . . . . . . . . . . . . . . . . . . . . . . d d d d d d d d d d d d d d d d d d d d d d d d d d d d d d d d d d d,1,.. . . . . . . . . . . . . . . . . . . . . . . . . . . . . . . . . . . . . . . . . . . . . . . . . . . . . . . . . . . . . . . . . . . . . . . . . . . . . . . . . . . . . . . . . . . . . . . . . . . . . . . . . . . . . . . . . . . . . . . . . . . . . . . . . . . . . . . . . . . . . . . . . . . . . . . . . . . . . . . . . . . . . . . . . . . . . . . . . . . . . . . . . . . . . . . . . . . . . . . . . . . . . . . . . . . . . . . . . . . d d d d d d d d d d d d d d d d d d d d d d d d d d d d d d d d d d d,d d d d d d d d d d d d d d d d d d d d d d d d d d d d d d d d d d d
.. ..что .. . ..что . . . . . . . . . . . . . . . . . . . . . . . . . . . . . . . . .,0,.. ..что .. . ..что . . . . . . . . . . . . . . . . . . . . . . . . . . . . . . . . .,что что
~ ~ 3 ~ 4 à à à à à à à à à à à à à à à à à à à à à à à à à à à à à à à à à à à à à à à à à à à à à à à à à à à à à à à à à à à à à à à à à à à à à à à à à à à à à à à à à à à à à à à à à à à à à à à à à à à à à à à à à à à à à à à à à à à à à à à à à à à à à à à à à à à à à à à à à à à à à à à à à à à à à à à à à à à à à à à à à à à à à à à à à à à à à à à à à à à à à à à à à à à à à à à à à à à à à à à à à à à à à à à à à à à à à à à à à à à à à à à à à à à à à à à à à à à à à à à à à à à à à à à à à à,1,~ ~ 3 ~ 4 à à à à à à à à à à à à à à à à à à à à à à à à à à à à à à à à à à à à à à à à à à à à à à à à à à à à à à à à à à à à à à à à à à à à à à à à à à à à à à à à à à à à à à à à à à à à à à à à à à à à à à à à à à à à à à à à à à à à à à à à à à à à à à à à à à à à à à à à à à à à à à à à à à à à à à à à à à à à à à à à à à à à à à à à à à à à à à à à à à à à à à à à à à à à à à à à à à à à à à à à à à à à à à à à à à à à à à à à à à à à à à à à à à à à à à à à à à à à à à à à à à à à à à à à à à,num num
".. .. .. ..последствия, связанные с побегом .. .. . . . . . . . . . . . . . . . . . . . . . . . . . . . . . . . . . . . . . . . . . . . . . . . . . . . . . . . . . . . . . . . . . . . . . . . . . . . . . . . . . . . . . . . . . . . . . . . . . . . . . . . . . . . . . . . . . . . . . . . . . . . . . . . . . . . . . . . . . . . . . . . . . . . . . . . . . . . . . . . . . . . . . . . . . . . . . . . . . . . . . . . . . . . . . . . . . . . . . . . . . . . . . . . .",0,".. .. .. ..последствия, связанные с побегом .. .. . . . . . . . . . . . . . . . . . . . . . . . . . . . . . . . . . . . . . . . . . . . . . . . . . . . . . . . . . . . . . . . . . . . . . . . . . . . . . . . . . . . . . . . . . . . . . . . . . . . . . . . . . . . . . . . . . . . . . . . . . . . . . . . . . . . . . . . . . . . . . . . . . . . . . . . . . . . . . . . . . . . . . . . . . . . . . . . . . . . . . . . . . . . . . . . . . . . . . . . . . . . . . . . .",последствия связанные с побегом
"номер побега, номер побега",0,"номер побега, номер побега",номер побега номер побега
"Слушайте, ребята, ребята, ребята!",1,"слушайте, ребята, ребята, ребята!",слушайте ребята ребята ребята
.. .. ..последствием.. ..последствием.. ..последствием.. ..последствием,0,.. .. ..последствием.. ..последствием.. ..последствием.. ..последствием,последствием последствием последствием последствием
.. .. .. ..проникнуть .. ..проникнуть . . . . . . . . . . . . . . . . . . . . . . . . . . . . . . . . . . . . . . . . . . . . . . . . . . . . . . . . . . . . . . . . . . . . . . . . . . . . . . . . . . . . . . . . . . . . . . . . . . . . . . . . . . . . . . . . . . . . . . . . . . . . . . . . . . . . . . . . . . . . . . . . . . . . . . . . . . . . . . . . . . . . . . . . .,0,.. .. .. ..проникнуть .. ..проникнуть . . . . . . . . . . . . . . . . . . . . . . . . . . . . . . . . . . . . . . . . . . . . . . . . . . . . . . . . . . . . . . . . . . . . . . . . . . . . . . . . . . . . . . . . . . . . . . . . . . . . . . . . . . . . . . . . . . . . . . . . . . . . . . . . . . . . . . . . . . . . . . . . . . . . . . . . . . . . . . . . . . . . . . . . .,проникнуть проникнуть
.. .. ..проникнуть .. .. ..убежать . . . . . . . . . . . . . . . . . . . . . . . . . . . . . . . . . . . . . . . . . . . . . . . . . . . . . . . . . . . . . . . . . . . . . . . . . . . . . . . . . . . . . . . . . . . . . . . . . . . . . . . . . . . . . . . . . . . . . . . . . . . . . . . . . . . . . . . . . . . . . . . . . . . . . . . . . . . . . . . . . . . . . . . . . . . . . . . . . . . . . . . . . . .,1,.. .. ..проникнуть .. .. ..убежать . . . . . . . . . . . . . . . . . . . . . . . . . . . . . . . . . . . . . . . . . . . . . . . . . . . . . . . . . . . . . . . . . . . . . . . . . . . . . . . . . . . . . . . . . . . . . . . . . . . . . . . . . . . . . . . . . . . . . . . . . . . . . . . . . . . . . . . . . . . . . . . . . . . . . . . . . . . . . . . . . . . . . . . . . . . . . . . . . . . . . . . . . . .,проникнуть убежать
"Убежать, убежать, убежать, убежать, убежать, убежать, убежать, убежать, убежать, убежать, убежать, убежать, убежать, убежать, убежать, убежать, убежать, убежать, убежать, убежать, убежать, убежать, убежать, убежать",1,"убежать, убежать, убежать, убежать, убежать, убежать, убежать, убежать, убежать, убежать, убежать, убежать, убежать, убежать, убежать, убежать, убежать, убежать, убежать, убежать, убежать, убежать, убежать, убежать",убежать убежать убежать убежать убежать убежать убежать убежать убежать убежать убежать убежать убежать убежать убежать убежать убежать убежать убежать убежать убежать убежать убежать убежать
.. .. . .. . .. ..что .. .. ..что .. .. .. ..что .. .. .. .. .. .. . .. .. .. .. .. .. .. .. .. .. .. .. .. .. .. .. .. .. .. .. .. ... .. .. .. .. ... ... .. ... ... .. ... ... ... .. .. ... ... ... .... ... ... ..... ........ ... ..,0,.. .. . .. . .. ..что .. .. ..что .. .. .. ..что .. .. .. .. .. .. . .. .. .. .. .. .. .. .. .. .. .. .. .. .. .. .. .. .. .. .. .. ... .. .. .. .. ... ... .. ... ... .. ... ... ... .. .. ... ... ... .... ... ... ..... ........ ... ..,что что что
.. ..проникнуть из-за побега .. . . . . . . . . . . . . . . . . . . . . . . . . . . . . . . . . . . . . . . . . . . . . . . . . . . . . . . . . . . . . . . . . . . . . . . . . . . . . . . . . . . . . . . . . . . . . . . . . . . . . . . . . . . . . . . . . . . . . . . . . . . . . . . . . . . . . . . . . . . . . . . .,0,.. ..проникнуть из-за побега .. . . . . . . . . . . . . . . . . . . . . . . . . . . . . . . . . . . . . . . . . . . . . . . . . . . . . . . . . . . . . . . . . . . . . . . . . . . . . . . . . . . . . . . . . . . . . . . . . . . . . . . . . . . . . . . . . . . . . . . . . . . . . . . . . . . . . . . . . . . . . . . .,проникнуть из за побега
~ ~ à à à à à à à à à à à à à à à à à à à à à à à à à à à à à à à à à à à à à à à à à à à à à à à à à à à à à à à à à à à à à à à à à à à à à à à à à à à à à à à à à à à à à à à à à à à à à à à à à à à à à à à à à à à à à à à à à à à à à à à à à à à à à à à à à à à à à à d à à à à à à à à à à à à à à à à à à à à à à à à à à à à à à à à à à à à à à à à à à à à à à à à à à à à à à à à à à à à à à à à à à à à à à à à à à à à à à à à à à à à à à à à à à à à à à à à à à à à à à à à à à à à à à à à à à à à,1,~ ~ à à à à à à à à à à à à à à à à à à à à à à à à à à à à à à à à à à à à à à à à à à à à à à à à à à à à à à à à à à à à à à à à à à à à à à à à à à à à à à à à à à à à à à à à à à à à à à à à à à à à à à à à à à à à à à à à à à à à à à à à à à à à à à à à à à à à à à d à à à à à à à à à à à à à à à à à à à à à à à à à à à à à à à à à à à à à à à à à à à à à à à à à à à à à à à à à à à à à à à à à à à à à à à à à à à à à à à à à à à à à à à à à à à à à à à à à à à à à à à à à à à à à à à à à à à à,d
~ ~ à à à à à à à à à à à à à à à à à à à à à à à à à à à à à à à à à à à à à à à à à à à à à à à à à à à à à à à à à à à à à à à à à à à à à à à à à à à à à à à à à à à à à à à à à à à à à à à à à à à à à à à à à à à à à à à à à à à à à à à à à à à à à à à à à à à à à à à à à à à à à à à à à à à à à à à à à à à à à à à à à à à à à à à à à à à à à à à à à à à à à à à à à à à à à à à à à à à à à à à à à à à à à à à à à à à à à à à à à à à à à à à à à à d à à à à à à à à à à à à à à à à à à à à à à à à à à,1,~ ~ à à à à à à à à à à à à à à à à à à à à à à à à à à à à à à à à à à à à à à à à à à à à à à à à à à à à à à à à à à à à à à à à à à à à à à à à à à à à à à à à à à à à à à à à à à à à à à à à à à à à à à à à à à à à à à à à à à à à à à à à à à à à à à à à à à à à à à à à à à à à à à à à à à à à à à à à à à à à à à à à à à à à à à à à à à à à à à à à à à à à à à à à à à à à à à à à à à à à à à à à à à à à à à à à à à à à à à à à à à à à à à à à à à d à à à à à à à à à à à à à à à à à à à à à à à à à à,d
.. .. ..чтобы убежать . . . . . . . . . . . . . . . . . . . . . . . . . . . . . . . . . . . . . . . . . . . . . . . . . . . . . . . . . . . . . . . . . . . . . . . . . . . . . . . . . . . . . . . . . . . . . . . . . . . . . . . . . . . . . . . . . . . . . . . . . . . . . . . . . . . . . . . . . . . . . . . . . . . . . . . . . . . . . . . . . . . . . . . . . . . . . . . . . . . . . . . . . . . . . . . . . . . . . . . . . . . . . . . . . . . . . . . . . . . . . . . . . . . . . . . . . . . . . . . . . . . . . . . .,0,.. .. ..чтобы убежать . . . . . . . . . . . . . . . . . . . . . . . . . . . . . . . . . . . . . . . . . . . . . . . . . . . . . . . . . . . . . . . . . . . . . . . . . . . . . . . . . . . . . . . . . . . . . . . . . . . . . . . . . . . . . . . . . . . . . . . . . . . . . . . . . . . . . . . . . . . . . . . . . . . . . . . . . . . . . . . . . . . . . . . . . . . . . . . . . . . . . . . . . . . . . . . . . . . . . . . . . . . . . . . . . . . . . . . . . . . . . . . . . . . . . . . . . . . . . . . . . . . . . . . .,чтобы убежать
..пожалуйста..пожалуйста..,0,..пожалуйста..пожалуйста..,пожалуйста пожалуйста
~ à à à à à à à à à à à à à à à à à à à à à à à à à à à à à à à à à à à à à à à à à à à à à à à à à à à à à à à à à à à à à à à à à à à à à à à à à à à à à à à à à à à à à à à à à à à à à à à à à à à à à à à à à à à à à à à à à d à à à à à à à à à à à à à à à à à à à à à à à à à à à à à à à à à à à à à à à à à à à à à à à à à à à à à à à à à à à à à à à à à à à à à à à à à à à à à à à à à à à à à à à à à à à à à à à à à à à à à à à à à à à à à à à à à à à à à à à à à,1,~ à à à à à à à à à à à à à à à à à à à à à à à à à à à à à à à à à à à à à à à à à à à à à à à à à à à à à à à à à à à à à à à à à à à à à à à à à à à à à à à à à à à à à à à à à à à à à à à à à à à à à à à à à à à à à à à à à d à à à à à à à à à à à à à à à à à à à à à à à à à à à à à à à à à à à à à à à à à à à à à à à à à à à à à à à à à à à à à à à à à à à à à à à à à à à à à à à à à à à à à à à à à à à à à à à à à à à à à à à à à à à à à à à à à à à à à à à à à,d
~ ~ à à à à à à à à à à à à à à à à à à à à à à à à à à à à à à à à à à à à à à à à à à à à à à à à à à à à à à à à à à à à à à à à à à à à à à à à à à à à à à à à à à à à à à à à à à à à à à à à à à à à à à à à à à à à à à à à à à à à à dé à à à à à à à à à à à à à à à à à à à à à à à à à à à à à à à à à à à à à à à à à à à à à à à à à à à à à à à à à à à à à à à à à à à à à à à à à à à à à à à à à à à à à à à à à à à à à à à à à à à à à à à à à à à à à à à d à,1,~ ~ à à à à à à à à à à à à à à à à à à à à à à à à à à à à à à à à à à à à à à à à à à à à à à à à à à à à à à à à à à à à à à à à à à à à à à à à à à à à à à à à à à à à à à à à à à à à à à à à à à à à à à à à à à à à à à à à à à à à à dé à à à à à à à à à à à à à à à à à à à à à à à à à à à à à à à à à à à à à à à à à à à à à à à à à à à à à à à à à à à à à à à à à à à à à à à à à à à à à à à à à à à à à à à à à à à à à à à à à à à à à à à à à à à à à à à d à,d d
~ ~ à à à à à à à à à à à à à à à à à à à à à à à à à à à à à à à à à à à à à à à à à à à à à dé à à à à à à à à à à à à à à à à à à à à à à à à à à à à à à à à à à à à à à à à à à à à à à à à à à à à à à à à à à à à à à à à à à à à à à à à à à à à à à à à à à à à à à d à à à à à à à à à à à à à à à à à à à à à à à à à à à à à à à à à à à à à à à à à à à à à à à à à à à à à à à à à à à à à à à à à à à à à à à à à à à à à à à à à à à à à à à à à à à à à à à à à à à à à à à à à à à à à à à à à à à à à à à à,1,~ ~ à à à à à à à à à à à à à à à à à à à à à à à à à à à à à à à à à à à à à à à à à à à à à dé à à à à à à à à à à à à à à à à à à à à à à à à à à à à à à à à à à à à à à à à à à à à à à à à à à à à à à à à à à à à à à à à à à à à à à à à à à à à à à à à à à à à à à d à à à à à à à à à à à à à à à à à à à à à à à à à à à à à à à à à à à à à à à à à à à à à à à à à à à à à à à à à à à à à à à à à à à à à à à à à à à à à à à à à à à à à à à à à à à à à à à à à à à à à à à à à à à à à à à à à à à à à à à à,d d
♪ ♪ ♪ ♪ ♪ ♪ ♪ ♪ ♪ ♪ ♪ ♪ ♪ ♪ ♪ ♪ ♪ ♪ ♪ ♪ ♪ ♪ ♪ ♪ ♪ ♪ ♪ ♪ ♪ ♪ ♪ ♪ ♪ ♪ ♪ ♪ ♪ Я ♪ ♪ ♪ ♪ ♪ ♪ ♪ ♪ ♪ ♪ ♪ ♪ ♪,1,♪ ♪ ♪ ♪ ♪ ♪ ♪ ♪ ♪ ♪ ♪ ♪ ♪ ♪ ♪ ♪ ♪ ♪ ♪ ♪ ♪ ♪ ♪ ♪ ♪ ♪ ♪ ♪ ♪ ♪ ♪ ♪ ♪ ♪ ♪ ♪ ♪ я ♪ ♪ ♪ ♪ ♪ ♪ ♪ ♪ ♪ ♪ ♪ ♪ ♪,я
* 3 * * * * * * * * * * * * * * * * * * * * * * * * * * * * * * * * * * * * * * * * * * * * * * * * * * * * * * * * * * * * * * * * * * * * * * * * * * * * * * * * * * * * * * * * * * * * * * * * * * * * * * * * * * * * * * * * * * * * * * * * * * * * * * * * * * * * * * * * * * * * * * * * ** * * * * * * * * * * * * * * * * * * * * * * * * * * * * * * * * * * * * * * * * * * * * * * * * * * * * * * * * * * * * * * * * * * * * * * * * * * * * * * * * * * * * * * * * * * * * * * * * * * * * * * * * * * * * * * * * * * ** * * * * * * * * * * * * * * * * * * * * * * * * * * * * * * * * * * * * * * * * * * * * * * * * * * * * * * * * * * * * * * * * * * * * * * * * * * * * * * * * * * * * * * * * * * * * * * * * * * * * * * * * * * * * * * * * * * * * * * * * * * * * * * * * * * * * * * * * * * * * * * * * * * * * * * * * * * * * * * * * * * * * * * * * * * * * * * * * * * * * * * * * * * * * * * * * * * * * * * * * * * * * * * * * * * * * * * * * * * * * * * * * * * * * * * * * * * * * * * * * * * * * * *,1,* 3 * * * * * * * * * * * * * * * * * * * * * * * * * * * * * * * * * * * * * * * * * * * * * * * * * * * * * * * * * * * * * * * * * * * * * * * * * * * * * * * * * * * * * * * * * * * * * * * * * * * * * * * * * * * * * * * * * * * * * * * * * * * * * * * * * * * * * * * * * * * * * * * * ** * * * * * * * * * * * * * * * * * * * * * * * * * * * * * * * * * * * * * * * * * * * * * * * * * * * * * * * * * * * * * * * * * * * * * * * * * * * * * * * * * * * * * * * * * * * * * * * * * * * * * * * * * * * * * * * * * * ** * * * * * * * * * * * * * * * * * * * * * * * * * * * * * * * * * * * * * * * * * * * * * * * * * * * * * * * * * * * * * * * * * * * * * * * * * * * * * * * * * * * * * * * * * * * * * * * * * * * * * * * * * * * * * * * * * * * * * * * * * * * * * * * * * * * * * * * * * * * * * * * * * * * * * * * * * * * * * * * * * * * * * * * * * * * * * * * * * * * * * * * * * * * * * * * * * * * * * * * * * * * * * * * * * * * * * * * * * * * * * * * * * * * * * * * * * * * * * * * * * * * * * *,num
~ 3 ~ 4 ~ 4 à à à à à à à 3 à à à à à à à à à à à à à à à à à à à à à à à à à à à à à à à à à à à à à à à à à à à à à à à à à à à à à à à à à à à à à à à à à à à à à à à à à à à à à à à à à à à à à à à à à à à à à à à à à à à à à à à à à à à à à à à à à à à à à à à à à à à à à à à à à à à à à à à à à à à à à à à à à à à à à à à à à à à à à à à à à à à à à à à à à à à à à à à à à à à à à à à à à à à à à à à à à à à à à à à à à à à à à à à à à à à à à à à à à à à à à à à à à à à à,1,~ 3 ~ 4 ~ 4 à à à à à à à 3 à à à à à à à à à à à à à à à à à à à à à à à à à à à à à à à à à à à à à à à à à à à à à à à à à à à à à à à à à à à à à à à à à à à à à à à à à à à à à à à à à à à à à à à à à à à à à à à à à à à à à à à à à à à à à à à à à à à à à à à à à à à à à à à à à à à à à à à à à à à à à à à à à à à à à à à à à à à à à à à à à à à à à à à à à à à à à à à à à à à à à à à à à à à à à à à à à à à à à à à à à à à à à à à à à à à à à à à à à à à à à à à à à à à à,num num num num
Хорошо.,1,хорошо.,хорошо
à à à à à à à à à à à à à à à à à à à à à à à à à à à à à à à à à à à à à à à à à à à à à à à à à à à à à à à à à à à à à à à à dé à à à à à à à à à à à à à à à à à à à à à à à à à à à à à à à à à à à à à à à à à à à à à à à à à à à à à à à à à à à à à à à à à à à à à à à à à à à à à à à à à à à à à à à à à à à à à à à à à à à à à à à à à à à à à à à à à à à à à à à à à à à à à à à à à à à à à à à à à à à à à à à à à à à à à à à à à à à à à à à à à à à à à à à à à à à à à à à à à à à à à à à à à à à à à à,1,à à à à à à à à à à à à à à à à à à à à à à à à à à à à à à à à à à à à à à à à à à à à à à à à à à à à à à à à à à à à à à à à dé à à à à à à à à à à à à à à à à à à à à à à à à à à à à à à à à à à à à à à à à à à à à à à à à à à à à à à à à à à à à à à à à à à à à à à à à à à à à à à à à à à à à à à à à à à à à à à à à à à à à à à à à à à à à à à à à à à à à à à à à à à à à à à à à à à à à à à à à à à à à à à à à à à à à à à à à à à à à à à à à à à à à à à à à à à à à à à à à à à à à à à à à à à à à à à,d
~ ~ ~ 433 ~ ~ ~ ~ ~ ~ ~ à à à à à à à à à à à à à à à à à à à à à à à à à à ~ à à à à à à à à à à à à à ~ à à ~ à à à à à à à à à à à à à à à à à à à à à ~ à à à à à à à à à à à à à à à à à à à à à à à à à à à à à à à à à à à à à à à à à à à à à,1,~ ~ ~ 433 ~ ~ ~ ~ ~ ~ ~ à à à à à à à à à à à à à à à à à à à à à à à à à à ~ à à à à à à à à à à à à à ~ à à ~ à à à à à à à à à à à à à à à à à à à à à ~ à à à à à à à à à à à à à à à à à à à à à à à à à à à à à à à à à à à à à à à à à à à à à,num
.. .. .. ..чтобы убежать.. ..чтобы убежать.. .. ..,1,.. .. .. ..чтобы убежать.. ..чтобы убежать.. .. ..,чтобы убежать чтобы убежать
отчет,0,отчет,отчет
.. ..почему .. . . . . . . . . . . . . . . . . . . . . . . . . . . . . . . . . . . . . . . . . . . . . . . . . . . . . . . . . . . . . . . . . . . . . . . . . . . . . . . . . . . . . . . . . . . . . . . . . . . . . . . . . . . . . . . . . . . . . . . . . . . . . . . . . . . . . . . . . . . . . . . . . . . . . . . . . . . . . . . . . . . . . . . . . . . . . . . . . . . . . . . . . . . . . . . . . . . . . . . . . . . . . . . . . . . . .,0,.. ..почему .. . . . . . . . . . . . . . . . . . . . . . . . . . . . . . . . . . . . . . . . . . . . . . . . . . . . . . . . . . . . . . . . . . . . . . . . . . . . . . . . . . . . . . . . . . . . . . . . . . . . . . . . . . . . . . . . . . . . . . . . . . . . . . . . . . . . . . . . . . . . . . . . . . . . . . . . . . . . . . . . . . . . . . . . . . . . . . . . . . . . . . . . . . . . . . . . . . . . . . . . . . . . . . . . . . . . .,почему
.. ..что .. .. .. ..что .. .. ..что .. .. .. ..что .. .. .. .. ..что .. .. .. .. .. .. .. .. .. .. .. .. ... ... .. .. ... .. ... .. ... ... .. .. .. .. ... .. .. ... ... .. ... ... ... .. ... ... ... ... ... ... ... ...... ..... ..... .. ......... .......... .............. .......... .......... ....--------------------------------------------------------------------------------------------------------------------------------------------------------------------------------------------------------------------------,0,.. ..что .. .. .. ..что .. .. ..что .. .. .. ..что .. .. .. .. ..что .. .. .. .. .. .. .. .. .. .. .. .. ... ... .. .. ... .. ... .. ... ... .. .. .. .. ... .. .. ... ... .. ... ... ... .. ... ... ... ... ... ... ... ...... ..... ..... .. ......... .......... .............. .......... .......... ....--------------------------------------------------------------------------------------------------------------------------------------------------------------------------------------------------------------------------,что что что что что
Потрясающе!,1,потрясающе!,потрясающе
Номер побега - номер побега - номер побега,0,номер побега - номер побега - номер побега,номер побега номер побега номер побега
.. .. ..проникнуть .. . . . . . . . . . . . . . . . . . . . . . . . . . . . . . . . . . . . . . . . . . . . . . . . . . . . . . . . . . . . . . . . . . . . . . . . . . . . . . . . . . . . . . . . . . . . . . . . . . . . . . . . . . . . . . . . . . . . . . . . . . . . . . . . . . . . . . . . . . . . . . . . . . . . . . . . . . . . . . . . . . . . . . . . . . . . . . . . . . . . . . . . . . . . . . . . . . . . . . . . . . . . . . .,0,.. .. ..проникнуть .. . . . . . . . . . . . . . . . . . . . . . . . . . . . . . . . . . . . . . . . . . . . . . . . . . . . . . . . . . . . . . . . . . . . . . . . . . . . . . . . . . . . . . . . . . . . . . . . . . . . . . . . . . . . . . . . . . . . . . . . . . . . . . . . . . . . . . . . . . . . . . . . . . . . . . . . . . . . . . . . . . . . . . . . . . . . . . . . . . . . . . . . . . . . . . . . . . . . . . . . . . . . . . .,проникнуть
~ à à à à à à à à à à à à à à à à à à à à à à à à à à à à à à à à à à à à à à à à à à à à à à à à à à à à à à à à à à à à à à à à à à à à à à à à à à à à à à à à à à à à à à à à à à à à à à à à à à à à à à à à à à à à à à à à à à à à à à à à à à à à à à à à à à à à à à à à à à à d à à à à à à à à à à à à à à à à à à à à à à à à à à à à à à à à à à à à à à à à à à à à à à à à à à à à à à à à à à à à à à à à à à à à à à à à à à à à à à à à à à à à à à à à à à,1,~ à à à à à à à à à à à à à à à à à à à à à à à à à à à à à à à à à à à à à à à à à à à à à à à à à à à à à à à à à à à à à à à à à à à à à à à à à à à à à à à à à à à à à à à à à à à à à à à à à à à à à à à à à à à à à à à à à à à à à à à à à à à à à à à à à à à à à à à à à à à d à à à à à à à à à à à à à à à à à à à à à à à à à à à à à à à à à à à à à à à à à à à à à à à à à à à à à à à à à à à à à à à à à à à à à à à à à à à à à à à à à à à à à à à à à à,d
.. .. ..найти нужную вещь .. . . . .,1,.. .. ..найти нужную вещь .. . . . .,найти нужную вещь
Пожалуйста.,1,пожалуйста.,пожалуйста
.. .. ..последний номер .. . . . . . . . . . . . . . . . . . . . . . . . . . . . . . . . . . . . . . . . . . . . . . . . . . . . . . . . . . . . . . . . . . . . . . . . . . . . . . . . . . . . . . . . . . . . . . . . . . . . . . . . . . . . . . . . . . . . . . . . . . . . . . . . . . . . . . . . . . . . . . . . . . . . . . . . . . . . . . . . . . . . . . . . . . . . . . . . . . . . . . . . . . . . . . . . . . . . . . . . . . . . . . . . . . . . . . . . . . . . . . . . . . . . . . . . . . . . . . . . . . . . . . . .,0,.. .. ..последний номер .. . . . . . . . . . . . . . . . . . . . . . . . . . . . . . . . . . . . . . . . . . . . . . . . . . . . . . . . . . . . . . . . . . . . . . . . . . . . . . . . . . . . . . . . . . . . . . . . . . . . . . . . . . . . . . . . . . . . . . . . . . . . . . . . . . . . . . . . . . . . . . . . . . . . . . . . . . . . . . . . . . . . . . . . . . . . . . . . . . . . . . . . . . . . . . . . . . . . . . . . . . . . . . . . . . . . . . . . . . . . . . . . . . . . . . . . . . . . . . . . . . . . . . . .,последний номер
".. .. ..чтобы убежать, .. . . . . . . . . . . . . . . . . . . . . . . . . . . . . . . . . . . . . . . . . . . . . . . . . . . . . . . . . . . . . . . . . . . . . . . . . . . . . . . . . . . . . . . . . . . . . . . . . . . . . . . . . . . . . . . . . . . . . . . . . . . . . . . . . . . . . . . . . . . . . . . . . . . . . . . . . . . . . . . . . . . . . . . . . . . . . .",0,".. .. ..чтобы убежать, .. . . . . . . . . . . . . . . . . . . . . . . . . . . . . . . . . . . . . . . . . . . . . . . . . . . . . . . . . . . . . . . . . . . . . . . . . . . . . . . . . . . . . . . . . . . . . . . . . . . . . . . . . . . . . . . . . . . . . . . . . . . . . . . . . . . . . . . . . . . . . . . . . . . . . . . . . . . . . . . . . . . . . . . . . . . . . .",чтобы убежать
* 3 * * * * * * * * * * * * * * * * * * * * * * * * * * * * * * * * * * * * * * * * * * * * * * * * * * * * * * * * * * * * * * * * * * * * * * * * * * * * * * * * * * * * * * * * * * * * * * * * * * * * * * * * * * * * ** * * * * * * * * * * * * * * * * * * * * * * * * * * * * * * * * * * * * * * * * * * * * * * * * * * * * * * * * * * * * * * * * * * * * * * * * * * * * * * * * * * * * * * * * * * * * * * * * * * * * * * * * * * * * * * * * * * * * * * * * * * * * * * * * * * * * * * * * * * * * * * * * * * * * * * * * * * * * * * * * * * * * * * * * * * * * * * * * * * * * * * * * * * * * * * * * * * * * * * * * * * * * * * * * * * * * * * * * * * * * * * * * * * * * * * * * * * * * * * * * * * * * * * * * * * * * * * * * * * * * * * * * * * * * * * * * * * * * * * * * * * * * * * * * * * * * * * * * * * * * * * * * * * * * * * * * * * * * * * * * * * * * * * * * * * * * * * * * * * * * * * * * * * * * * * * * * * * * * * * * * * * * * * * * * * * * * * * * * * * * * * * * * * * * * * * * * * * * * *,1,* 3 * * * * * * * * * * * * * * * * * * * * * * * * * * * * * * * * * * * * * * * * * * * * * * * * * * * * * * * * * * * * * * * * * * * * * * * * * * * * * * * * * * * * * * * * * * * * * * * * * * * * * * * * * * * * ** * * * * * * * * * * * * * * * * * * * * * * * * * * * * * * * * * * * * * * * * * * * * * * * * * * * * * * * * * * * * * * * * * * * * * * * * * * * * * * * * * * * * * * * * * * * * * * * * * * * * * * * * * * * * * * * * * * * * * * * * * * * * * * * * * * * * * * * * * * * * * * * * * * * * * * * * * * * * * * * * * * * * * * * * * * * * * * * * * * * * * * * * * * * * * * * * * * * * * * * * * * * * * * * * * * * * * * * * * * * * * * * * * * * * * * * * * * * * * * * * * * * * * * * * * * * * * * * * * * * * * * * * * * * * * * * * * * * * * * * * * * * * * * * * * * * * * * * * * * * * * * * * * * * * * * * * * * * * * * * * * * * * * * * * * * * * * * * * * * * * * * * * * * * * * * * * * * * * * * * * * * * * * * * * * * * * * * * * * * * * * * * * * * * * * * * * * * * * * *,num
.. ..Однажды ♪ ♪ ♪ ♪ ♪ ♪ ♪ ♪ ♪ ♪ ♪ ♪ ♪ ♪ ♪ ♪ ♪ ♪ ♪ ♪ ♪ ♪ ♪ ♪ ♪ ♪ ♪ ♪ ♪ ♪ ♪ ♪ ♪ ♪ ♪ ♪ ♪ ♪ ♪ ♪ ♪ ♪ ♪ ♪ ♪ ♪ ♪ ♪ ♪ ♪ ♪ ♪ ♪ ♪ ♪ ♪ ♪ ♪ ♪ ♪ ♪ ♪ ♪ ♪ ♪ ♪ ♪ ♪ ♪ ♪ ♪ ♪ ♪ ♪ ♪ ♪ ♪ ♪ ♪ ♪ ♪ ♪ ♪ ♪ ♪ ♪ ♪ ♪ ♪ ♪ ♪ ♪ ♪ ♪ ♪ ♪ ♪ ♪ ♪ ♪ ♪ ♪ ♪ ♪ ♪ ♪ ♪ ♪ ♪ ♪ ♪ ♪ ♪ ♪ ♪ ♪ ♪ ♪ ♪ ♪ ♪ ♪ ♪ ♪ ♪ ♪ ♪ ♪ ♪ ♪ ♪ ♪ ♪ ♪ ♪ ♪ ♪ ♪ ♪ ♪ ♪ ♪ ♪ ♪ ♪ ♪ ♪ ♪ ♪ ♪ ♪ ♪ ♪ ♪ ♪ ♪ ♪ ♪ ♪ ♪ ♪ ♪ ♪ ♪ ♪ ♪ ♪ ♪ ♪ ♪ ♪ ♪ ♪ ♪ ♪ ♪ ♪ ♪ ♪ ♪ ♪ ♪ ♪ ♪ ♪ ♪ ♪ ♪ ♪ ♪ ♪ ♪ ♪ ♪ ♪ ♪ ♪ ♪ ♪ ♪ ♪ ♪ ♪ ♪ ♪ ♪ ♪ ♪ ♪ ♪ ♪ ♪ ♪ ♪ ♪ ♪ ♪ ♪ ♪ ♪ ♪ ♪ ♪ ♪ ♪ ♪ ♪ ♪ ♪ ♪ ♪ ♪ ♪ ♪ ♪ ♪ ♪ ♪ ♪ ♪ ♪ ♪ ♪ ♪ ♪ ♪ ♪ ♪ ♪,1,.. ..однажды ♪ ♪ ♪ ♪ ♪ ♪ ♪ ♪ ♪ ♪ ♪ ♪ ♪ ♪ ♪ ♪ ♪ ♪ ♪ ♪ ♪ ♪ ♪ ♪ ♪ ♪ ♪ ♪ ♪ ♪ ♪ ♪ ♪ ♪ ♪ ♪ ♪ ♪ ♪ ♪ ♪ ♪ ♪ ♪ ♪ ♪ ♪ ♪ ♪ ♪ ♪ ♪ ♪ ♪ ♪ ♪ ♪ ♪ ♪ ♪ ♪ ♪ ♪ ♪ ♪ ♪ ♪ ♪ ♪ ♪ ♪ ♪ ♪ ♪ ♪ ♪ ♪ ♪ ♪ ♪ ♪ ♪ ♪ ♪ ♪ ♪ ♪ ♪ ♪ ♪ ♪ ♪ ♪ ♪ ♪ ♪ ♪ ♪ ♪ ♪ ♪ ♪ ♪ ♪ ♪ ♪ ♪ ♪ ♪ ♪ ♪ ♪ ♪ ♪ ♪ ♪ ♪ ♪ ♪ ♪ ♪ ♪ ♪ ♪ ♪ ♪ ♪ ♪ ♪ ♪ ♪ ♪ ♪ ♪ ♪ ♪ ♪ ♪ ♪ ♪ ♪ ♪ ♪ ♪ ♪ ♪ ♪ ♪ ♪ ♪ ♪ ♪ ♪ ♪ ♪ ♪ ♪ ♪ ♪ ♪ ♪ ♪ ♪ ♪ ♪ ♪ ♪ ♪ ♪ ♪ ♪ ♪ ♪ ♪ ♪ ♪ ♪ ♪ ♪ ♪ ♪ ♪ ♪ ♪ ♪ ♪ ♪ ♪ ♪ ♪ ♪ ♪ ♪ ♪ ♪ ♪ ♪ ♪ ♪ ♪ ♪ ♪ ♪ ♪ ♪ ♪ ♪ ♪ ♪ ♪ ♪ ♪ ♪ ♪ ♪ ♪ ♪ ♪ ♪ ♪ ♪ ♪ ♪ ♪ ♪ ♪ ♪ ♪ ♪ ♪ ♪ ♪ ♪ ♪ ♪ ♪ ♪ ♪ ♪ ♪ ♪ ♪ ♪ ♪ ♪ ♪ ♪ ♪ ♪,однажды
~ ~ ~ ~ ~ à à à à à à à à à à à à à à à à à à à à à à à à à à à à à à à à à à à à à à à à à à à à à à à à à à à à à à à à à à à à à à à à à à à à à à à à à à à à à à à à à à à à à à à à à à à à à à à à à à à à à à à à à à à à à à à à à à à à à à à à à à à à à à à à à à à à d à à à à à à à à à à à à à à à à à à à à à à à à à à à à à à à à à à à à à à à à à à à à à à à à à à à à à à à à à à à à à à à à à à à à à à à à à à à à à à à à à à à à à à à à à à à à à à à à à à à à à à à à à à à à à à à à à à à à à,1,~ ~ ~ ~ ~ à à à à à à à à à à à à à à à à à à à à à à à à à à à à à à à à à à à à à à à à à à à à à à à à à à à à à à à à à à à à à à à à à à à à à à à à à à à à à à à à à à à à à à à à à à à à à à à à à à à à à à à à à à à à à à à à à à à à à à à à à à à à à à à à à à à à d à à à à à à à à à à à à à à à à à à à à à à à à à à à à à à à à à à à à à à à à à à à à à à à à à à à à à à à à à à à à à à à à à à à à à à à à à à à à à à à à à à à à à à à à à à à à à à à à à à à à à à à à à à à à à à à à à à à à à,d
.. .. .. ..проникнуть . . . . . . . . .,0,.. .. .. ..проникнуть . . . . . . . . .,проникнуть
".. .. ..что . ..чтобы . ..чтобы . . . . . . . . . . . . . . . . . . . . . . . . . . . . . . . . . . . . . . . . . . . . . . . . . . . . . . . . . . . . . . . . . . . . . . . . . . . . . . . . . . . . . . . . . . . . . . . . . . . . . . . . . . . . . . . . . . . . . . . . . . . . . . . . . . . . . . . . . . . . . . . . . . . . . . . . . . . . . . . . . . . . . . . . . . . . . . . . . . . . . . . . . . . . . . . . . . . . . . . . . . . . . . . . . . . . . . . . . . . . . . . . . . . . . . . . . . . . . . . . . . ,",1,".. .. ..что . ..чтобы . ..чтобы . . . . . . . . . . . . . . . . . . . . . . . . . . . . . . . . . . . . . . . . . . . . . . . . . . . . . . . . . . . . . . . . . . . . . . . . . . . . . . . . . . . . . . . . . . . . . . . . . . . . . . . . . . . . . . . . . . . . . . . . . . . . . . . . . . . . . . . . . . . . . . . . . . . . . . . . . . . . . . . . . . . . . . . . . . . . . . . . . . . . . . . . . . . . . . . . . . . . . . . . . . . . . . . . . . . . . . . . . . . . . . . . . . . . . . . . . . . . . . . . . . ,",что чтобы чтобы
.. .. ..проникнуть .. .. . . . . . . . . . . . .,1,.. .. ..проникнуть .. .. . . . . . . . . . . . .,проникнуть
~ ~ ~ ~ ~ ~ à à à à à à à à à à à à à à à à à à à à à à à à à à à à à à à à à à à à à à à à à à à à à à à à à à à à à à à à à à à à à à à à à à à à à à à à à à à à à à à à à à à à à à à à à à à à à à à à à à à à à à à à à à à à d à à à à à à à à à à à à à à à à à à à à à à à à à à à à à à à à à à à à à à à à à à à à à à à à à à à à à à à à à à à à à à à à à à à à à à à à à à à à à à à à à à à à à à à à à à à à à à à à à à à à à à à à à à à à à à à à à à à à à à à à à à à à à à à à à à à à à à à à à à à à,1,~ ~ ~ ~ ~ ~ à à à à à à à à à à à à à à à à à à à à à à à à à à à à à à à à à à à à à à à à à à à à à à à à à à à à à à à à à à à à à à à à à à à à à à à à à à à à à à à à à à à à à à à à à à à à à à à à à à à à à à à à à à à à d à à à à à à à à à à à à à à à à à à à à à à à à à à à à à à à à à à à à à à à à à à à à à à à à à à à à à à à à à à à à à à à à à à à à à à à à à à à à à à à à à à à à à à à à à à à à à à à à à à à à à à à à à à à à à à à à à à à à à à à à à à à à à à à à à à à à à à à à à à à à,d
http://www.tvwo,1,http://www.tvwo,url
.. .. ..проникнуть .. . . ..проникнуть .. . . .. . . . . . . . . . . . . . . . . . . . . . . . . . . . . . . . . . . . . . . . . . . . . . . . . . . . . . . . . . . . . . . . . . . . . . . . . . . . . . . . . . . . . . . . . . . . . . . . . . . . . . . . . . . . . . . . . . . . . . . . . . . . . . . . . . . . . . . . . . . . . . . . . . . . . . . . . . . . . . . . . . . . . . . . . . . . . . . . . . . . . . . . . . . . . . . . . . . . . . . . . . . . . . . . . . . . . .,0,.. .. ..проникнуть .. . . ..проникнуть .. . . .. . . . . . . . . . . . . . . . . . . . . . . . . . . . . . . . . . . . . . . . . . . . . . . . . . . . . . . . . . . . . . . . . . . . . . . . . . . . . . . . . . . . . . . . . . . . . . . . . . . . . . . . . . . . . . . . . . . . . . . . . . . . . . . . . . . . . . . . . . . . . . . . . . . . . . . . . . . . . . . . . . . . . . . . . . . . . . . . . . . . . . . . . . . . . . . . . . . . . . . . . . . . . . . . . . . . . .,проникнуть проникнуть
~ à à à à à à à à à à à à à à à à à à à à à à à à à à à à à à à à à à à à à à à à à à à à à à à à à à à à à à à à à à dé à à à à à à à à à à à à à à à à à à à à à à à à à à à à à à à à à à à à à à à à à à à à à à à à à à à à à à à à à à à à à à à à à à à à à à à à à à à à à à à à à à à à à à à à à à à à à à à à à à à à à à à à à à à à à à à à à à à à à à à à à à à à à à à à à à à à à à à à à à à à à à à à à à à à à à à à à à à à à à à à à à à à à à à à à à à à à à à à à à à à à à à à à à à à à à à à à à à,1,~ à à à à à à à à à à à à à à à à à à à à à à à à à à à à à à à à à à à à à à à à à à à à à à à à à à à à à à à à à à dé à à à à à à à à à à à à à à à à à à à à à à à à à à à à à à à à à à à à à à à à à à à à à à à à à à à à à à à à à à à à à à à à à à à à à à à à à à à à à à à à à à à à à à à à à à à à à à à à à à à à à à à à à à à à à à à à à à à à à à à à à à à à à à à à à à à à à à à à à à à à à à à à à à à à à à à à à à à à à à à à à à à à à à à à à à à à à à à à à à à à à à à à à à à à à à à à à à à,d
* à à à à à à à à à à à à à à à à à à à à à à à à à à à à à à à à à à à à à à à à à à à à à à à à à à à à à à à à à à à à à à à à à à à à à à à à à à à à à à à à à à à à à à à à à à à à à à à à à à à à à à à à à à à à à à à à à à à à à à à à à à à à à à à à à à à à à d à à à à à à à à à à à à à à à à à à à à à à à à à à à à à à à à à à à à à à à à à à à à à à à à à à à à à à à à à à à à à à à à à à à à à à à à à à à à à à à à à à à à à à à à à à à à à à à à à à à à à à à à à à à à à à à à à à à à à à à à,1,* à à à à à à à à à à à à à à à à à à à à à à à à à à à à à à à à à à à à à à à à à à à à à à à à à à à à à à à à à à à à à à à à à à à à à à à à à à à à à à à à à à à à à à à à à à à à à à à à à à à à à à à à à à à à à à à à à à à à à à à à à à à à à à à à à à à à à d à à à à à à à à à à à à à à à à à à à à à à à à à à à à à à à à à à à à à à à à à à à à à à à à à à à à à à à à à à à à à à à à à à à à à à à à à à à à à à à à à à à à à à à à à à à à à à à à à à à à à à à à à à à à à à à à à à à à à à à à,d
"Слушайте, ребята, ребята, ребята.",0,"слушайте, ребята, ребята, ребята.",слушайте ребята ребята ребята
~ ~ à à à à à à à à à à à à 1 à à à à à à à à à à à à à à à à à à à à à à à à à à à à à à à à à à à à à à à à à à à à à à à à à à à à à à à à à à à à à à à à à à à à à à à à à à à à à à à à à à à à à à à à à à à à à à à à à à à à à à à à à à à à à à à à à à à à à à à à à à à à à à à à à à à à à à à à à à à à à à à à à à à à à à à à à à à à à à à à à à à à à à à à à à à à à à à à à à à à à à à à à à à à à à à à à à à à à à à à à à à à à à à à à à à à à à à à à à à à à à à à à à à à à à à à à à à à à à à à,1,~ ~ à à à à à à à à à à à à 1 à à à à à à à à à à à à à à à à à à à à à à à à à à à à à à à à à à à à à à à à à à à à à à à à à à à à à à à à à à à à à à à à à à à à à à à à à à à à à à à à à à à à à à à à à à à à à à à à à à à à à à à à à à à à à à à à à à à à à à à à à à à à à à à à à à à à à à à à à à à à à à à à à à à à à à à à à à à à à à à à à à à à à à à à à à à à à à à à à à à à à à à à à à à à à à à à à à à à à à à à à à à à à à à à à à à à à à à à à à à à à à à à à à à à à à à à à à à à à à à à,num
.. .. ..проникнуть в юбилее .. . . . . . . . . . . . . . . . . . . . . . . . . . . . . . . . . . . . . . . . . . . . . . . . . . . . . . . . . . . . . . . . . . . . . . . . . . . . . . . . . . . . . . . . . . . . . . . . . . . . . . . . . . . . . . . . . . . . . . . . . . . . . . . . . . . . . . . . . . . . . . . . . . . . . . . . . . . . . . . . . . . . . . . . . . .,1,.. .. ..проникнуть в юбилее .. . . . . . . . . . . . . . . . . . . . . . . . . . . . . . . . . . . . . . . . . . . . . . . . . . . . . . . . . . . . . . . . . . . . . . . . . . . . . . . . . . . . . . . . . . . . . . . . . . . . . . . . . . . . . . . . . . . . . . . . . . . . . . . . . . . . . . . . . . . . . . . . . . . . . . . . . . . . . . . . . . . . . . . . . . .,проникнуть в юбилее
.. .. ..проникнуть .. ..убежать .. . . . . . . . . . . . . . . . . . . . . . . . . . . . . . . . . . . . . . . . . . . . . . . . . . . . . . . . . . . . . . . . . . . . . . . . . . . . . . . . . . . . . . . . . . . . . . . . . . . . . . . . . . . . . . . . . . . . . . . . . . . . . . . . . . . . . . . . . . . . . . . . . . . . . . . . . . . . . . . . . . . . . . . . . . . . . . . . . . . . . . . . . . . . . . . . . . . . .,1,.. .. ..проникнуть .. ..убежать .. . . . . . . . . . . . . . . . . . . . . . . . . . . . . . . . . . . . . . . . . . . . . . . . . . . . . . . . . . . . . . . . . . . . . . . . . . . . . . . . . . . . . . . . . . . . . . . . . . . . . . . . . . . . . . . . . . . . . . . . . . . . . . . . . . . . . . . . . . . . . . . . . . . . . . . . . . . . . . . . . . . . . . . . . . . . . . . . . . . . . . . . . . . . . . . . . . . . .,проникнуть убежать
~ ~ à à à à à à à à à à à à à à à à à à à à à à à à à à à à à à à à à à à à à à à à à à à à à à à à à à à à à à à à à à à à à à à à à à à à à à à à à à à à à à à à à à à à à à à à à à à à à à à à à à à à à à à à à à à à à à à à à à à à à à à à à à à à à à à à à à à à d à à à à à à à à à à à à à à à à à à à à à à à à à à à à à à à à à à à à à à à à à à à à à à à à à à à à à à à à à à à à à à à à à à à à à à à à à à à à à à à à à à à à à à à à à à à à à à à à à à à à à à à à à à à à à à à à à à à à à à à à,1,~ ~ à à à à à à à à à à à à à à à à à à à à à à à à à à à à à à à à à à à à à à à à à à à à à à à à à à à à à à à à à à à à à à à à à à à à à à à à à à à à à à à à à à à à à à à à à à à à à à à à à à à à à à à à à à à à à à à à à à à à à à à à à à à à à à à à à à à à d à à à à à à à à à à à à à à à à à à à à à à à à à à à à à à à à à à à à à à à à à à à à à à à à à à à à à à à à à à à à à à à à à à à à à à à à à à à à à à à à à à à à à à à à à à à à à à à à à à à à à à à à à à à à à à à à à à à à à à à à,d
..пожалуйста.. ..пожалуйста.. ..пожалуйста..,0,..пожалуйста.. ..пожалуйста.. ..пожалуйста..,пожалуйста пожалуйста пожалуйста
~ ~ 3 ~ ~ ~ ~ à à à à à à à à à à à à à à à à à à à à à à à à à à à à à à à à à à à à à à à à à à à à à à à à à à à à à à à à à à à à à à à à à à à à à à à à à à à à à à à à à à à à à à à à à à à à à à à à à à à à à à à à à à à à à à à à à à à à à à à à à à à à à à à à à à à à à à à à à à à à à à à à à à à à à à à à à à à à à à à à à à à à à à à à à à à à à à à à à à à à à à à à à à à à à à à à à à à à à à à à à à à à à à à à à à à à à à à à à à à à à à à à à à à à à à à à à à à à à à à à à à à à à à à à,1,~ ~ 3 ~ ~ ~ ~ à à à à à à à à à à à à à à à à à à à à à à à à à à à à à à à à à à à à à à à à à à à à à à à à à à à à à à à à à à à à à à à à à à à à à à à à à à à à à à à à à à à à à à à à à à à à à à à à à à à à à à à à à à à à à à à à à à à à à à à à à à à à à à à à à à à à à à à à à à à à à à à à à à à à à à à à à à à à à à à à à à à à à à à à à à à à à à à à à à à à à à à à à à à à à à à à à à à à à à à à à à à à à à à à à à à à à à à à à à à à à à à à à à à à à à à à à à à à à à à à à à à à à à à à,num
* à à à à à à à à à à à à à à à à à à à à à à à à à à à à à à à à à à à à à à à à à à à à à à à à à à à à à à à à à à à à à à à à à à à à à à à à à à à à à à dé à à à à à à à à à à à à à à à à à à à à à à à à à à à à à à à à à à à à à à à à à à à à à à à à à à à à à à à à à à à à à à à à à à à à à à à à à à à à à à à à à à à à à à à à à à à à à à à à à à à à à à à à à à à à à à à à à à à à à à à à à à à à à à à à à à à à à à à à à à à à à à à à à à à à à à à à à à à à à à à à à à à à à à à à à à à à,1,* à à à à à à à à à à à à à à à à à à à à à à à à à à à à à à à à à à à à à à à à à à à à à à à à à à à à à à à à à à à à à à à à à à à à à à à à à à à à à à dé à à à à à à à à à à à à à à à à à à à à à à à à à à à à à à à à à à à à à à à à à à à à à à à à à à à à à à à à à à à à à à à à à à à à à à à à à à à à à à à à à à à à à à à à à à à à à à à à à à à à à à à à à à à à à à à à à à à à à à à à à à à à à à à à à à à à à à à à à à à à à à à à à à à à à à à à à à à à à à à à à à à à à à à à à à à à,d
~ ~ à à à à à à à à à à à à à à à à à à à à à à à à à à à à à à à à à à à à à à à à à à à à à à à à à à à à à à à à à à à à à à à à à à à à à à à à à à à à à à à à à à à à à à à à à à à à à à à à à à à à à à à à à à à à à à à à à à à à d à à à à à à à à à à à à à à à à à à à à à à à à à à à à à à à à à à à à à à à à à à à à à à à à à à à à à à à à à à à à à à à à à à à à à à à à à à à à à à à à à à à à à à à à à à à à à à à à à à à à à à à à à à à à à à à à à à à à à à à à à à à à à à à à à à à à à à à à,1,~ ~ à à à à à à à à à à à à à à à à à à à à à à à à à à à à à à à à à à à à à à à à à à à à à à à à à à à à à à à à à à à à à à à à à à à à à à à à à à à à à à à à à à à à à à à à à à à à à à à à à à à à à à à à à à à à à à à à à à à à d à à à à à à à à à à à à à à à à à à à à à à à à à à à à à à à à à à à à à à à à à à à à à à à à à à à à à à à à à à à à à à à à à à à à à à à à à à à à à à à à à à à à à à à à à à à à à à à à à à à à à à à à à à à à à à à à à à à à à à à à à à à à à à à à à à à à à à à à,d
.. .. ..чтобы убежать.. .. ..чтобы убежать.. .. ..чтобы убежать..,0,.. .. ..чтобы убежать.. .. ..чтобы убежать.. .. ..чтобы убежать..,чтобы убежать чтобы убежать чтобы убежать
.. ..почему . . . . . . . . . . . . . . . . . . . . . . . . . . . . . . . . . . . . . . . . . . . . . . . . . . . . . . . . . . . . . . . . . . . . . . . . . . . . . . . . . . . . . . . . . . . . . . . . . . . . . . . . . . . . . . . . . . . . . . . . . . . . . . . . . . . . . . . . . . . . . . . . . . . . . . . . . . . . . . . . . . . . . . . . . . . . . . . . . . . . . . . . . . . . . . . . . . . . . . . . . . .,0,.. ..почему . . . . . . . . . . . . . . . . . . . . . . . . . . . . . . . . . . . . . . . . . . . . . . . . . . . . . . . . . . . . . . . . . . . . . . . . . . . . . . . . . . . . . . . . . . . . . . . . . . . . . . . . . . . . . . . . . . . . . . . . . . . . . . . . . . . . . . . . . . . . . . . . . . . . . . . . . . . . . . . . . . . . . . . . . . . . . . . . . . . . . . . . . . . . . . . . . . . . . . . . . . .,почему
.. .. ..проникнуть из отдела побега .. . . . . . . . . . . . . . . . . . . . . . . . . . . . . . . . . . . . . . . . . . . . . . . . . . . . . . . . . . . . . . . . . . . . . . . . . . . . . . . . . . . . . . . . . . . . . . . . . . . . . . . . . . . . . . . . . . . . . . . . . . . . . . . . . . . . . . . . . . . . . . . . . . . . . . . . . . . . . . . . . . . . . . . . . . . . . . . . . . . . . . . . . . . . . . . . . . . . . . . . . . . . . . . . . . . . . . . . . . . . . . . . . . . . . . . . . . . . . . . . . . . . . .,0,.. .. ..проникнуть из отдела побега .. . . . . . . . . . . . . . . . . . . . . . . . . . . . . . . . . . . . . . . . . . . . . . . . . . . . . . . . . . . . . . . . . . . . . . . . . . . . . . . . . . . . . . . . . . . . . . . . . . . . . . . . . . . . . . . . . . . . . . . . . . . . . . . . . . . . . . . . . . . . . . . . . . . . . . . . . . . . . . . . . . . . . . . . . . . . . . . . . . . . . . . . . . . . . . . . . . . . . . . . . . . . . . . . . . . . . . . . . . . . . . . . . . . . . . . . . . . . . . . . . . . . . .,проникнуть из отдела побега
*Спасибо* *Спасибо* *Спасибо*,1,*спасибо* *спасибо* *спасибо*,спасибо спасибо спасибо
.. .. .. ..убежать.. ..убежать.. .. убежать.. убежать.. убежать.. .. убежать.. .. убежать.. .. .. убежать. убежать.. .. .. .. .. .. .. .. .. .. .. .. .. .. .. ... .. ... ... .. .. ..,1,.. .. .. ..убежать.. ..убежать.. .. убежать.. убежать.. убежать.. .. убежать.. .. убежать.. .. .. убежать. убежать.. .. .. .. .. .. .. .. .. .. .. .. .. .. .. ... .. ... ... .. .. ..,убежать убежать убежать убежать убежать убежать убежать убежать убежать
~ 3 ~ 3 ~ 3 ~ ~ ~ ~ ~ ~ ~ ~ ~ ~ ~ ~ ~ ~ ~ ~ ~ ~ ~ ~ ~ ~ ~ ~ ~ ~ ~ ~ ~ ~ ~ ~ ~ ~ ~ ~ ~ ~ ~ ~ ~ ~ ~ ~ ~ ~ ~ ~ ~ ~ ~ ~ ~ ~ ~ ~ ~ ~ ~ ~ ~ ~ ~ ~ ~ ~ ~ ~ ~ ~ ~ ~ ~ ~ ~ ~ ~ ~ ~ ~ ~ ~ ~ ~ ~ ~ ~ ~ ~ ~ ~ ~ ~ ~ ~ ~ ~ ~ ~ ~ ~ ~ ~ ~ ~ ~ ~ ~ ~ ~ ~ ~ ~ ~ ~ ~ ~ ~ ~ ~ ~ ~ ~ ~ ~ ~ ~ ~ ~ ~ ~ ~ ~ ~ ~ ~ ~ ~ ~ ~ ~ ~ ~ ~ ~ ~ ~ ~ ~ ~ ~ ~ ~ ~ ~ ~ ~ ~ ~ ~ ~ ~ ~ ~ ~ ~ ~ ~ ~ ~ ~ ~ ~ ~ ~ ~ ~ ~ ~ ~ ~ ~ ~ ~ ~ ~ ~ ~ ~ ~ ~ ~ ~ ~ ~ ~ ~ ~ ~ ~ ~ ~ ~ ~ ~ ~ ~ ~ ~ ~ ~ ~ ~ ~ ~ ~ ~ ~ ~ ~ ~ ~ ~ ~ ~ ~ ~ ~ ~ ~ ~ ~ ~ ~ ~ ~ ~ ~ ~ ~ ~ ~ ~ ~ ~ ~ ~ ~ ~ ~,1,~ 3 ~ 3 ~ 3 ~ ~ ~ ~ ~ ~ ~ ~ ~ ~ ~ ~ ~ ~ ~ ~ ~ ~ ~ ~ ~ ~ ~ ~ ~ ~ ~ ~ ~ ~ ~ ~ ~ ~ ~ ~ ~ ~ ~ ~ ~ ~ ~ ~ ~ ~ ~ ~ ~ ~ ~ ~ ~ ~ ~ ~ ~ ~ ~ ~ ~ ~ ~ ~ ~ ~ ~ ~ ~ ~ ~ ~ ~ ~ ~ ~ ~ ~ ~ ~ ~ ~ ~ ~ ~ ~ ~ ~ ~ ~ ~ ~ ~ ~ ~ ~ ~ ~ ~ ~ ~ ~ ~ ~ ~ ~ ~ ~ ~ ~ ~ ~ ~ ~ ~ ~ ~ ~ ~ ~ ~ ~ ~ ~ ~ ~ ~ ~ ~ ~ ~ ~ ~ ~ ~ ~ ~ ~ ~ ~ ~ ~ ~ ~ ~ ~ ~ ~ ~ ~ ~ ~ ~ ~ ~ ~ ~ ~ ~ ~ ~ ~ ~ ~ ~ ~ ~ ~ ~ ~ ~ ~ ~ ~ ~ ~ ~ ~ ~ ~ ~ ~ ~ ~ ~ ~ ~ ~ ~ ~ ~ ~ ~ ~ ~ ~ ~ ~ ~ ~ ~ ~ ~ ~ ~ ~ ~ ~ ~ ~ ~ ~ ~ ~ ~ ~ ~ ~ ~ ~ ~ ~ ~ ~ ~ ~ ~ ~ ~ ~ ~ ~ ~ ~ ~ ~ ~ ~ ~ ~ ~ ~ ~ ~ ~ ~ ~ ~ ~ ~,num num num
~ 3 ~ ~ ~ ~ ~ ~ ~ ~ ~ ~ ~ ~ ~ ~ ~ ~ ~ ~ ~ ~ ~ ♫ ♫ ♫ ♫ ♫ ♫ ♫ ♫ ♫ ♫ ♫ ♫ ♫ ♫ ♫ ♫ ♫ ♫ ♫ ♫ ♫ ♫ ♫ ♫ ♫ ♫ ♫ ♫ ♫ ♫ ♫ ♫ ♫ ♫ ♫ ♫ ♫ ♫ ♫ ♫ ♫ ♫ ♫ ♫ ♫ ♫ ♫ ♫ ♫ ♫ ♫ ♫ ♫ ♫ ♫ ♫ ♫ ♫ ♫ ♫ ♫ ♫ ♫ ♫ ♫ ♫ ♫ ♫ ♫ ♫ ♫ ♫ ♫ ♫ ♫ ♫ ♫ ♫ ♫ ♫ ♫ ♫ ♫ ♫ ♫ ♫ ♫ ♫ ♫ ♫ ♫ ♫ ♫ ♫ ♫ ♫ ♫ ♫ ♫ ♫ ♫ ♫ ♫ ♫ ♫ ♫ ♫ ♫ ♫ ♫ ♫ ♫ ♫ ♫ ♫ ♫ ♫ ♫ ♫ ♫ ♫ ♫ ♫ ♫ ♫ ♫ ♫ ♫ ♫ ♫ ♫ ♫ ♫ ♫ ♫ ♫ ♫ ♫ ♫ ~ ♫ ♫ ♫ ~ ~ ~ ~ ♫ ♫ ♫ ~ ~ ~ ~ ~ ~ ~ ~ ♫ ~ ~ ♫ ♫ ♫ ~ ♫ ♫ ♫ ~ ~ ♫ ~ ~ ~ ~ ~ ~ ~ ~ ~ ~ ~ ~ ~ ~ ~ ~ ~ ~ ~ ~ ~ ~ ~ ~ ~ ~ ~ ~ ~ ~ ~ ~ ~ ~ ~ ~ ~ ~ ~ ~ ~ ~ ~ ~ ~ ~ ~ ~ ~ ~ ~ ~ ~ ~ ~ ~ ~ ~ ~ ~ ~,1,~ 3 ~ ~ ~ ~ ~ ~ ~ ~ ~ ~ ~ ~ ~ ~ ~ ~ ~ ~ ~ ~ ~ ♫ ♫ ♫ ♫ ♫ ♫ ♫ ♫ ♫ ♫ ♫ ♫ ♫ ♫ ♫ ♫ ♫ ♫ ♫ ♫ ♫ ♫ ♫ ♫ ♫ ♫ ♫ ♫ ♫ ♫ ♫ ♫ ♫ ♫ ♫ ♫ ♫ ♫ ♫ ♫ ♫ ♫ ♫ ♫ ♫ ♫ ♫ ♫ ♫ ♫ ♫ ♫ ♫ ♫ ♫ ♫ ♫ ♫ ♫ ♫ ♫ ♫ ♫ ♫ ♫ ♫ ♫ ♫ ♫ ♫ ♫ ♫ ♫ ♫ ♫ ♫ ♫ ♫ ♫ ♫ ♫ ♫ ♫ ♫ ♫ ♫ ♫ ♫ ♫ ♫ ♫ ♫ ♫ ♫ ♫ ♫ ♫ ♫ ♫ ♫ ♫ ♫ ♫ ♫ ♫ ♫ ♫ ♫ ♫ ♫ ♫ ♫ ♫ ♫ ♫ ♫ ♫ ♫ ♫ ♫ ♫ ♫ ♫ ♫ ♫ ♫ ♫ ♫ ♫ ♫ ♫ ♫ ♫ ♫ ♫ ♫ ♫ ♫ ♫ ~ ♫ ♫ ♫ ~ ~ ~ ~ ♫ ♫ ♫ ~ ~ ~ ~ ~ ~ ~ ~ ♫ ~ ~ ♫ ♫ ♫ ~ ♫ ♫ ♫ ~ ~ ♫ ~ ~ ~ ~ ~ ~ ~ ~ ~ ~ ~ ~ ~ ~ ~ ~ ~ ~ ~ ~ ~ ~ ~ ~ ~ ~ ~ ~ ~ ~ ~ ~ ~ ~ ~ ~ ~ ~ ~ ~ ~ ~ ~ ~ ~ ~ ~ ~ ~ ~ ~ ~ ~ ~ ~ ~ ~ ~ ~ ~ ~,num
.. .. ..проникнуть из-за побега .. . . . . . . . . . . . . . . . . . . . . . . . . . . . . . . . . . . . . . . . . . . . . . . . . . . . . . . . . . . . . . . . . . . . . . . . . . . . . . . . . . . . . . . . . . . . . . . . . . . . . . . . . . . . . . . . . . . . . . . . . . . . . . . . . . . . . . . . . . . . . . . . . . . . . . . . . . . . . . . . . . . . . . . . . . . . . . . . . . . . . . . . . . . . . . . . . . . . . . . . . . . . . . . . . . . . . . . . . . . . . . . . . . . . . . . . . . . . . . . . . . . . . .,0,.. .. ..проникнуть из-за побега .. . . . . . . . . . . . . . . . . . . . . . . . . . . . . . . . . . . . . . . . . . . . . . . . . . . . . . . . . . . . . . . . . . . . . . . . . . . . . . . . . . . . . . . . . . . . . . . . . . . . . . . . . . . . . . . . . . . . . . . . . . . . . . . . . . . . . . . . . . . . . . . . . . . . . . . . . . . . . . . . . . . . . . . . . . . . . . . . . . . . . . . . . . . . . . . . . . . . . . . . . . . . . . . . . . . . . . . . . . . . . . . . . . . . . . . . . . . . . . . . . . . . . .,проникнуть из за побега
.. .. ..что-то---------что--------------------------------------------------------------------------------------------------------------------------------------------------------------------------------------------------------------------------------------------------------------------------------------------------------------------------------------------------------------------------------------------------------------------------------------------------------------------------------------------------------,0,.. .. ..что-то---------что--------------------------------------------------------------------------------------------------------------------------------------------------------------------------------------------------------------------------------------------------------------------------------------------------------------------------------------------------------------------------------------------------------------------------------------------------------------------------------------------------------,что то что
.. .. .. .. .. .. .. .. .. .. .. .. .. .. .. . .. .. .. .. .. .. .. .. .. .. .. .. .. .. ... ... ... ... ... ... .. ... ... .... ... ... ... ... ... ... .... ... ... ... ... .. .. .. ... ... ... ... .... ... ..... .... ..... ... ...... ........... ................... ................ ...................... ......... . ну... ну... ну ну ну ну ну ну ну ну ну ну ну... ну ну... ну ну... ну... ну... ну... ну ну... ну... ну... ну... ну... ну... ну... ну... ну... ну... ну... ну... ну... ну... ну... ну... ну... ну... ну... ну ну... ну... ну... ну... ну... ну... ну... ну... ну... ну... ну... ну... ну... ну... ну... ну... ну... ну... ну... ну... ну... ну... ну... ну... ну... ну... ну...,0,.. .. .. .. .. .. .. .. .. .. .. .. .. .. .. . .. .. .. .. .. .. .. .. .. .. .. .. .. .. ... ... ... ... ... ... .. ... ... .... ... ... ... ... ... ... .... ... ... ... ... .. .. .. ... ... ... ... .... ... ..... .... ..... ... ...... ........... ................... ................ ...................... ......... . ну... ну... ну ну ну ну ну ну ну ну ну ну ну... ну ну... ну ну... ну... ну... ну... ну ну... ну... ну... ну... ну... ну... ну... ну... ну... ну... ну... ну... ну... ну... ну... ну... ну... ну... ну... ну ну... ну... ну... ну... ну... ну... ну... ну... ну... ну... ну... ну... ну... ну... ну... ну... ну... ну... ну... ну... ну... ну... ну... ну... ну... ну... ну...,ну ну ну ну ну ну ну ну ну ну ну ну ну ну ну ну ну ну ну ну ну ну ну ну ну ну ну ну ну ну ну ну ну ну ну ну ну ну ну ну ну ну ну ну ну ну ну ну ну ну ну ну ну ну ну ну ну ну ну ну ну ну ну ну ну ну ну ну
~1 4 ~ ~ 4 ~ ~ ~ ~ à à à à à à à à à à à à à à à à à à à à à à à à à à à à à à à à à à à à à à à à à à à à à à à à à à à à à à à à à à à à à à à à à à à à à à à à à à à à à à à à à à à à à à à à à à à à à à à à à à à à à à à à à à à à à à à à à à à à à à à à à à à à à à à à à à à à à à à à à à à à à à à à à à à à à à à à à à à à à à à à à à à à à à à à à à à à à à à à à à à à à à à à à à à à à à à à à à à à à à à à à à à à à à à à à à à à à à à à à à à à à à à à à à à à à à à à à à à à à à à à à à à à à à,1,~1 4 ~ ~ 4 ~ ~ ~ ~ à à à à à à à à à à à à à à à à à à à à à à à à à à à à à à à à à à à à à à à à à à à à à à à à à à à à à à à à à à à à à à à à à à à à à à à à à à à à à à à à à à à à à à à à à à à à à à à à à à à à à à à à à à à à à à à à à à à à à à à à à à à à à à à à à à à à à à à à à à à à à à à à à à à à à à à à à à à à à à à à à à à à à à à à à à à à à à à à à à à à à à à à à à à à à à à à à à à à à à à à à à à à à à à à à à à à à à à à à à à à à à à à à à à à à à à à à à à à à à à à à à à à à à,num num num
~ ~ à à à à à à à à à à à à à à à à à à à à à à à à à à à à à à à à à à à à à à à à à à à à à à à à à à à à à à à à à à à à à à à à à à à à à à à à à à à à à à à à à à à à à à à à à à à à à à à à à à à à à à à à à à à à à à à à à à à à à dé à à à à à à à à à à à à à à à à à à à à à à à à à à à à à à à à à à à à à à à à à à à à à à à à à à à à à à à à à à à à à à à à à à à à à à à à à à à à à à à à à à à à à à à à à à à à à à à à à à à à à à à à à à à à à à à à à à à à à à à à à à à à à à à à à à à à à à à,1,~ ~ à à à à à à à à à à à à à à à à à à à à à à à à à à à à à à à à à à à à à à à à à à à à à à à à à à à à à à à à à à à à à à à à à à à à à à à à à à à à à à à à à à à à à à à à à à à à à à à à à à à à à à à à à à à à à à à à à à à à à dé à à à à à à à à à à à à à à à à à à à à à à à à à à à à à à à à à à à à à à à à à à à à à à à à à à à à à à à à à à à à à à à à à à à à à à à à à à à à à à à à à à à à à à à à à à à à à à à à à à à à à à à à à à à à à à à à à à à à à à à à à à à à à à à à à à à à à à à,d
.. ..чтобы убежать.. ..чтобы убежать... .. ..чтобы убежать...,0,.. ..чтобы убежать.. ..чтобы убежать... .. ..чтобы убежать...,чтобы убежать чтобы убежать чтобы убежать
~ ~ à à à à à à à à à à à à à à à à à à à à à à à à à à à à à à à à à à à à à à à à à à à à à à à à à à à à à à à à à à à à à à à à à à à à à à à à à à à à dé à à à à à à à à à à à à à à à à à à à à à à à à à à à à à à à à à à à à à à à à dé à à à à à à à à à à à à à à à à à à à à à à à à à à à à à à à à à à à à à à à à à à à à à à à à à à à à à à à à à à à à à à à à à à à à à à à à à à à à à à à à à à à à à à à à à à à à à à à à à à à à à à à à à à à à à à à à à à à à à à à à à à à à à à à à à à à à à à à,1,~ ~ à à à à à à à à à à à à à à à à à à à à à à à à à à à à à à à à à à à à à à à à à à à à à à à à à à à à à à à à à à à à à à à à à à à à à à à à à à à à dé à à à à à à à à à à à à à à à à à à à à à à à à à à à à à à à à à à à à à à à à dé à à à à à à à à à à à à à à à à à à à à à à à à à à à à à à à à à à à à à à à à à à à à à à à à à à à à à à à à à à à à à à à à à à à à à à à à à à à à à à à à à à à à à à à à à à à à à à à à à à à à à à à à à à à à à à à à à à à à à à à à à à à à à à à à à à à à à à à,d d
.. .. ..что .. . .. . . . . . . . . . . . . . . . . . . . . . . . . . . . . . . . . . . . . . . . . . . . . . . . . . . . . . . . . . . . . . . . . . . . . . . . . . . . . . . . . . . . . . . . . . . . . . . . . . . . . . . . . . . . . . . . . . . . . . . . . . . . . . . . . . . . . . . . . . . . . . . . . . . . . . . . . . . . . . . . . . . . . . . . . . . . . . . . . . . . . . . . . . . . . . . . . . . . . . . . . . . . . . . . . . . . . . . . . . . . . . . . . . . . . . . . . . . . . . . . . . . . . . .,0,.. .. ..что .. . .. . . . . . . . . . . . . . . . . . . . . . . . . . . . . . . . . . . . . . . . . . . . . . . . . . . . . . . . . . . . . . . . . . . . . . . . . . . . . . . . . . . . . . . . . . . . . . . . . . . . . . . . . . . . . . . . . . . . . . . . . . . . . . . . . . . . . . . . . . . . . . . . . . . . . . . . . . . . . . . . . . . . . . . . . . . . . . . . . . . . . . . . . . . . . . . . . . . . . . . . . . . . . . . . . . . . . . . . . . . . . . . . . . . . . . . . . . . . . . . . . . . . . . .,что
.. .. ..чтобы убежать .,0,.. .. ..чтобы убежать .,чтобы убежать
~ 1 ~ ~ ~ ~ ~ à à à à à à à à à à à à à à à à à à à à à à à à à à à à à à à à à à à à à à à à à à à à à à à à à à à à à à à à à à à à à à à à à à à à à à à à à à à à à à à à à à à à à à à à à à à à à à à à à à à à à à ~ à à à à à à à à à à à à à à à à à à à à à à à à à à à à à à à à à à à à à à à à à à à à à à à à à à à à à à à à à à à à à à à à à à à à à à à à à à à à à à à à à à à à à à à à à à à à à à à à à à à à à à à à à à à à à à à à à à à à à à à à à à à à à à à à à à à à à à à à à à à à à à à à à,1,~ 1 ~ ~ ~ ~ ~ à à à à à à à à à à à à à à à à à à à à à à à à à à à à à à à à à à à à à à à à à à à à à à à à à à à à à à à à à à à à à à à à à à à à à à à à à à à à à à à à à à à à à à à à à à à à à à à à à à à à à à ~ à à à à à à à à à à à à à à à à à à à à à à à à à à à à à à à à à à à à à à à à à à à à à à à à à à à à à à à à à à à à à à à à à à à à à à à à à à à à à à à à à à à à à à à à à à à à à à à à à à à à à à à à à à à à à à à à à à à à à à à à à à à à à à à à à à à à à à à à à à à à à à à à à,num
~ ~ 3 ~ ~ ~ ~ à à à à à à à à à à à à à à à à à à à à à à à à à à à à à à à à à à à à à à à à à à à à à à à à à à à à à à à à à à à à à à à à à à à à à à à à à à à à à à à à à à à à à à à à à à à à à à à à à à à à à à à à à ~ à à à à à à à à à à à à à à à à à à à à à à à à à à à à à à à à à à à à à à à à à à à à à à à à à à à à à à à à à à à à à à à à à à à à à à à à à à à à à à à à à à à à à à à à à à à à à à à à à à à à à à à à à à à à à à à à à à à à à à à à à à à à à à à à à à à à à à à à à à à,1,~ ~ 3 ~ ~ ~ ~ à à à à à à à à à à à à à à à à à à à à à à à à à à à à à à à à à à à à à à à à à à à à à à à à à à à à à à à à à à à à à à à à à à à à à à à à à à à à à à à à à à à à à à à à à à à à à à à à à à à à à à à à à ~ à à à à à à à à à à à à à à à à à à à à à à à à à à à à à à à à à à à à à à à à à à à à à à à à à à à à à à à à à à à à à à à à à à à à à à à à à à à à à à à à à à à à à à à à à à à à à à à à à à à à à à à à à à à à à à à à à à à à à à à à à à à à à à à à à à à à à à à à à à à,num
.. ..что . . . . . . . . . . . . . . . . . . . . . . . . . . . . . . . . . . . . . . . . . . . . . . . . . . . . . . . . . . . . . . . . . . . . . . . . . . . . . . . . . . . . . . . . . . . . . . . . . . . . . . . . . . . . . . . . . . . . . . . . . . . . . . . . . . . . . . . . . . . . . . . . . . . . . . . . . . . . . . . . . . . . . . . . . . . . . . . . . . . . . . . . . . . . . . . . . . . . . . . . . . . . . . . . . . . . . . . . . . . . . . . . . . . . . . . . . . . . . . . . . . . . . . . . . . .,0,.. ..что . . . . . . . . . . . . . . . . . . . . . . . . . . . . . . . . . . . . . . . . . . . . . . . . . . . . . . . . . . . . . . . . . . . . . . . . . . . . . . . . . . . . . . . . . . . . . . . . . . . . . . . . . . . . . . . . . . . . . . . . . . . . . . . . . . . . . . . . . . . . . . . . . . . . . . . . . . . . . . . . . . . . . . . . . . . . . . . . . . . . . . . . . . . . . . . . . . . . . . . . . . . . . . . . . . . . . . . . . . . . . . . . . . . . . . . . . . . . . . . . . . . . . . . . . . .,что
.. .. .. ..проникнуть .. . . . . . . . .,0,.. .. .. ..проникнуть .. . . . . . . . .,проникнуть
.. ..что .. ..что ..------что------------------------------------------------------------------------------------------------------------------------------------------------------------------------------------------------------------------------------------------------------------------------------------------------------------------------------------------------------------------------------------------------------------------------------------------------------------------------------------------------------,0,.. ..что .. ..что ..------что------------------------------------------------------------------------------------------------------------------------------------------------------------------------------------------------------------------------------------------------------------------------------------------------------------------------------------------------------------------------------------------------------------------------------------------------------------------------------------------------------,что что что
.. ..Однажды .. . . . . . . . . . . . . . . . . . . . . . . . . . . . . . . . . . . . . . . . . . . . . . . . . . . . . . . . . . . . . . . . . . . . . . . . . . . . . . . . . . . . . . . . . . . . . . . . . . . . . . . . . . . . . . . . . . . . . . . . . . . . . . . . . . . . . . . . . . . . . . . . . . . . . . . . . . . . . . . . . . . . . . . . . . . . . . . . . . . . . . . . . . . . . . . . .,0,.. ..однажды .. . . . . . . . . . . . . . . . . . . . . . . . . . . . . . . . . . . . . . . . . . . . . . . . . . . . . . . . . . . . . . . . . . . . . . . . . . . . . . . . . . . . . . . . . . . . . . . . . . . . . . . . . . . . . . . . . . . . . . . . . . . . . . . . . . . . . . . . . . . . . . . . . . . . . . . . . . . . . . . . . . . . . . . . . . . . . . . . . . . . . . . . . . . . . . . . .,однажды
~ ~ à à à à à à à à à à à à à à à à à à à à à à à à à à à à à à à à à à à à à à à à à à à à à à à à à à à à à à à à à à à à à à à à à à à à à à à à à à à à à à à à à à à à à à à à à à à à à à à à à à à dé à à à à à à à à à à à à à à à à à à à à à à à à à à à à à à à à à à à à à à à à à à à à à à à à à à à à à à à à à à à à à à à à à à à à à à à à à à à à à à à à à à à à à à à à à à à à à à à à à à à à à à à à à à à à à à à à à à à à à à à à à à à à à à à à à à à à à à à à à à à à à à à à à à à à à à à à à,1,~ ~ à à à à à à à à à à à à à à à à à à à à à à à à à à à à à à à à à à à à à à à à à à à à à à à à à à à à à à à à à à à à à à à à à à à à à à à à à à à à à à à à à à à à à à à à à à à à à à à à à à à dé à à à à à à à à à à à à à à à à à à à à à à à à à à à à à à à à à à à à à à à à à à à à à à à à à à à à à à à à à à à à à à à à à à à à à à à à à à à à à à à à à à à à à à à à à à à à à à à à à à à à à à à à à à à à à à à à à à à à à à à à à à à à à à à à à à à à à à à à à à à à à à à à à à à à à à à à à,d
* 3 *41 * * * * * * * * * * * * * * * * * * * * * * * * * * * * * * * * * * * * * * * * * * * * * * * * * * * * * * * * * * * * * * * * * * * * * * * * * * * * * * * * * * * * * * * * * * * * * * * * * * * * * * * * * * * * * * * * * * * * * * * * * * * * * * * * * * * * * * * * * * * * * * * * * * * * * * * * * * * * * * * * * * * * * * * * * * * * * * * * * * * * * * * * * * * * * * * * * * * * * * * * * * * * * * * * * * * * * * * * * * * * * * * * * * * * * * * * * * * * * * * * * * * * * * * * * * * * * * * * * * * * * * * * * * * * * * * * * * * * * * * * * * * * * * * * * * * * * * * * * * * * * * * * * * * * * * * * * * * * * * * * * * * * * * * * * * * * * * * * * * * * * * * * * * * * * * * * * * * * * * * * * * * * * * * * * * * * * * * * * * * * * * * * * * * * * * * * * * * * * * * * ** * * * * * * * * * * * * * * * * * * * * * * * * * * * * * * * * * * * * * * * * * * * * * * * * * * * * * * * * * * * * * * * * * * * * * * * * * * * * * * * * * * * * * * * * * * * * * * * * * * * * * * * *,1,* 3 *41 * * * * * * * * * * * * * * * * * * * * * * * * * * * * * * * * * * * * * * * * * * * * * * * * * * * * * * * * * * * * * * * * * * * * * * * * * * * * * * * * * * * * * * * * * * * * * * * * * * * * * * * * * * * * * * * * * * * * * * * * * * * * * * * * * * * * * * * * * * * * * * * * * * * * * * * * * * * * * * * * * * * * * * * * * * * * * * * * * * * * * * * * * * * * * * * * * * * * * * * * * * * * * * * * * * * * * * * * * * * * * * * * * * * * * * * * * * * * * * * * * * * * * * * * * * * * * * * * * * * * * * * * * * * * * * * * * * * * * * * * * * * * * * * * * * * * * * * * * * * * * * * * * * * * * * * * * * * * * * * * * * * * * * * * * * * * * * * * * * * * * * * * * * * * * * * * * * * * * * * * * * * * * * * * * * * * * * * * * * * * * * * * * * * * * * * * * * * * * * * * ** * * * * * * * * * * * * * * * * * * * * * * * * * * * * * * * * * * * * * * * * * * * * * * * * * * * * * * * * * * * * * * * * * * * * * * * * * * * * * * * * * * * * * * * * * * * * * * * * * * * * * * * *,num num
..что .. .. ..что .. . . . . . . . . . . . . . . . . . . . . . . . . . . . . . . . . . . . . . . . . . . . . . . . . . . . . . . . . . . . . . . . . . . . . . . . . . . . . . . . . . . . . . . . . . . . . . . . . . . . . . . . . . . . . . . . . . . . . . . . . . . . . . . . . . . . . . . . . . . . . . . . . . . . . . . . . . . . . . . . . . . . . . . . . . . . . . . . . . . . . .,1,..что .. .. ..что .. . . . . . . . . . . . . . . . . . . . . . . . . . . . . . . . . . . . . . . . . . . . . . . . . . . . . . . . . . . . . . . . . . . . . . . . . . . . . . . . . . . . . . . . . . . . . . . . . . . . . . . . . . . . . . . . . . . . . . . . . . . . . . . . . . . . . . . . . . . . . . . . . . . . . . . . . . . . . . . . . . . . . . . . . . . . . . . . . . . . . .,что что
~ à à à à à à à à à à à à à à à à à à à à à à é à à à à à à à à à à à à à à à à à à à à à à à à à à à à à à à à à à à à à à à à à à à à à à à à à à à à à à à à à à à à à à à à à à à à à à à à à à à à à à dé à à à à à à à à à à à à à à à à à à à à à à à à à à à à à à à à à à à à à à à à à à à à à à à à à à à à à à à à à à à à à à à à à à à à à à à à à à à à à à à à à à à à à à à à à à à à à à à à à à à à à à à à à à à à à à à à à à à à à à à à à à à à à à à à à à à à à à à à à à à à à à à à à à à à à à à à,1,~ à à à à à à à à à à à à à à à à à à à à à à é à à à à à à à à à à à à à à à à à à à à à à à à à à à à à à à à à à à à à à à à à à à à à à à à à à à à à à à à à à à à à à à à à à à à à à à à à à à à à à dé à à à à à à à à à à à à à à à à à à à à à à à à à à à à à à à à à à à à à à à à à à à à à à à à à à à à à à à à à à à à à à à à à à à à à à à à à à à à à à à à à à à à à à à à à à à à à à à à à à à à à à à à à à à à à à à à à à à à à à à à à à à à à à à à à à à à à à à à à à à à à à à à à à à à à à à à,d
~ 3 ~ ~ ~ ~ ~ ~ ~ ~ ~ ~ ~ ~ ~ ~ ~ ~ ~ ~ ♫ ♫ ♫ ♫ ♫ ♫ ♫ ♫ ♫ ♫ ♫ ♫ ♫ ♫ ♫ ♫ ♫ ♫ ♫ ♫ ♫ ♫ ♫ ♫ ♫ ♫ ♫ ♫ ♫ ♫ ♫ ♫ ♫ ♫ ♫ ♫ ♫ ♫ ♫ ♫ ♫ ♫ ♫ ♫ ♫ ♫ ♫ ♫ ♫ ♫ ♫ ♫ ♫ ♫ ♫ ♫ ♫ ♫ ♫ ♫ ♫ ♫ ♫ ♫ ♫ ♫ ♫ ♫ ♫ ♫ ♫ ♫ ♫ ♫ ♫ ♫ ♫ ♫ ♫ ♫ ♫ ♫ ♫ ♫ ♫ ♫ ♫ ♫ ♫ ♫ ♫ ♫ ♫ ♫ ♫ ♫ ♫ ♫ ♫ ♫ ♫ ♫ ♫ ♫ ♫ ♫ ♫ ♫ ♫ ♫ ♫ ♫ ♫ ♫ ♫ ♫ ♫ ♫ ♫ ♫ ♫ ♫ ♫ ♫ ♫ ♫ ♫ ♫ # ♫ ♫ ♫ ♫ ♫ ♫ ♫ ♫ ♫ ♫ ♫ ♫ ♫ ♫ # ♫ ♫ ♫ ♫ ♫ ♫ ♫ ♫ ♫ ♫ ♫ ♫ ♫ ♫ ♫ ~ ~ ♫ ~ ~ ♫ ♫ ~ ~ ♫ ♫ ♫ ~ ~ ♫ ~ ~ ~ ~ ~ ~ ~ ~ ~ ~ ~ ~ ~ ~ ~ ~ ~ ~ ~ ~ ~ ~ ~ ~ ~ ~ ~ ♫ ~ ~ ~ ~ ~ ~ ~ ~ ~ ~ ~ ~ ~ ~ ~ ~ ~ ~ ~ ~ ~ ~ ~ ~ ~ ~ ~ ~ ~ ~ ~ ~ ~,1,~ 3 ~ ~ ~ ~ ~ ~ ~ ~ ~ ~ ~ ~ ~ ~ ~ ~ ~ ~ ♫ ♫ ♫ ♫ ♫ ♫ ♫ ♫ ♫ ♫ ♫ ♫ ♫ ♫ ♫ ♫ ♫ ♫ ♫ ♫ ♫ ♫ ♫ ♫ ♫ ♫ ♫ ♫ ♫ ♫ ♫ ♫ ♫ ♫ ♫ ♫ ♫ ♫ ♫ ♫ ♫ ♫ ♫ ♫ ♫ ♫ ♫ ♫ ♫ ♫ ♫ ♫ ♫ ♫ ♫ ♫ ♫ ♫ ♫ ♫ ♫ ♫ ♫ ♫ ♫ ♫ ♫ ♫ ♫ ♫ ♫ ♫ ♫ ♫ ♫ ♫ ♫ ♫ ♫ ♫ ♫ ♫ ♫ ♫ ♫ ♫ ♫ ♫ ♫ ♫ ♫ ♫ ♫ ♫ ♫ ♫ ♫ ♫ ♫ ♫ ♫ ♫ ♫ ♫ ♫ ♫ ♫ ♫ ♫ ♫ ♫ ♫ ♫ ♫ ♫ ♫ ♫ ♫ ♫ ♫ ♫ ♫ ♫ ♫ ♫ ♫ ♫ ♫ # ♫ ♫ ♫ ♫ ♫ ♫ ♫ ♫ ♫ ♫ ♫ ♫ ♫ ♫ # ♫ ♫ ♫ ♫ ♫ ♫ ♫ ♫ ♫ ♫ ♫ ♫ ♫ ♫ ♫ ~ ~ ♫ ~ ~ ♫ ♫ ~ ~ ♫ ♫ ♫ ~ ~ ♫ ~ ~ ~ ~ ~ ~ ~ ~ ~ ~ ~ ~ ~ ~ ~ ~ ~ ~ ~ ~ ~ ~ ~ ~ ~ ~ ~ ♫ ~ ~ ~ ~ ~ ~ ~ ~ ~ ~ ~ ~ ~ ~ ~ ~ ~ ~ ~ ~ ~ ~ ~ ~ ~ ~ ~ ~ ~ ~ ~ ~ ~,num
.. ..что . . . . . . . . . . . . . . . . . . . . . . . . . . . . . . . . . . . . . . . . . . . . . . . . . . . . . . . . . . . . . . . . . . . . . . . . . . . . . . . . . . . . . . . . . . . . . . . . . . . . . . . . . . . . . . . . . . . . . . . . . . . . . . . . . . . . . . . . . . . . . . . . . . . . . . . . . . . . . . . . . . . . . . . . . . . . . . . .,1,.. ..что . . . . . . . . . . . . . . . . . . . . . . . . . . . . . . . . . . . . . . . . . . . . . . . . . . . . . . . . . . . . . . . . . . . . . . . . . . . . . . . . . . . . . . . . . . . . . . . . . . . . . . . . . . . . . . . . . . . . . . . . . . . . . . . . . . . . . . . . . . . . . . . . . . . . . . . . . . . . . . . . . . . . . . . . . . . . . . . .,что
".. . . .. .. .. .. .. . .. .. .. .. .. .. .. .. .. .. .. .. .. .. .. .. .. .. .. .. .. .. .. .. ... ... .. .. ... .. ... ... ... ... ... .. ... ... ... ... ... ... ....и. ... .. .. ... .. ..... ... ... ... .... ...................................................................................................................................................и ...и ...и ...и ...и ...и ...и ...и ...и ...и ...и .........и ...и...и...и...и...и............и""""""""""""""""""""""""""""""""""""""""""""""""""""""""""""""""""""""""""""""""""""""""""""""""""""""""""""""""""""""""""""""""""""""""""""""""""""""""""""""""""""""""""""""""""""""""""""""""""""""""""""""""""""""""""""""",1,".. . . .. .. .. .. .. . .. .. .. .. .. .. .. .. .. .. .. .. .. .. .. .. .. .. .. .. .. .. .. .. ... ... .. .. ... .. ... ... ... ... ... .. ... ... ... ... ... ... ....и. ... .. .. ... .. ..... ... ... ... .... ...................................................................................................................................................и ...и ...и ...и ...и ...и ...и ...и ...и ...и ...и .........и ...и...и...и...и...и............и""""""""""""""""""""""""""""""""""""""""""""""""""""""""""""""""""""""""""""""""""""""""""""""""""""""""""""""""""""""""""""""""""""""""""""""""""""""""""""""""""""""""""""""""""""""""""""""""""""""""""""""""""""""""""""""",и и и и и и и и и и и и и и и и и и и
.. .. .. ..проникнуть из отдела побега.. .. .. . . . . . . . . . . . . . . . . . . . . . . . . . . . . . . . . . . . . . . . . . . . . . . . . . . . . . . . . . . . . . . . . . . . . . . . . . . . . . . . . . . . . . . . . . . . . . . . . . . . . . . . . . . . . . . . . . . . . . . . . . . . . . . . . . . . . . . . . . . . . . . . . . . . . . . . . . . . . . . . . . . . . . . . . . . . . . . . . . . . . . . . . . . . . . . . . . . . . . . . .,0,.. .. .. ..проникнуть из отдела побега.. .. .. . . . . . . . . . . . . . . . . . . . . . . . . . . . . . . . . . . . . . . . . . . . . . . . . . . . . . . . . . . . . . . . . . . . . . . . . . . . . . . . . . . . . . . . . . . . . . . . . . . . . . . . . . . . . . . . . . . . . . . . . . . . . . . . . . . . . . . . . . . . . . . . . . . . . . . . . . . . . . . . . . . . . . . . . . . . . . . . . . . . . . . . . . . . . . . . . . . . . . . . .,проникнуть из отдела побега
.. ..Однажды.. ..........................................................................................................................................................................................................................................................................................................................................................................................................................................................................................................................................................................................................................................................................................................................................................................................................................................................................................,0,.. ..однажды.. ..........................................................................................................................................................................................................................................................................................................................................................................................................................................................................................................................................................................................................................................................................................................................................................................................................................................................................................,однажды
.. ..что убежать .. убежать . . . . . . . . . . . . . . . . . . . . . . . . . . . . . . . . . . . . . . . . . . . . . . . . . . . . . . . . . . . . . . . . . . . . . . . . . . . . . . . . . . . . . . . . . . . . . . . . . . . . . . . . . . . . . . . . . . . . . . . . . . . . . . . . . . . . . . . . . . . . . . . . . . . . . . . . . . . . . . . . . . . . . . . . . . . . . . . . . . . . . . . . . . . . . . . . . . . . . . . . . . . . . . . . . . . . . . . . . . . . . . . . . . . . . . . . . . . . . . . . . . . . . . .,0,.. ..что убежать .. убежать . . . . . . . . . . . . . . . . . . . . . . . . . . . . . . . . . . . . . . . . . . . . . . . . . . . . . . . . . . . . . . . . . . . . . . . . . . . . . . . . . . . . . . . . . . . . . . . . . . . . . . . . . . . . . . . . . . . . . . . . . . . . . . . . . . . . . . . . . . . . . . . . . . . . . . . . . . . . . . . . . . . . . . . . . . . . . . . . . . . . . . . . . . . . . . . . . . . . . . . . . . . . . . . . . . . . . . . . . . . . . . . . . . . . . . . . . . . . . . . . . . . . . . .,что убежать убежать
.. .. . ..что .. . . . . . . . . . . . . . . . . . . . . . . . . . . . . . . . . . . . . . . . . . . . . . . . . . . . . . . . . . . . . . . . . . . . . . . . . . . . . . . . . . . . . . . . . . . . . . . . . . . . . . . . . . . . . . . . . . . . . . . . . . . . . . . . . . . . . . . . . . . . . . . . . . . . . . . . . . . . . . . . . . . . . . . . . . . . . . . .,0,.. .. . ..что .. . . . . . . . . . . . . . . . . . . . . . . . . . . . . . . . . . . . . . . . . . . . . . . . . . . . . . . . . . . . . . . . . . . . . . . . . . . . . . . . . . . . . . . . . . . . . . . . . . . . . . . . . . . . . . . . . . . . . . . . . . . . . . . . . . . . . . . . . . . . . . . . . . . . . . . . . . . . . . . . . . . . . . . . . . . . . . . .,что
".. ..чтобы убежать, .. .. ..чтобы убежать, .. .. ..чтобы убежать, .. ..",0,".. ..чтобы убежать, .. .. ..чтобы убежать, .. .. ..чтобы убежать, .. ..",чтобы убежать чтобы убежать чтобы убежать
Число побегов: число побегов,0,число побегов: число побегов,число побегов число побегов
.. ..найденные агенты .. . . . . . . . . . . . . . . . . . . . . . . . . . . . . . . . . . . . . . . . . . . . . . . . . . . . . . . . . . . . . . . . . . . . . . . . . . . . . . . . . . . . . . . . . . . . . . . . . . . . . . . . . . . . . . . . . . . . . . . . . . . . . . . . . . . . . . . . . . . . . . . . . . . . . . . . . . . . . . . . . . . . . . . . . . . . . . . . . .,1,.. ..найденные агенты .. . . . . . . . . . . . . . . . . . . . . . . . . . . . . . . . . . . . . . . . . . . . . . . . . . . . . . . . . . . . . . . . . . . . . . . . . . . . . . . . . . . . . . . . . . . . . . . . . . . . . . . . . . . . . . . . . . . . . . . . . . . . . . . . . . . . . . . . . . . . . . . . . . . . . . . . . . . . . . . . . . . . . . . . . . . . . . . . . .,найденные агенты
..что .. . . . . . . . . . . . . . . . . . . . . . . . . . . . . . . . . . . . . . . . . . . . . . . . . . . . . . . . . . . . . . . . . . . . . . . . . . . . . . . . . . . . . . . . . . . . . . . . . . . . . . . . . . . . . . . . . . . . . . . . . . . . . . . . . . . . . . . . . . . . . . . . . . . . . . . . . . . . . . . . . . . . . . . . . . . . . . . . . . . . . . . . . . . . . . . . . . . . . . . . . . . . . . . . . . . . . . . . . . . . . . . . . . . . . . . . . . . . . . . . . . . . . . . . . . . .,1,..что .. . . . . . . . . . . . . . . . . . . . . . . . . . . . . . . . . . . . . . . . . . . . . . . . . . . . . . . . . . . . . . . . . . . . . . . . . . . . . . . . . . . . . . . . . . . . . . . . . . . . . . . . . . . . . . . . . . . . . . . . . . . . . . . . . . . . . . . . . . . . . . . . . . . . . . . . . . . . . . . . . . . . . . . . . . . . . . . . . . . . . . . . . . . . . . . . . . . . . . . . . . . . . . . . . . . . . . . . . . . . . . . . . . . . . . . . . . . . . . . . . . . . . . . . . . . .,что
.. .. .. ..последствием .. ..последствием ..последствием .. ..последствием . . . . . .,0,.. .. .. ..последствием .. ..последствием ..последствием .. ..последствием . . . . . .,последствием последствием последствием последствием
~ à à à à à à à à à à à à à à à à à à à à à à à à à à à à à à à à à à à à à à à à à à à à à à à à à à à à à à à à à à à à à à à à à à à à à à à à à à à à à à à à à à à à à à à à à à à à à à à à à à à à à à à à à à à à à à à à à à à à à à à à à à à à à à à à à à à à à à à à à à à d à à à à à à à à à à à à à à à à à à à à à à à à à à à à à à à à à à à à à à à à à à à à à à à à à à à à à à à à à à à à à à à à à à à à à à à à à à à à à à à à à à à à à à à à à,1,~ à à à à à à à à à à à à à à à à à à à à à à à à à à à à à à à à à à à à à à à à à à à à à à à à à à à à à à à à à à à à à à à à à à à à à à à à à à à à à à à à à à à à à à à à à à à à à à à à à à à à à à à à à à à à à à à à à à à à à à à à à à à à à à à à à à à à à à à à à à à d à à à à à à à à à à à à à à à à à à à à à à à à à à à à à à à à à à à à à à à à à à à à à à à à à à à à à à à à à à à à à à à à à à à à à à à à à à à à à à à à à à à à à à à à à,d
èç1äúúúàäääöääöö2 äüä à ä ä ä ä ä ä ä ä à à à à à à à à à à à à à à à à à à à à à à à à à à à à à à à à à à à à à à à à ä à à à à à à à à à à à à à à à à à à à à à à à à ä à à à à à à à ä à à à ä à ä à ä ä ä ä ä ä ä ä ä ä ä ä ä ä ä ä ä ä ä ä ä ä ä ä ä ä ä ä ä ä ä ä ä ä ä à ä ä ä ä ä ä ä ä ä ä ä ä ä ä ä ä ä ä ä ä ä ä ä ä ä ä ä ä ä ä ä ä ä ä ä ä ä ä ä ä ä ä ä ä ä ä ä ä ä ä ä ä ä ä ä ä ä ä ä ä ä ä ä ä ä ä ä ä ä ä ä ä ä ä ä ä ä ä ä ä ä ä ä ä ä ́ ́ ́ ́ ́ ́ ́ ́ ́ ́ ́ ́ ́ ́ ́ ́ ́ ́ ́ ́ ́ ́ ́ ́ ́ ä ́ ́ ́ ́ ́ ́,1,èç1äúúúàäääöääöö2 äüä à ä ä ä ä ä ä ä ä à à à à à à à à à à à à à à à à à à à à à à à à à à à à à à à à à à à à à à à à ä à à à à à à à à à à à à à à à à à à à à à à à à ä à à à à à à à ä à à à ä à ä à ä ä ä ä ä ä ä ä ä ä ä ä ä ä ä ä ä ä ä ä ä ä ä ä ä ä ä ä ä ä ä ä ä ä ä à ä ä ä ä ä ä ä ä ä ä ä ä ä ä ä ä ä ä ä ä ä ä ä ä ä ä ä ä ä ä ä ä ä ä ä ä ä ä ä ä ä ä ä ä ä ä ä ä ä ä ä ä ä ä ä ä ä ä ä ä ä ä ä ä ä ä ä ä ä ä ä ä ä ä ä ä ä ä ä ä ä ä ä ä ä ́ ́ ́ ́ ́ ́ ́ ́ ́ ́ ́ ́ ́ ́ ́ ́ ́ ́ ́ ́ ́ ́ ́ ́ ́ ä ́ ́ ́ ́ ́ ́,num num
.. .. .. . . .. .. . .. .. .. .. . .. .. .. . .. .. .. .. .. .. .. .. .. . .. .. .. .. .. .. .. ... .. .. .. ... .. ... ... ... ... .. .. .. ... ... ... ... ... .. ... .. ... .. ... .... ... ... .... ... ... .... .... .... .. ... ...... ........... ................. ...........................................---------------------------------------------что---------------------------------------------------------------------------------------------------------------------------------------------------------,0,.. .. .. . . .. .. . .. .. .. .. . .. .. .. . .. .. .. .. .. .. .. .. .. . .. .. .. .. .. .. .. ... .. .. .. ... .. ... ... ... ... .. .. .. ... ... ... ... ... .. ... .. ... .. ... .... ... ... .... ... ... .... .... .... .. ... ...... ........... ................. ...........................................---------------------------------------------что---------------------------------------------------------------------------------------------------------------------------------------------------------,что
.. ..последствием ..последствием ..последствием ..,1,.. ..последствием ..последствием ..последствием ..,последствием последствием последствием
"Номер номер номер, номер, номер номер, номер, номер, номер, номер, номер, номер, номер, номер, номер, номер, номер, номер, номер, номер, номер, номер, номер, номер, номер, номер, номер, номер, номер, номер, номер, номер, номер, номер, номер, номер, номер, номер, номер, номер, номер, номер, номер, номер, номер, номер, номер, номер, номер, номер, номер, номер, номер, номер, номер, номер, номер, номер, номер, номер, номер, номер, номер, номер, номер, номер, номер, номер, номер, номер, номер, номер, номер, номер, номер, номер, номер, номер, номер, номер, номер, номер, номер, номер, номер, номер, номер, номер, номер, номер, номер, номер, номер, номер, номер, номер, номер, номер, номер, номер, номер, номер, номер, номер, номер, номер, номер, номер, номер, номер, номер, номер, номер, номер, номер, номер, номер, номер, номер, номер, номер, номер, номер, номер, номер, номер, номер, номер, номер, номер, номер, номер, номер, номер, номер, номер, номер, номер, номер, номер, номер, номер, номер,",1,"номер номер номер, номер, номер номер, номер, номер, номер, номер, номер, номер, номер, номер, номер, номер, номер, номер, номер, номер, номер, номер, номер, номер, номер, номер, номер, номер, номер, номер, номер, номер, номер, номер, номер, номер, номер, номер, номер, номер, номер, номер, номер, номер, номер, номер, номер, номер, номер, номер, номер, номер, номер, номер, номер, номер, номер, номер, номер, номер, номер, номер, номер, номер, номер, номер, номер, номер, номер, номер, номер, номер, номер, номер, номер, номер, номер, номер, номер, номер, номер, номер, номер, номер, номер, номер, номер, номер, номер, номер, номер, номер, номер, номер, номер, номер, номер, номер, номер, номер, номер, номер, номер, номер, номер, номер, номер, номер, номер, номер, номер, номер, номер, номер, номер, номер, номер, номер, номер, номер, номер, номер, номер, номер, номер, номер, номер, номер, номер, номер, номер, номер, номер, номер, номер, номер, номер, номер, номер, номер, номер, номер, номер,",номер номер номер номер номер номер номер номер номер номер номер номер номер номер номер номер номер номер номер номер номер номер номер номер номер номер номер номер номер номер номер номер номер номер номер номер номер номер номер номер номер номер номер номер номер номер номер номер номер номер номер номер номер номер номер номер номер номер номер номер номер номер номер номер номер номер номер номер номер номер номер номер номер номер номер номер номер номер номер номер номер номер номер номер номер номер номер номер номер номер номер номер номер номер номер номер номер номер номер номер номер номер номер номер номер номер номер номер номер номер номер номер номер номер номер номер номер номер номер номер номер номер номер номер номер номер номер номер номер номер номер номер номер номер номер номер номер номер номер номер номер номер номер
~ 3 à à à à à à à à à à à à à à à à à à à à à à à à à à à à à à à à à à à à à à à à à à à à à à à à à à à à à à à à à à à à à à à à à à à à à à à à à à à à à à à à à à à à à à à à à à à à à à à à à à à à à à à à à à à à à à à à à à à à à à à à à à à à à à à à à à à à à à à à à à à à à à à à à à à à à à à à à à à à à à à à à à à à à à à à à à à à à à à à à à à à à à à à à à à à à à à à à à à à à à à à à à à à à à à à à à à à à à à à à à à à à à à à à à à à à à à à,1,~ 3 à à à à à à à à à à à à à à à à à à à à à à à à à à à à à à à à à à à à à à à à à à à à à à à à à à à à à à à à à à à à à à à à à à à à à à à à à à à à à à à à à à à à à à à à à à à à à à à à à à à à à à à à à à à à à à à à à à à à à à à à à à à à à à à à à à à à à à à à à à à à à à à à à à à à à à à à à à à à à à à à à à à à à à à à à à à à à à à à à à à à à à à à à à à à à à à à à à à à à à à à à à à à à à à à à à à à à à à à à à à à à à à à à à à à à à à à,num
.. ..что .. . . ..чтобы . ..чтобы . . . . . . . . . . . . . . . . . . . . . . . . . . . . . . . . . . . . . . . . . . . . . . . . . . . . . . . . . . . . . . . . . . . . . . . . . . . . . . . . . . . . . . . . . . . . . . . . . . . . . . . . . . . . . . . . . . . . . . . . . . . . . . . . . . . . . . . . . . . . . . . . . . . . . . . . . . . . . . . . . . . . . . . . . . . . . . . . . . . . . . . . . . . . . . . . . . . . . . . . . . . . . . . . . . . . . . . . . . . . . . . . . . . . . . . . . . . . . . . . . .,0,.. ..что .. . . ..чтобы . ..чтобы . . . . . . . . . . . . . . . . . . . . . . . . . . . . . . . . . . . . . . . . . . . . . . . . . . . . . . . . . . . . . . . . . . . . . . . . . . . . . . . . . . . . . . . . . . . . . . . . . . . . . . . . . . . . . . . . . . . . . . . . . . . . . . . . . . . . . . . . . . . . . . . . . . . . . . . . . . . . . . . . . . . . . . . . . . . . . . . . . . . . . . . . . . . . . . . . . . . . . . . . . . . . . . . . . . . . . . . . . . . . . . . . . . . . . . . . . . . . . . . . . .,что чтобы чтобы
.. .. .. .. ..чтобы убежать.. ..чтобы убежать.. .. ..чтобы убежать.. .. ..,0,.. .. .. .. ..чтобы убежать.. ..чтобы убежать.. .. ..чтобы убежать.. .. ..,чтобы убежать чтобы убежать чтобы убежать
.. .. ..что .. ..что .. . . . . . . . . . . . . . . . . . . . . . . . . . . . . . . . . . . . . . . . . . . . . . . . . . . . . . . . . . . . . . . . . . . . . . . . . . . . . . . . . . . . . . . . . . . . . . . . . . . . . . . . . . . . . . . . . . . . . . . . . . . . . . . . . . . . . . . . . . . . . . . . . . . . . . . . . . . . . . . . . . . . . . . . . . . . . . . . . . . . . . . . . . . . . . . . . . . . . . . . . . . . .,0,.. .. ..что .. ..что .. . . . . . . . . . . . . . . . . . . . . . . . . . . . . . . . . . . . . . . . . . . . . . . . . . . . . . . . . . . . . . . . . . . . . . . . . . . . . . . . . . . . . . . . . . . . . . . . . . . . . . . . . . . . . . . . . . . . . . . . . . . . . . . . . . . . . . . . . . . . . . . . . . . . . . . . . . . . . . . . . . . . . . . . . . . . . . . . . . . . . . . . . . . . . . . . . . . . . . . . . . . . .,что что
~ 3 ~ 4 ~ ~ ~ ~ à à à à à à à à à à à à à à à à à à à à à à à à à à à à à à à à à à à à à à à à à à à à à à à à à à à à à à à à à à à à à à à à à 3 à à à à à à à à à à à à à à à à à à à à à à à à à à à à à à à à à à à à à à à à à à à à à ~ à à à à à ~ à à ~ à à à à à à à ~ à à à à à à ~ à à à à à à à à à ~ à à à à à à à à à à ~ à à à à à à à à à à à à à ~ à à à à à à à à à à à à à à à à à à à à à à à à à à à à à à à à à à à à à à à à à à à à à à à à à à à à à à à à à à à à à à à à à à à à à à à à,1,~ 3 ~ 4 ~ ~ ~ ~ à à à à à à à à à à à à à à à à à à à à à à à à à à à à à à à à à à à à à à à à à à à à à à à à à à à à à à à à à à à à à à à à à 3 à à à à à à à à à à à à à à à à à à à à à à à à à à à à à à à à à à à à à à à à à à à à à ~ à à à à à ~ à à ~ à à à à à à à ~ à à à à à à ~ à à à à à à à à à ~ à à à à à à à à à à ~ à à à à à à à à à à à à à ~ à à à à à à à à à à à à à à à à à à à à à à à à à à à à à à à à à à à à à à à à à à à à à à à à à à à à à à à à à à à à à à à à à à à à à à à à,num num num
.. .. .. ..проникнуть .. . . .. . . . . . . . . . . . . . . . . . . . . . . . . . . . . . . . . . . . . . . . . . . . . . . . . . . . . . . . . . . . . . . . . . . . . . . . . . . . . . . . . . . . . . . . . . . . . . . . . . . . . . . . . . . . . . . . . . . . . . . . . . . . . . . . . . . . . . . . . . . . . . . . . . . . . . . . . . . . . . . . . . . . . . . . . . . . . . . . . . . . . . . .,0,.. .. .. ..проникнуть .. . . .. . . . . . . . . . . . . . . . . . . . . . . . . . . . . . . . . . . . . . . . . . . . . . . . . . . . . . . . . . . . . . . . . . . . . . . . . . . . . . . . . . . . . . . . . . . . . . . . . . . . . . . . . . . . . . . . . . . . . . . . . . . . . . . . . . . . . . . . . . . . . . . . . . . . . . . . . . . . . . . . . . . . . . . . . . . . . . . . . . . . . . . .,проникнуть
.. .. .. ..проникнуть . . . . . . . . . . . . . . . . . . . . . . . . . . . . . . . . . . . . . . . . . . . . . . . . . . . . . . . . . . . . . . . . . . . . . . . . . . . . . . . . . . . . . . . . . . . . . . . . . . . . . . . . . . . . . . . . . . . . . . . . . . . . . . . . . . . . . . . . . . . . . . . . . . . . . . . . . . . . . . . . . . . . . . . . . . . . . . . . . . . . . . . . . . . . . . . . . . . . . . . . . . . . . . . . .,0,.. .. .. ..проникнуть . . . . . . . . . . . . . . . . . . . . . . . . . . . . . . . . . . . . . . . . . . . . . . . . . . . . . . . . . . . . . . . . . . . . . . . . . . . . . . . . . . . . . . . . . . . . . . . . . . . . . . . . . . . . . . . . . . . . . . . . . . . . . . . . . . . . . . . . . . . . . . . . . . . . . . . . . . . . . . . . . . . . . . . . . . . . . . . . . . . . . . . . . . . . . . . . . . . . . . . . . . . . . . . . .,проникнуть
* ~ 3~ ~ ~ ~ ~ ~ ~ ~ ~ ~ ~ ~ ~ ~ ~ ~ ~ ~ ~ ~ ~ ~ ~ ~ ~ ~ à à à à à à à à à à à à à à ~ 4 à à à à à ~ à à à à à à à à à à à à à à à à à à à à à à à à à à à à à à à à à à à à à à à à à à à à à à à à à à à à à à à à à à à à à à à à à à à à à à à à à à à à à à à à à à à à à à à à à à à à à à à à à à à à à à à à à à à à à à à à à à à à à à à à à à à à à à à à à à à à à à à à à à à à à à à à à à à à à à à à à à à à à à à à à à à à à à à à à à à à à à à à à à à à à à à à à à à à à à à à à à à à à à à à à à à à à à,1,* ~ 3~ ~ ~ ~ ~ ~ ~ ~ ~ ~ ~ ~ ~ ~ ~ ~ ~ ~ ~ ~ ~ ~ ~ ~ ~ ~ à à à à à à à à à à à à à à ~ 4 à à à à à ~ à à à à à à à à à à à à à à à à à à à à à à à à à à à à à à à à à à à à à à à à à à à à à à à à à à à à à à à à à à à à à à à à à à à à à à à à à à à à à à à à à à à à à à à à à à à à à à à à à à à à à à à à à à à à à à à à à à à à à à à à à à à à à à à à à à à à à à à à à à à à à à à à à à à à à à à à à à à à à à à à à à à à à à à à à à à à à à à à à à à à à à à à à à à à à à à à à à à à à à à à à à à à à à,num num
".. .. .. ..прошу вас, господа.. .. ..прошу вас, господа.. ..",0,".. .. .. ..прошу вас, господа.. .. ..прошу вас, господа.. ..",прошу вас господа прошу вас господа
~ ~ ~ 321 ~ 4 ~ ~ 1 ~ 4 ~ ~ ~ ~ ~ ~ ~ ~ ~ ~ ~ ~ ~ ~ ~ ~ ~ ~ ~ ~ ~ ~ ~ ~ ~ ~ · · · · · · · · · · · · · · · · · · · · · · · · · · · · · · · · · · · · · · · · · · · · · · · · · ~ ~ ~ ~ ~ ~ ~ ~ ~ ~ ~ ~ ~ ~ · · · · · · ~ ~ ~ ~ ~ ~ ~ ~ ~ ~ ~ ~ ~ ~ à ~ ~ ~ à à à à à à à à à à à à à à à à à à à à à à à à à à à à à à à à à à à à à à à à à à à à à à à à à à à à à à à à à à à à à à à à à à à à à à à à à à à à à à à à à à à à à à à à à à à à à à à à ~ à à à à à à à à à à à à à à à à à à à à à à à à à à à à à à à à à à à,1,~ ~ ~ 321 ~ 4 ~ ~ 1 ~ 4 ~ ~ ~ ~ ~ ~ ~ ~ ~ ~ ~ ~ ~ ~ ~ ~ ~ ~ ~ ~ ~ ~ ~ ~ ~ ~ · · · · · · · · · · · · · · · · · · · · · · · · · · · · · · · · · · · · · · · · · · · · · · · · · ~ ~ ~ ~ ~ ~ ~ ~ ~ ~ ~ ~ ~ ~ · · · · · · ~ ~ ~ ~ ~ ~ ~ ~ ~ ~ ~ ~ ~ ~ à ~ ~ ~ à à à à à à à à à à à à à à à à à à à à à à à à à à à à à à à à à à à à à à à à à à à à à à à à à à à à à à à à à à à à à à à à à à à à à à à à à à à à à à à à à à à à à à à à à à à à à à à à ~ à à à à à à à à à à à à à à à à à à à à à à à à à à à à à à à à à à à,num num num num
*Что ты делаешь? * *,1,*что ты делаешь? * *,что ты делаешь
.. .. ..номер побега.. ..номер побега.. ..,1,.. .. ..номер побега.. ..номер побега.. ..,номер побега номер побега
~ ~ ~ à à à à à à à à à à à à à à à à à à à à à à à à à à à à à à à à à à à à à à à à à à à à à à à à à à à à à à à à à à à à à à à à à à à à à à à à à à à à à à à à à à à à à à à à à à à à à à à à à à à à à à à à à à à à à à à à à à à à à à à à à à à à à à à à à à à à à à d à à à à à à à à à à à à à à à à à à à à à à à à à à à à à à à à à à à à à à à à à à à à à à à à à à à à à à à à à à à à à à à à à à à à à à à à à à à à à à à à à à à à à à à à à à à à à à à à à à à à à à à à à à à à à à à à à à à à à,1,~ ~ ~ à à à à à à à à à à à à à à à à à à à à à à à à à à à à à à à à à à à à à à à à à à à à à à à à à à à à à à à à à à à à à à à à à à à à à à à à à à à à à à à à à à à à à à à à à à à à à à à à à à à à à à à à à à à à à à à à à à à à à à à à à à à à à à à à à à à à à à d à à à à à à à à à à à à à à à à à à à à à à à à à à à à à à à à à à à à à à à à à à à à à à à à à à à à à à à à à à à à à à à à à à à à à à à à à à à à à à à à à à à à à à à à à à à à à à à à à à à à à à à à à à à à à à à à à à à à à,d
.. .. ..последствием.. ..последствием.. ..последствием..,0,.. .. ..последствием.. ..последствием.. ..последствием..,последствием последствием последствием
~ 41 ~ 4 à à à à à à à à à à à à à à à à à à à à à à à à à à à à à à à à à à à à à à à à à à à à à à à à à à à à à à à à à à à à à à à à à à à à à à à à à à à à à à à à à à à à à à à à à à à à à à à à à à à à à à à à à à à à à à à à à à à à à à à à à à à à à à à à à à à à à à à à à à à à à à à à à à à à à à à à à à à à à à à à à à à à à à à à à à à à à à à à à à à à à à à à à à à à à à à à à à à à à à à à à à à à à à à à à à à à à à à à à à à à à à à à à à à à à à à à à à à à à à à à à à à à à à à à à à à à,1,~ 41 ~ 4 à à à à à à à à à à à à à à à à à à à à à à à à à à à à à à à à à à à à à à à à à à à à à à à à à à à à à à à à à à à à à à à à à à à à à à à à à à à à à à à à à à à à à à à à à à à à à à à à à à à à à à à à à à à à à à à à à à à à à à à à à à à à à à à à à à à à à à à à à à à à à à à à à à à à à à à à à à à à à à à à à à à à à à à à à à à à à à à à à à à à à à à à à à à à à à à à à à à à à à à à à à à à à à à à à à à à à à à à à à à à à à à à à à à à à à à à à à à à à à à à à à à à à à à à à à à à,num num
~ 3 ~ 4 à à à à à à à à à à à à à à à à à à à à à à à à à à à à à à à à à à à à à à à à à à à à à à à à à à à à à à à à à à à à à à à à à à à à à à à à à à à à à à à à à à à à à à à à à à à à à à à à à à à à à à à à à à à à à à à à à à à à à à à à à à à à à à à à à à à à à à à à à à à à à à à à à à à à à à à à à à à à à à à à à à à à à à à à à à à à à à à à à à à à à à à à à à à à à à à à à à à à à à à à à à à à à à à à à à à à à à à à à à à à à à à à à à à à à à à à à à,1,~ 3 ~ 4 à à à à à à à à à à à à à à à à à à à à à à à à à à à à à à à à à à à à à à à à à à à à à à à à à à à à à à à à à à à à à à à à à à à à à à à à à à à à à à à à à à à à à à à à à à à à à à à à à à à à à à à à à à à à à à à à à à à à à à à à à à à à à à à à à à à à à à à à à à à à à à à à à à à à à à à à à à à à à à à à à à à à à à à à à à à à à à à à à à à à à à à à à à à à à à à à à à à à à à à à à à à à à à à à à à à à à à à à à à à à à à à à à à à à à à à à à à,num num
~ ~ à à à à à à à à à à à à à à à à à à à à à à à à à à à à à à à à à à à à à à à à à à à à à à à à à à à à à à à à à à à à à à à à à à à à à à à à à à à à dé à à à à à à à à à à à à à à à à à à à à à à à à à à à à à à à à à à à à à à à à à à à à à à à à à à à à à à à à à à à à à à à à à à à à à à à à à à à à à à à à à à à à à à à à à à à à à à à à à à à à à à à à à à à à à à à à à à à à à à à à à à à à à à à à à à à à à à à à à à à à à à à à à à à à à à à à à à à à à à à à à à à à à à à à à à à à à à,1,~ ~ à à à à à à à à à à à à à à à à à à à à à à à à à à à à à à à à à à à à à à à à à à à à à à à à à à à à à à à à à à à à à à à à à à à à à à à à à à à à dé à à à à à à à à à à à à à à à à à à à à à à à à à à à à à à à à à à à à à à à à à à à à à à à à à à à à à à à à à à à à à à à à à à à à à à à à à à à à à à à à à à à à à à à à à à à à à à à à à à à à à à à à à à à à à à à à à à à à à à à à à à à à à à à à à à à à à à à à à à à à à à à à à à à à à à à à à à à à à à à à à à à à à à à à à à à à à à,d
.. ..чтобы убежать .. .. ..чтобы убежать .. . . . . . . . . . . . . . . . . . . . . . . . . . . . . . . . . . . . . . . . . . . . . . . . . . . . . . . . . . . . . . . . . . . . . . . . . . . . . . . . . . . . . . . . . . . . . . . . . . . . . . . . . . . . . . . . . . . . . . . . . . . . . . . . . . . . . . . . . . . . . . . . . . . . . . . . . .,0,.. ..чтобы убежать .. .. ..чтобы убежать .. . . . . . . . . . . . . . . . . . . . . . . . . . . . . . . . . . . . . . . . . . . . . . . . . . . . . . . . . . . . . . . . . . . . . . . . . . . . . . . . . . . . . . . . . . . . . . . . . . . . . . . . . . . . . . . . . . . . . . . . . . . . . . . . . . . . . . . . . . . . . . . . . . . . . . . . . .,чтобы убежать чтобы убежать
* 3/41 / / / à à à à à à à à à à à à à à à à à à à à à à à à à à à à à à à à à à à à à à à à à à à à à à à à à à à à à à à à à à à à à à à à à à à à à à à à à à à à à à à à à à à à à à à à à à à à à à à à à à à à à à à à à à à à à à à à à à à à à à à à à à à à à à à à à à à à à à à à à à à à à à à à à à à à à à à à à à à à à à à à à à à à à à à à à à à à à à à à à à à à à à à à à à à à à à à à à à à à à à à à à à à à à à à à à à à à à à à à à à à à à à à à à à à à à à à à à à à à à à à à à à à à à à à à à,1,* 3/41 / / / à à à à à à à à à à à à à à à à à à à à à à à à à à à à à à à à à à à à à à à à à à à à à à à à à à à à à à à à à à à à à à à à à à à à à à à à à à à à à à à à à à à à à à à à à à à à à à à à à à à à à à à à à à à à à à à à à à à à à à à à à à à à à à à à à à à à à à à à à à à à à à à à à à à à à à à à à à à à à à à à à à à à à à à à à à à à à à à à à à à à à à à à à à à à à à à à à à à à à à à à à à à à à à à à à à à à à à à à à à à à à à à à à à à à à à à à à à à à à à à à à à à à à à à à à,num num
х. х х х х х х х х х,0,х. х х х х х х х х х,х х х х х х х х х х
*Что? * * * * * * * * * * * * * * * * * * * * * * * * * * * * * * * * * * * * * * * * * * * * * * * * * * * * * * * * * * * * * * * * * * * * * * * * * * * * * * * * * * * * * * * * * * * * * * * * * * * * * * * * * * * * * * * * * * * * * * * * * * * * * * * * * * * * * * * * * * * * * * * * * * * * * * * * * ** ** ** ** ** ** ** ** ** ** ** ** ** ** ** ** ** ** ** ** ** ** ** ** ** * ** ** ** * * * ** ** ** * * * * ** * * * * * * * * * * * * * * * * ** * * * * * * * * * * * * * * * ** * * * * * * * * * * * * * * * * * * * * * * * * * * * * * * * * * * * * * * * * * * * * * * * * * * * * * * * * * * * * * * * * * * * * * * * * * * * * * * * * * * * * * * * * * * * * * * * * * * * * * * * * * * * * * * * * * * * * * * * * * * * * * * * * * * * * * * * * * * * * * * * * * * * * * * * * * * * * * * * * * * * * * * * * * * * * * * * * * * * * * * * * * * * * * * * * * * * * * * * * * * * * * * * * * * * * * * * * * * * * * * * * * * * * * * * * * * * * * * * * * * * * * *,1,*что? * * * * * * * * * * * * * * * * * * * * * * * * * * * * * * * * * * * * * * * * * * * * * * * * * * * * * * * * * * * * * * * * * * * * * * * * * * * * * * * * * * * * * * * * * * * * * * * * * * * * * * * * * * * * * * * * * * * * * * * * * * * * * * * * * * * * * * * * * * * * * * * * * * * * * * * * * ** ** ** ** ** ** ** ** ** ** ** ** ** ** ** ** ** ** ** ** ** ** ** ** ** * ** ** ** * * * ** ** ** * * * * ** * * * * * * * * * * * * * * * * ** * * * * * * * * * * * * * * * ** * * * * * * * * * * * * * * * * * * * * * * * * * * * * * * * * * * * * * * * * * * * * * * * * * * * * * * * * * * * * * * * * * * * * * * * * * * * * * * * * * * * * * * * * * * * * * * * * * * * * * * * * * * * * * * * * * * * * * * * * * * * * * * * * * * * * * * * * * * * * * * * * * * * * * * * * * * * * * * * * * * * * * * * * * * * * * * * * * * * * * * * * * * * * * * * * * * * * * * * * * * * * * * * * * * * * * * * * * * * * * * * * * * * * * * * * * * * * * * * * * * * * * *,что
.. . .. . . . . . . . . . . . . . . . . . . . . . . . . . . . . . . . . . . . . . . . . . . . . . . . . . . . . . . . . . . . . . . . . . . . . . . . . . . . . . . . . . . . . . . . . . . . . . . . . . . . . . . . . . . . . . . . . . . . . . . . . . . . . . . . . . . . . . . . . . . . . . . . . . . . . . . . . . . . . . . . . . . . . . . . . . . . . . . . . . . . . . . . . . . . . . . . . . . . . . . . . . . . . . . . . . . . . . . . . . . . . . . . . . я € € € € € € € € € € € € € € € € € € € € € € € € €,1,.. . .. . . . . . . . . . . . . . . . . . . . . . . . . . . . . . . . . . . . . . . . . . . . . . . . . . . . . . . . . . . . . . . . . . . . . . . . . . . . . . . . . . . . . . . . . . . . . . . . . . . . . . . . . . . . . . . . . . . . . . . . . . . . . . . . . . . . . . . . . . . . . . . . . . . . . . . . . . . . . . . . . . . . . . . . . . . . . . . . . . . . . . . . . . . . . . . . . . . . . . . . . . . . . . . . . . . . . . . . . . . . . . . . . . я € € € € € € € € € € € € € € € € € € € € € € € € €,я
~ ~ 3 ~ 4 ~ ~ ~ ~ ~ ~ ~ ~ ~ ~ ~ ~ 4 · ~ ~ ~ ~ ~ ~ ~ ~ ~ ~ ~ ~ ~ ~ ~ ~ ~ ~ ~ ~ ♫ 4 · ♫ ♫ ♫ ♫ ♫ ♫ ♫ ♫ ♫ ♫ ♫ ♫ ♫ ♫ ♫ ♫ ♫ ♫ ♫ ♫ ♫ ♫ ♫ ♫ ♫ ♫ ♫ ♫ ♫ ♫ ♫ ♫ ♫ ♫ ♫ ♫ ♫ ♫ ♫ ♫ ♫ ♫ ♫ ♫ ♫ ♫ ♫ ♫ ♫ ♫ ♫ ♫ ♫ ♫ ♫ ♫ ♫ ♫ ♫ ♫ ♫ ♫ ♫ ♫ ♫ ♫ ♫ ♫ ♫ ♫ ♫ ♫ ♫ ♫ ♫ ♫ ♫ ♫ ♫ ♫ ♫ ♫ ♫ ♫ ♫ ♫ ♫ ♫ ♫ ♫ ♫ ♫ ♫ ♫ ♫ ♫ ♫ ♫ ♫ ♫ ♫ ♫ ♫ ♫ ♫ ♫ ♫ ♫ ♫ ~ ~ ♫ ♫ ~ ~ ♫ ♫ ~ ~ ~ ~ ~ ~ ~ ♫ ~ ~ ~ ~ ~ ~ ♫ ♫ ♫ ~ ~ ~ ~ ~ ~ ~ ~ ~ ~ ♫ ~ ~ ~ ~ ♫ ~ ~ ~ ♫ ~ ~ ~ ~ ~ ~ ~ ~ ~ ~ ~ ~ ~ ~ ~ ~ ~ ~ ~ ~ ~ ♫ ~ ~ ~ ~ ~ ~ ~ ~ ~ ~ ~ ~ ~ ~ ~ ~ ~ ~ ~ ~ ~ ~ ~ ~ ~ ~ ~ ~ ~ ~ ~ ~ ~ ~ ~ ~ ~ ~ ~,1,~ ~ 3 ~ 4 ~ ~ ~ ~ ~ ~ ~ ~ ~ ~ ~ ~ 4 · ~ ~ ~ ~ ~ ~ ~ ~ ~ ~ ~ ~ ~ ~ ~ ~ ~ ~ ~ ~ ♫ 4 · ♫ ♫ ♫ ♫ ♫ ♫ ♫ ♫ ♫ ♫ ♫ ♫ ♫ ♫ ♫ ♫ ♫ ♫ ♫ ♫ ♫ ♫ ♫ ♫ ♫ ♫ ♫ ♫ ♫ ♫ ♫ ♫ ♫ ♫ ♫ ♫ ♫ ♫ ♫ ♫ ♫ ♫ ♫ ♫ ♫ ♫ ♫ ♫ ♫ ♫ ♫ ♫ ♫ ♫ ♫ ♫ ♫ ♫ ♫ ♫ ♫ ♫ ♫ ♫ ♫ ♫ ♫ ♫ ♫ ♫ ♫ ♫ ♫ ♫ ♫ ♫ ♫ ♫ ♫ ♫ ♫ ♫ ♫ ♫ ♫ ♫ ♫ ♫ ♫ ♫ ♫ ♫ ♫ ♫ ♫ ♫ ♫ ♫ ♫ ♫ ♫ ♫ ♫ ♫ ♫ ♫ ♫ ♫ ♫ ~ ~ ♫ ♫ ~ ~ ♫ ♫ ~ ~ ~ ~ ~ ~ ~ ♫ ~ ~ ~ ~ ~ ~ ♫ ♫ ♫ ~ ~ ~ ~ ~ ~ ~ ~ ~ ~ ♫ ~ ~ ~ ~ ♫ ~ ~ ~ ♫ ~ ~ ~ ~ ~ ~ ~ ~ ~ ~ ~ ~ ~ ~ ~ ~ ~ ~ ~ ~ ~ ♫ ~ ~ ~ ~ ~ ~ ~ ~ ~ ~ ~ ~ ~ ~ ~ ~ ~ ~ ~ ~ ~ ~ ~ ~ ~ ~ ~ ~ ~ ~ ~ ~ ~ ~ ~ ~ ~ ~ ~,num num num num
.. ..Однажды .. . . . . . . . . . . . . . . . . . . . . . . . . . . . . . . . . . . . . . . . . . . . . . . . . . . . . . . . . . . . . . . . . . . . . . . . . . . . . . . . . . . . . . . . . . . . . . . . . . . . . . . . . . . . . . . . . . . . . . . . . . . . . . . . . . . . . . . . . . . . . . . . . . . . . . . . . . . . . . . . . . . . . . . . . . . . . . . . . . . . . . . . . . . . . . . . . . . . . . . . . . . . . . . . . . . . . . . . . . . . . € € € € € € € € € € € € € € € € € € € € € € € € € € € €,0,.. ..однажды .. . . . . . . . . . . . . . . . . . . . . . . . . . . . . . . . . . . . . . . . . . . . . . . . . . . . . . . . . . . . . . . . . . . . . . . . . . . . . . . . . . . . . . . . . . . . . . . . . . . . . . . . . . . . . . . . . . . . . . . . . . . . . . . . . . . . . . . . . . . . . . . . . . . . . . . . . . . . . . . . . . . . . . . . . . . . . . . . . . . . . . . . . . . . . . . . . . . . . . . . . . . . . . . . . . . . . . . . . . . . . € € € € € € € € € € € € € € € € € € € € € € € € € € € €,однажды
"Сезон 2, серия 4, серия 4, серия 4, серия 4, серия 2.",0,"сезон 2, серия 4, серия 4, серия 4, серия 4, серия 2.",сезон num серия num серия num серия num серия num серия num
