line_number,reason,raw_line
184298,embedded_header,"текст,label"
346338,embedded_header,"Переводимое название,label"
364481,embedded_header,"текст,label"
364957,no_integer_label,"""Я не знаю, что делать."",associated press newswires"
364958,no_integer_label,"""Я не знаю, что делать."",copyright 2001 . the associated press . all rights reserved ."
364959,no_integer_label,"""Я не знаю, что делать."",the flop has made consumers elsewhere suspicious about giving up their regulated monopoly utilities for competition among power companies ."
364960,no_integer_label,"где дерегулирование планируется начать Jan . 1 после каменистой программы испытаний .,regulators and industry officials are turning their attention to texas "
364961,no_integer_label,"""Я не знаю, что делать."",california officials warn that texans may be a little too smug ."
364962,no_integer_label,"""Я не знаю, что делать."",california officials accuse the power companies - many of them texas - based - of withholding supplies or clogging transmission lines to drive prices higher . they say the same techniques could be used in texas ."
364963,no_integer_label,"""Я не знаю, что делать."",supporters and opponents of deregulation do agree that the stakes will be high in texas for power companies and consumers ."
364964,no_integer_label,"Пусть они выберут между несколькими конкурирующими компаниями.,the idea behind electric deregulation is simple and powerful . instead of forcing residents and businesses to buy their power from a monopoly such as txu electric or reliant "
364965,no_integer_label,"""Думая, что они могут получить прибыль, получив кусочек от бизнеса коммунальных служб, даже несмотря на то, что Энрон сам по себе производит мало энергии."",power traders led by enron corp . lobbied heavily for deregulation "
364966,no_integer_label,"""Цены на резервную энергию, используемую в жаркие летние дни, временно поднялись на 100 раз."",the trial program was delayed three times . when it finally began this summer "
364967,no_integer_label,"""Комиссия по коммунальным услугам и энергетические компании и их союзники настаивали на том, чтобы экспериментальная программа служила своей цели выявления потенциальных проблем."",through it all "
364968,no_integer_label,"""Я не знаю, что делать."",shell has said that doing business in texas became uneconomical after other states delayed deregulation ."
364969,no_integer_label,"В результате этого новые конкуренты потерпели неудачу.,deregulation advocates worry that residential customers will simply stay with their old electric utility "
364970,no_integer_label,"""Победителями являются крупные коммерческие клиенты, как, например, h-e-b в пищевой цепи."",along with the power traders "
364971,no_integer_label,"""Я не знаю, что делать."",end advance"
364972,no_integer_label,"cc. все зарезервированные права,copyright ? 2000 dow jones & company "
364973,no_integer_label,"""Я не знаю, что делать."",enron says it ' s too soon to quantify u . k . job cuts ( updatel )"
364974,no_integer_label,"""Я не знаю, что делать."",2001 - 11 - 10 07 : 24 ( new york )"
364975,no_integer_label,"""Я не знаю, что делать."",enron says it ' s too soon to quantify u . k . job cuts ( updatel )"
364976,no_integer_label,"""Я не знаю, что делать."",from fifth paragraph . )"
364977,no_integer_label,"Нов. 10 долл. США 23 млрд. долл. США,london "
364978,no_integer_label,"""Я не знаю, что делать."",acquisition of enron corp . is at too early a stage for either"
364979,no_integer_label,"энрон,company to know how many u . k . jobs will be eliminated "
364980,no_integer_label,"объявлена,dynegy ' s acquisition of the biggest energy trader "
364981,no_integer_label,"""Я не знаю, что делать."",spokesman alex parsons . ` ` it ' s too early to know what the impact"
364982,no_integer_label,"'Он сказал .,will be on u . k . jobs "
364983,no_integer_label,"и в своей торговле энергоресурсами,northeast england "
364984,no_integer_label,"""Я не знаю, что делать."",dynegy said yesterday it would save as much as $ 500 million a"
364985,no_integer_label,"""Я не знаю, что делать."",year by ` ` winding down ' ' enron ' s business outside of trading and"
364986,no_integer_label,"""Я не знаю, что делать."",pipelines and cutting costs ."
364987,no_integer_label,"""Я не знаю, что делать."",enron decided to sell after its shares plunged 90 percent"
364988,no_integer_label,"""Я не знаю, что делать."",this year amid investors ' concerns about the accuracy of its"
364989,no_integer_label,"""Я не знаю, что делать."",financial statements . the company had said in october it planned"
364990,no_integer_label,"или почти столько же,to eliminate as many as 500 jobs in europe "
364991,no_integer_label,"сокращения расходов .,10 percent of the workforce there "
364992,no_integer_label,"""Я не знаю, что делать."",offset risk"
364993,no_integer_label,"которое владеет поколением в u . k . для компенсации риска,the company "
364994,no_integer_label,"""Говорили, что два рабочих умерли."",in its power trading operations "
364995,no_integer_label,"""Я не знаю, что делать."",and two others were seriously injured in an explosion and fire at"
364996,no_integer_label,"Которая функционирует и частично принадлежит ему.,teeside power station "
364997,no_integer_label,"""Я не знаю, что делать."",enron owns wessex water as part of its azurix water unit . it"
364998,no_integer_label,""", из которого появилась азурикс."",spent $ 2 . 8 billion in 1998 for wessex "
364999,no_integer_label,"и затем купила,enron sold azurix shares to the public in 1999 "
365000,no_integer_label,"""Я не знаю, что делать."",back the company this year after the unit failed in its strategy"
365001,no_integer_label,"""Я не знаю, что делать."",of buying up water companies and winning large projects ."
365002,no_integer_label,"""Энрон согласился продать азурикс, североамериканский"",in august "
365003,no_integer_label,"""Я не знаю, что делать."",business to american water works inc . for $ 150 million ."
365004,no_integer_label,"""Я не знаю, что делать."",the dynegy transaction is expected to close in 2002 ' s third"
365005,no_integer_label,"Динеги,quarter . the new company will have $ 90 billion in assets "
365006,no_integer_label,"""Я не знаю, что делать."",percent of the new company . enron ' s holders will own the rest ."
365007,no_integer_label,"""Я не знаю, что делать."",the merger will face opposition from consumer groups "
365008,no_integer_label,"""в тех случаях, когда торговцы энергоресурсами, такие, как"",especially in california "
365009,no_integer_label,"""Я не знаю, что делать."",enron were blamed for soaring electricity prices that left the"
365010,no_integer_label,"""Я не знаю, что делать."",state ' s biggest utility bankrupt and the second - largest fighting"
365011,no_integer_label,"""Я не знаю, что делать."",for a government bailout ."
365012,no_integer_label,"""Я не знаю, что делать."",other companies may yet be caught in the fallout from enron ' s"
365013,no_integer_label,"""Я не знаю, что делать."",situation . royal bank of scotland group plc is a lender to enron "
365014,no_integer_label,"без ссылок на источники .,the guardian newspaper reported today "
365015,no_integer_label,"""Я не знаю, что делать."",it ' s unclear how much the u . k . ' s no . 3 bank by assets lent"
365016,no_integer_label,"Там было написано.,paper said . it ' s not clear if the loans are secured "
365017,no_integer_label,"""Я не знаю, что делать."",royal bank was involved in setting up a credit facility for enron "
365018,no_integer_label,"Это помогло компании сбиться с толку,the newspaper said "
365019,no_integer_label,"""Я не знаю, что делать."",share price by 2 . 6 percent yesterday ."
365020,no_integer_label,"""Я не знаю, что делать."",- - mathieu robbins in the london newsroom ( + 44 20 ) 7673 2097"
365021,no_integer_label,"задолженность (обновленный вариант 9),dynegy to buy enron for $ 23 billion in stock "
365022,no_integer_label,"""Я не знаю, что делать."",2001 - 11 - 09 23 : 23 ( new york )"
365023,no_integer_label,"задолженность (обновленный вариант 9),dynegy to buy enron for $ 23 billion in stock "
365024,no_integer_label,"""Я не знаю, что делать."",( adds advisers in last paragraph . )"
365025,no_integer_label,"nov. 9 (Brownberg) - - Dynegy inc. согласилась купить,houston "
365026,no_integer_label,"""Я не знаю, что делать."",enron corp . for at least $ 23 billion in stock and assumed debt "
365027,no_integer_label,"""Я не знаю, что делать."",ending a financial crisis that threatened to bankrupt enron and"
365028,no_integer_label,"""Я не знаю, что делать."",disrupt u . s . power and natural - gas markets ."
365029,no_integer_label,"""Я не знаю, что делать."",investors will get 0 . 2685 of a dynegy share for each enron"
365030,no_integer_label,"или 10 $ 41 на основе окончательной цены динаги сегодня.,share "
365031,no_integer_label,"""Я не знаю, что делать."",portion of the transaction is valued at $ 8 billion to $ 9 billion "
365032,no_integer_label,"""Я не знаю, что делать."",dynegy chief financial officer robert doty said . dynegy said it"
365033,no_integer_label,"""Я не знаю, что делать."",will assume about $ 15 billion in enron debt ."
365034,no_integer_label,"""Я не знаю, что делать."",shares plunged 90 percent this year and a federal investigation of"
365035,no_integer_label,"""Я не знаю, что делать."",accounting irregularities limited its ability to finance"
365036,no_integer_label,"""Я не знаю, что делать."",operations . enron ' s collapse would have caused upheaval in energy"
365037,no_integer_label,"где компания делает одну четверть всего газа и энергии,markets "
365038,no_integer_label,"Торговцы говорят .,trades "
365039,no_integer_label,"""Я не знаю, что делать."",` ` without someone stepping in to play the role enron plays "
365040,no_integer_label,"""'"""""",people ( would ) have a difficult time executing transactions "
365041,no_integer_label,"Президент компании Allegheny Energy Inc.,said daniel gordon "
365042,no_integer_label,"""Я не знаю, что делать."",unit ."
365043,no_integer_label,"Вторая - крупнейшая нефтяная компания и,chevrontexaco corp . "
365044,no_integer_label,"и даст им энрон,owner of 26 percent of dynegy "
365045,no_integer_label,"""Я не знаю, что делать."",$ 1 . 5 billion immediately . chevrontexaco will give dynegy"
365046,no_integer_label,"""Я не знаю, что делать."",$ 1 billion after the merger closes ."
365047,no_integer_label,"который вел,dynegy chief executive officer charles watson "
365048,no_integer_label,"""Я не знаю, что делать."",company that has put as much emphasis on building power plants as"
365049,no_integer_label,"""завладеет большим соперником, что председатель и"",on energy trading "
365050,no_integer_label,"""Я не знаю, что делать."",ceo kenneth lay had focused on trading ."
365051,no_integer_label,"""Я не знаю, что делать."",earnings reduced"
365052,no_integer_label,"""Я не знаю, что делать."",lay ' s strategy boosted enron ' s reported revenue to"
365053,no_integer_label,"Почти четырежды динамика и более,$ 100 . 7 billion in 2000 "
365054,no_integer_label,"""Я не знаю, что делать."",20 times what enron generated in 1995 . at its peak in december"
365055,invalid_label,"Стоимость запасов была более 69 млрд. долл.,2000 "
365056,no_integer_label,"""Энтронные акции упали по мере того, как начались инвесторы"",in recent months "
365057,no_integer_label,"Говорит:,to question the accuracy of enron ' s financial statements "
365058,no_integer_label,"""Я не знаю, что делать."",it was unclear whether the company was using affiliated"
365059,no_integer_label,"""Я не знаю, что делать."",partnerships to move debt off its books and hide losses ."
365060,no_integer_label,"""Я не знаю, что делать."",yesterday the company restated its earnings for the past"
365061,no_integer_label,"сокращение более чем на 500 млн. долл. США,four years "
365062,no_integer_label,"""Я не знаю, что делать."",losses from partnerships it once kept off its books . after the"
365063,no_integer_label,"стандартный сервис для & бедных инвесторов сказал это,merger announcement "
365064,no_integer_label,"""""""Один"""""",may lower dynegy ' s debt rating . it cut enron ' s to ` ` bbb - "
365065,no_integer_label,"""Я не знаю, что делать."",notch above junk ."
365066,no_integer_label,"Президент Стефен Бергстром и Кфо Доти будут,watson "
365067,no_integer_label,"::,keep their positions at the combined company . greg whalley "
365068,no_integer_label,"будет,president and chief operating officer of enron "
365069,no_integer_label,"""Я не знаю, что делать."",executive vice president . lay said he won ' t be an active manager"
365070,no_integer_label,"""Я не знаю, что делать."",in the new company . lay has not discussed a severance package with"
365071,no_integer_label,"Уотсон сказал.,him "
365072,no_integer_label,"""Я не знаю, что делать."",$ 200 billion in revenue"
365073,no_integer_label,"""Я не знаю, что делать."",dynegy said it will have annual revenue of more than"
365074,no_integer_label,"1000 миль трубопровода после слияния,capacity and 25 "
365075,no_integer_label,"""Я не знаю, что делать."",company will save as much as $ 500 million a year by ` ` winding"
365076,no_integer_label,"""Я не знаю, что делать."",down ' ' enron ' s business outside of trading and pipelines and"
365077,no_integer_label,"Динеги сказал.,cutting costs "
365078,no_integer_label,"""Я не знаю, что делать."",the announcement of the merger came after the close of stock"
365079,no_integer_label,"хотя эти две компании признали их,market trading "
365080,no_integer_label,"""Я не знаю, что делать."",$ 38 . 76 . enron rose 22 cents to $ 8 . 63 . chevrontexaco rose $ 1 . 90 to"
365081,no_integer_label,"""Я не знаю, что делать."",the combination is expected to be ` ` strongly accretive ' ' to"
365082,no_integer_label,"""динагия заявила, что она прогнозирует поступления в размере 3 долл. США 40 - 3 долл. США 50 а/"",earnings "
365083,no_integer_label,"среднее значение,share next year . it had been expected to earn $ 2 . 57 "
365084,no_integer_label,"""Я не знаю, что делать."",estimate of analysts surveyed by thomson financial / first call ."
365085,no_integer_label,"""Я не знаю, что делать."",third quarter closing"
365086,no_integer_label,"""Я не знаю, что делать."",the transaction is expected to close in 2002 ' s third quarter ."
365087,no_integer_label,"Динеги сказал.,the new company will have $ 90 billion in assets "
365088,no_integer_label,"""Я не знаю, что делать."",percent of the new company . enron ' s holders will own the rest ."
365089,no_integer_label,"Приобретение привлекательности,` ` dynegy is taking out a competitor "
365090,no_integer_label,""""""""""" сказал Джозеф."",assets and they ' re doing it at an incredible price "
365091,no_integer_label,"""аналитик по инвестициям Уэйна Хаммера, который не владеет"",correnti "
365092,no_integer_label,"""Я не знаю, что делать."",shares of either company . enron will pay a"
365093,no_integer_label,"""Я не знаю, что делать."",$ 350 million breakup fee if the transaction collapses ."
365094,no_integer_label,"""Я не знаю, что делать."",the two houston - based companies began negotiations a week ago"
365095,no_integer_label,"""Я не знаю, что делать."",as it became apparent that enron needed cash to stay in business ."
365096,no_integer_label,"""Я не знаю, что делать."",watson said he approached lay ."
365097,no_integer_label,"""Я не знаю, что делать."",` ` i simply called ken to see if there was anything we could"
365098,no_integer_label,"Уотсон,do to straighten ' ' out rumors of a cash crunch at enron "
365099,no_integer_label,"Кен любезно пригласил меня.,said . ` ` that next saturday "
365100,no_integer_label,"""Я не знаю, что делать."",over to his home . ' '"
365101,no_integer_label,"""Я не знаю, что делать."",dynegy agreed to the terms after moody ' s investors service"
365102,no_integer_label,"ликвидация,maintained an investment grade rating on enron today "
365103,no_integer_label,"""Я не знаю, что делать."",a stumbling block in negotiations ."
365104,no_integer_label,"""Я не знаю, что делать."",cash crunch"
365105,no_integer_label,"""Я не знаю, что делать."",moody ' s announcement removed the threat that a junk rating"
365106,no_integer_label,"""Я не знаю, что делать."",would force enron to repay early $ 3 . 3 billion in bonds . enron has"
365107,no_integer_label,"""Я не знаю, что делать."",been battling a cash crunch and a loss of investor confidence"
365108,no_integer_label,"""Я не знаю, что делать."",because of questions about partnerships started by its senior"
365109,no_integer_label,"""Я не знаю, что делать."",executives ."
365110,no_integer_label,"""Я не знаю, что делать."",enron fired chief financial officer andrew fastow in october"
365111,no_integer_label,"""Я не знаю, что делать."",as a securities and exchange commission investigation focused in"
365112,no_integer_label,"""Я не знаю, что делать."",on partnerships he headed and helped create . enron estimated"
365113,no_integer_label,"""Я не знаю, что делать."",fastow made $ 30 million through partnerships affiliated with the"
365114,no_integer_label,"""Я не знаю, что делать."",company ."
365115,no_integer_label,"""Я не знаю, что делать."",the sec began the investigation after enron reduced third -"
365116,no_integer_label,"""Я не знаю, что делать."",quarter earnings by more than $ 1 billion and said dealings with"
365117,no_integer_label,"""Я не знаю, что делать."",two partnerships had lowered shareholder equity by $ 1 . 2 billion ."
365118,no_integer_label,"(партнёрства ) породили довольно глубокое представление,` ` clearly "
365119,no_integer_label,"""и, возможно, более серьезные проблемы, чем"",problem for the company "
365120,no_integer_label,"Сказал на конференц-звонке после выкупа,that "
365121,no_integer_label,"""Я не знаю, что делать."",announcement . ` ` we ' ll see over time . ' '"
365122,no_integer_label,"""Я не знаю, что делать."",california opposition"
365123,no_integer_label,"""Я не знаю, что делать."",the merger will face opposition from consumer groups "
365124,no_integer_label,"""в тех случаях, когда торговцы энергоресурсами, такие, как"",especially in california "
365125,no_integer_label,"""Я не знаю, что делать."",enron were blamed for soaring electricity prices that left the"
365126,no_integer_label,"""Я не знаю, что делать."",state ' s biggest utility bankrupt and the second - largest fighting"
365127,no_integer_label,"""Я не знаю, что делать."",for a government bailout ."
365128,no_integer_label,"""Я не знаю, что делать."",` ` we will petition the state attorney general and federal"
365129,no_integer_label,""""""""""" сказал Дуг адский герой"",authorities to block this merger "
365130,no_integer_label,"""Я не знаю, что делать."",california - based foundation for taxpayer and consumer rights ."
365131,no_integer_label,"""Я не знаю, что делать."",` ` this would further tighten the grip that the unregulated power"
365132,no_integer_label,"И это - хватка энергии,industry has over california "
365133,no_integer_label,"""Я не знаю, что делать."",cartel that has choked california for the last year and a half . ' '"
365134,no_integer_label,"""Я не знаю, что делать."",energy trading markets ` ` are relatively fragmented ' ' so there"
365135,no_integer_label,"даже если энрон и динамик,should be no antitrust problems "
365136,no_integer_label,"""Я не знаю, что делать."",attorney with foley & lardner . ` ` enron may well not be a healthy"
365137,no_integer_label,"Берка сказала.,company going forward ' ' if the merger isn ' t approved "
365138,no_integer_label,"""Я не знаю, что делать."",enrononline"
365139,no_integer_label,"""Я не знаю, что делать."",the combination of the two companies will leave watson with"
365140,no_integer_label,"Интернет-энергетика и торговля сырьевыми товарами,control of enrononline "
365141,no_integer_label,"""Я не знаю, что делать."",site that has done more than $ 880 billion in trades since it was"
365142,no_integer_label,"""Я не знаю, что делать."",created in november 1999 ."
365143,no_integer_label,"но если,` ` it ' s not perfectly capturing the value of enron "
365144,no_integer_label,"Возьми и двигайся.,you ' re on the board at enron at this point "
365145,no_integer_label,"Сказал корренти инвестиций Уэйна Хаммера.,on "
365146,no_integer_label,"""Я не знаю, что делать."",the total value of the stock portion of the transaction"
365147,no_integer_label,"""в зависимости от того, сколько долей энрона необходимо пересчитать"",could rise "
365148,no_integer_label,"""Я не знаю, что делать."",in the stock swap . an enron spokesman said the company had 913"
365149,no_integer_label,"хотя и знакомый человек,million shares on a fully diluted basis "
365150,no_integer_label,"""Я не знаю, что делать."",with the talks said enron ' s stock price is so low that many common"
365151,no_integer_label,"оставив номер в 743.,share equivalents won ' t be converted "
365152,no_integer_label,"""Я не знаю, что делать."",million shares ."
365153,no_integer_label,"""Я не знаю, что делать."",lehman brothers inc . is dynegy ' s financial adviser on the"
365154,no_integer_label,"""Я не знаю, что делать."",transaction . salomon smith barney inc . and j . p . morgan & co . are"
365155,no_integer_label,"""Я не знаю, что делать."",advising enron ."
365156,no_integer_label,"""Я не знаю, что делать."",- - margot habiby in houston ( 713 ) 353 - 4872"
365157,no_integer_label,"""Я не знаю, что делать."",dynegy announces $ 8 billion deal to buy larger rival enron"
365158,no_integer_label,"""Я не знаю, что делать."",by juan a . lozano"
365159,no_integer_label,"""Я не знаю, что делать."",associated press writer"
365160,no_integer_label,"""Я не знаю, что делать."",11 / 09 / 2001"
365161,no_integer_label,"""Я не знаю, что делать."",associated press newswires"
365162,no_integer_label,"""Я не знаю, что делать."",copyright 2001 . the associated press . all rights reserved ."
365163,no_integer_label,"""Я не знаю, что делать."",the announcement came after enron ' s stock price plummeted about 80 percent over the past three weeks because of concerns that the company wasn ' t revealing serious financial problems to shareholders ."
365164,no_integer_label,"""Я не знаю, что делать."",watson made it clear that he would not tolerate the sort of financial practices that prompted explosive disclosures by enron this week - including an admission that more than half a billion dollars in debt had been kept off the company ' s books ."
365165,no_integer_label,"""Уотсон сказал, что должностные лица компании, которые заключили сделку, ушли, убеждая, что Энрон стоит купить, несмотря на недавние неприятности."",at a news conference "
365166,no_integer_label,"""с акционерами Энрона, держащими оставшуюся часть."",dynegy ' s stockholders will own approximately 64 percent of the new company "
365167,no_integer_label,""", в котором будет сохранено имя динамика . . . . . . . . . . . . . . . . . . . . . . . . . . . . . . . . . . . . . . . . . . . . . . . . . . . . . . . . . . . . ."",watson will remain as chairman and chief executive of the combined company "
365168,no_integer_label,"""Но ему было предложено место в совете директоров компании, и это поможет ему пережить слияние."",enron chairman and chief executive kenneth l . lay will no longer have a role in day - to - day management of the company "
365169,no_integer_label,"""Я не знаю, что делать."",the merger was announced a day after enron acknowledged it overstated earnings by about 20 percent over the past four years and kept large amounts of debt off its balance sheets through business partnerships now under investigation by the securities and exchange commission ."
365170,no_integer_label,"""Инвесторы настроения обслуживают пониженный рейтинг долга Энрона на один уровень выше, чем статус ценных бумаг, и говорят, что долгосрочные рейтинги долга компании по - прежнему пересматриваются на предмет дальнейшего понижения."",early friday "
365171,no_integer_label,"""В 1997 году до первой половины 2001 года """"не следует полагаться на"""" и что внешние предприятия, которыми в течение этого периода руководили представители компании, должны были быть включены в отчеты о доходах компании."",in an sec filing "
365172,no_integer_label,"""Я не знаю, что делать."",keeping the debt off its balance sheets likely ensured enron could maintain a strong credit rating to support expansion of its core businesses - wholesale trading of natural gas and electricity ."
365173,no_integer_label,"""Я не знаю, что делать."",but the company ' s stock price started dropping 10 months ago when its high - speed internet unit foundered and enron had trouble collecting money from power customers in india ."
365174,no_integer_label,""", и новости о секундном расследовании ."",the stock price began to free fall after enron announced a $ 618 million third quarter loss "
365175,no_integer_label,"Но инвесторы сбросили акции энрона и отправили его акции рухнули.,enron responded by firing its chief financial officer and scrambled to get cash and increase credit lines in an attempt to regain investor confidence "
365176,no_integer_label,"""Я не знаю, что делать."",- - -"
365177,no_integer_label,"""Я не знаю, что делать."",on the net :"
365178,no_integer_label,"""Я не знаю, что делать."",http : / / www . enron . com"
365179,no_integer_label,"""Я не знаю, что делать."",http : / / www . dynegy . com"
365180,no_integer_label,"""Я не знаю, что делать."",ap graphic dynegy enron"
365181,no_integer_label,"cc. все зарезервированные права,copyright ? 2000 dow jones & company "
365182,no_integer_label,"""Я не знаю, что делать."",usa : update 3 - dynegy to acquire enron for $ 9 bln ."
365183,no_integer_label,"""Я не знаю, что делать."",11 / 09 / 2001"
365184,no_integer_label,"""Я не знаю, что делать."",reuters english news service"
365185,no_integer_label,"""Я не знаю, что делать."",( c ) reuters limited 2001 ."
365186,no_integer_label,"новые замечания аналитика ),( adds new material from news conference "
365187,no_integer_label,"""Я не знаю, что делать."",by andrew kelly"
365188,no_integer_label,"""Я не знаю, что делать."",enron ' s stock fell sharply in the past month due to investors ' concerns about murky transactions that sparked an investigation by u . s . regulators and damaging downgrades by credit rating agencies ."
365189,no_integer_label,"""должности, ранее занимавшиеся энроном."",it will be north america ' s biggest marketer and trader of natural gas and electricity "
365190,no_integer_label,"""Я не знаю, что делать."",dynegy ' s watson firmly in control"
365191,no_integer_label,"""Я не знаю, что делать."",dynegy stockholders will own about 64 percent and enron stockholders will own about 36 percent of the merged company ."
365192,no_integer_label,"""Я не знаю, что делать."",regulators probe enron deals"
365193,no_integer_label,"""Я не знаю, что делать."",enron had been struggling to overcome a plummeting stock price and credit ratings in the past month following disclosures of off - balance sheet deals now under investigation by the u . s . securities and exchange commission ."
365194,no_integer_label,"""Я не знаю, что делать."",""enron chairman and chief executive ken lay told a news conference in houston that he would have preferred enron to retain its independence but that this had become impossible in the face of a """""""" consistent barrage of really negative articles """""""" ."""
365195,no_integer_label,"""Но он сказал, что уверен, что этого не случится."",""watson said the agreement with enron includes """""""" escape clauses """""""" that would allow dynegy to back out of the deal if any further undisclosed problems were to emerge """
365196,no_integer_label,"""Я не знаю, что делать."",watson said he did not expect the merger to run into serious regulatory obstacles ."
365197,no_integer_label,"""Я не знаю, что делать."",dynegy estimates annual pretax savings of $ 400 million to $ 500 million as a result of the sale or winding down of non - core businesses in the enron portfolio and other measures ."
365198,no_integer_label,"""Я не знаю, что делать."",watson said he did not yet know how many jobs might be cut as a result of combining the two companies ."
365199,no_integer_label,"""Я не знаю, что делать."",the merger still requires approval by regulators and both sets of shareholders but is expected to close by the end of the third quarter of 2002 ."
365200,no_integer_label,"cc. все зарезервированные права,copyright ? 2000 dow jones & company "
365201,no_integer_label,"но слияния могут повлиять на цены,enron not california ' s largest power supplier "
365202,no_integer_label,"""Я не знаю, что делать."",by karen gaudette"
365203,no_integer_label,"""Я не знаю, что делать."",associated press writer"
365204,no_integer_label,"""Я не знаю, что делать."",11 / 09 / 2001"
365205,no_integer_label,"""Я не знаю, что делать."",associated press newswires"
365206,no_integer_label,"""Я не знаю, что делать."",copyright 2001 . the associated press . all rights reserved ."
365207,no_integer_label,"""Я не знаю, что делать."",enron ' s reach in california goes beyond keeping the lights on ."
365208,no_integer_label,"Она сказала.,the state ' s retirement pension fund owns 3 million shares of enron stock - about 1 percent of its total investments - said calpers spokeswoman pat macht . the calpers board will meet next week to discuss the situation "
365209,no_integer_label,"Хотя рынок энергии не является одним из крупнейших поставщиков энергии в Калифорнии .,enron corp . ' s outspoken support for deregulation of the country ' s electricity markets sparked resentment in california as rolling blackouts swept through earlier this year "
365210,no_integer_label,"""Я не знаю, что делать."",some felt the financial downfall of the nation ' s top buyer and seller of natural gas and major electricity seller was justified ."
365211,no_integer_label,"""Калифорнийский генеральный прокурор Локсиер вызвал в суд данные о торговле электроэнроном, поскольку он пытался доказать, что государство стало жертвой завышения цен, в результате чего чиновники потратили более 9 миллиардов долларов, покупая электричество для клиентов двух неспокойных в финансовом отношении коммунальных служб. Энрон неоднократно отрицал все обвинения в манипулировании рынком ."",earlier this year "
365212,no_integer_label,"cc. все зарезервированные права,copyright ? 2000 dow jones & company "
365213,no_integer_label,"""Я не знаю, что делать."",dynegy - enron merger could mean name change for enron field"
365214,no_integer_label,"""Я не знаю, что делать."",by kristen hays"
365215,no_integer_label,"""Я не знаю, что делать."",associated press writer"
365216,no_integer_label,"""Я не знаю, что делать."",11 / 09 / 2001"
365217,no_integer_label,"""Я не знаю, что делать."",associated press newswires"
365218,no_integer_label,"""Я не знаю, что делать."",copyright 2001 . the associated press . all rights reserved ."
365219,no_integer_label,"""Я не знаю, что делать."",""houston ( ap ) - the houston astros ' stadium won ' t be nicknamed """""""" home run field """""""" much longer ."""
365220,no_integer_label,"Владелец астрос Дрейтон МакЛейн сказал.,the new company will keep dynegy ' s name and lose enron ' s - and houston ' s $ 251 million ballpark could see the same change "
365221,no_integer_label,"""Я не знаю, что делать."",mclane said the team ' s 30 - year naming rights agreement with enron allows another company to give the ballpark a new name in case of a merger . the astros have the right to approve or reject a change ."
365222,no_integer_label,"""Я не знаю, что делать."",watson said the ballpark name wasn ' t an issue as the companies hammered out the merger agreement this week ."
365223,no_integer_label,"""Я не знаю, что делать."",enron field wouldn ' t be the first venue to change names because of a merger or other corporate decision by the naming - rights owner ."
365224,no_integer_label,"""и пригрозил продать часть команды и переехать в Вирджинию, если в Хьюстоне не будет построен новый шар-парк."",by 1996 mclane had determined it was time to move from the once - futuristic though aging astrodome "
365225,no_integer_label,"- расходы на строительство панеля сиденья .,that year lay put together a consortium that provided a $ 34 . 7 million no - interest loan to buy the land in downtown houston and subsidize the 42 "
365226,no_integer_label,"""Я не знаю, что делать."",enron also manages the ballpark ' s mechanical and electrical equipment and energy services which officials said would earn up to $ 200 million over 30 years . mclane said dynegy likely would continue that deal ."
365227,no_integer_label,"cc. все зарезервированные права,copyright ? 2000 dow jones & company "
365228,no_integer_label,"""Я не знаю, что делать."",dynegy buy of enron valued at $ 23 b - $ 24 b with debt"
365229,no_integer_label,"""Я не знаю, что делать."",by michael rieke and erwin seba"
365230,no_integer_label,"""Я не знаю, что делать."",of dow jones newswires"
365231,no_integer_label,"""Я не знаю, что делать."",11 / 09 / 2001"
365232,no_integer_label,"""Я не знаю, что делать."",dow jones news service"
365233,no_integer_label,"cc. все зарезервированные права,copyright ? 2000 dow jones & company "
365234,no_integer_label,"""Я не знаю, что делать."",chronology of enron corp . ' s history"
365235,no_integer_label,"""Я не знаю, что делать."",11 / 09 / 2001"
365236,no_integer_label,"""Я не знаю, что делать."",associated press newswires"
365237,no_integer_label,"""Я не знаю, что делать."",copyright 2001 . the associated press . all rights reserved ."
365238,no_integer_label,"""Я не знаю, что делать."",houston ( ap ) - a look at the history of enron corp . :"
365239,no_integer_label,"Компания становится крупнейшим торговцем природным газом в Северной Америке и едином королевстве.,1989 - enron begins trading natural gas commodities . over the years "
365240,no_integer_label,"""Я не знаю, что делать."",june 1994 - enron north america trades its first electron . enron goes on to become the largest marketer of electricity in the u . s ."
365241,no_integer_label,":: ведущий разработчик ветроэнергетики. Приобретение приводит к образованию энергетики энрона.,january 1997 - enron unveils a new logo and its first global advertising campaign . the company also acquires zond corp . "
365242,no_integer_label,"Астро также подписывают 30 - летний контракт на энергетику.,april 1999 - enron agrees to pay $ 100 million over 30 years for the naming rights to houston ' s new ballpark "
365243,no_integer_label,"""Я не знаю, что делать."",june 1999 - enron energy services transacts its first billion - dollar deal with suiza foods ."
365244,no_integer_label,"- первый глобальный веб-сайт по торговле сырьевыми товарами.,november 1999 - enron launches enrononline "
365245,no_integer_label,"Эндрон был назван « самой новаторской компанией в Америке » пятый год подряд и занимает 24 место среди « 100 лучших компаний в Америке ».,january 2000 - in a fortune survey "
365246,no_integer_label,"""Я не знаю, что делать."",march 2000 - the energy financial group ranks enron the 6 th largest energy company in the world ."
365247,no_integer_label,"""Я не знаю, что делать."",august 2001 - enron chief executive officer jeff skilling resigns after running the company for just six months . chairman and former ceo ken lay resumes his position atop enron ."
365248,no_integer_label,"""В 2001 году компания """"Энрон"""" признает наличие ценных бумаг и обменных комиссий для расследования возможного конфликта интересов, связанного с операциями компании с этими партнерствами."",oct . 22 "
365249,no_integer_label,"2001 год - энтронные перемещения .,oct . 24 "
365250,no_integer_label,"2001 год - в целях укрепления доверия инвесторов и клиентов в кредит поступает более 3 млрд. долл. США.,oct . 27 "
365251,no_integer_label,"""2001 год - Энрон объявляет о повышении качества расследования на секунду до уровня официального расследования . Энрон создает специальный комитет, возглавляемый юридическим университетом Тексаса, для реагирования на результаты расследования ."",oct . 31 "
365252,no_integer_label,"В 2001 году компания &lt; &lt; Энрон &gt; &gt; подает документы с пересмотром своей финансовой отчетности за последние пять лет на 586 млн. долл. США.,nov . 8 "
365253,no_integer_label,":: 2001 год -- &lt; &lt; Динеги инк. &gt; &gt; объявляет о заключении соглашения о покупке своего гораздо более крупного конкурента за 7 млрд. долл. США.,nov . 9 "
365254,no_integer_label,"cc. все зарезервированные права,copyright ? 2000 dow jones & company "
365255,no_integer_label,"""Я не знаю, что делать."",the following ratings are impacted by today ' s rating action :"
365256,no_integer_label,"""Я не знаю, что делать."",enron"
365257,no_integer_label,"""Я не знаю, что делать."",- - ` bbb - ' senior unsecured debt ;"
365258,no_integer_label,"""Я не знаю, что делать."",- - ` bb ' subordinated debt ;"
365259,no_integer_label,"""Я не знаю, что делать."",- - ` b + ' preferred stock ;"
365260,no_integer_label,"""Я не знаю, что делать."",- - ` f 3 ' commercial paper ."
365261,no_integer_label,"""Я не знаю, что делать."",northern natural gas co ."
365262,no_integer_label,"""Я не знаю, что делать."",transwestern pipeline co ."
365263,no_integer_label,"""Я не знаю, что делать."",- - ` bbb - ' senior unsecured debt ."
365264,no_integer_label,"""Я не знаю, что делать."",dynegy inc ."
365265,no_integer_label,"""Я не знаю, что делать."",- - ` bbb ' implied senior unsecured debt rating ."
365266,no_integer_label,"""Я не знаю, что делать."",dynegy holdings inc ."
365267,no_integer_label,"""Я не знаю, что делать."",- - outstanding ` bbb + ' senior notes ."
365268,no_integer_label,"""Я не знаю, что делать."",dynegy capital trust i"
365269,no_integer_label,"""Я не знаю, что делать."",- - outstanding ` bbb ' trust preferred securities ."
365270,no_integer_label,"2001 год,18 : 40 est november 9 "
365271,no_integer_label,"""Я не знаю, что делать."",copyright ? 2000 dow jones"
365272,no_integer_label,"""Я не знаю, что делать."",chevrontexaco holds warrants to increase investment"
365273,no_integer_label,"""nov. 9/ prnewswire / - cheveltexaco corp. (низа: cvx) сегодня объявила, что она выделила 2 . 5 миллиардов новых акций в динаги ин. (низе : динай ) в поддержку запланированного слияния динаги с энроном (nyse : ene )."",san francisco "
365274,no_integer_label,"""Я не знаю, что делать."",private securities litigation reform act safe harbor statement"
365275,no_integer_label,"""Я не знаю, что делать."",make your opinion count - click here"
365276,no_integer_label,"""все права защищены""""."",copyright ? 2000 dow jones & company "
380992,no_integer_label,"""Я не знаю, что делать."",dynegy chief executive officer chuck watson said he was"
380993,no_integer_label,"""Я не знаю, что делать."",` ` encouraged ' ' by the developments ."
380994,no_integer_label,"День,enron is negotiating to restructure its other debt "
380995,no_integer_label,"""Я не знаю, что делать."",said today . j . p . morgan and citigroup executives met today to line"
380996,no_integer_label,"""Я не знаю, что делать."",up investors willing to buy $ 2 billion in bonds convertible into"
380997,no_integer_label,"""Я не знаю, что делать."",enron stock ."
380998,no_integer_label,"""Я не знаю, что делать."",many of enron ' s trading partners are shunning the company "
380999,no_integer_label,"скорее,and some analysts now say enron ' s 2002 earnings may hurt "
381000,no_integer_label,"""Я не знаю, что делать."",deteriorating daily"
381001,no_integer_label,"""Я не знаю, что делать."",` ` the value of the assets dynegy is trying to buy - - the"
381002,no_integer_label,"""Я не знаю, что делать."",trading and marketing businesses - - are deteriorating on a daily"
381003,no_integer_label,"""Я не знаю, что делать."",basis as more counterparties back off on trading and dealing with"
381004,no_integer_label,"""Я не знаю, что делать."",wishful thinking"
381005,no_integer_label,"""За исключением того, что динаги «продолжают проявлять должную осмотрительность» Энрон . Представитель энрона отказался комментировать переговоры о сделке ."",a dynegy spokesman says his company can post annual earnings growth of 20 % to 25 % over the next two years even without enron . he declined to comment on the merger negotiations "
381006,no_integer_label,"""Я не знаю, что делать."",be careful what you wish for"
381007,no_integer_label,"""Которые, похоже, недооценили проблемы первого."",but swallowing enron would hardly be good for dynegy "
381008,no_integer_label,"""Возможно, динеги."",and there ' s another potential risk that the market really hasn ' t recognized . enron allegedly was very aggressive in booking upfront profits on forward market deals . an enron spokesman declined to comment on that allegation . those deals had to be done with other trading houses "
381009,no_integer_label,"""Я не знаю, что делать."",""checkmate - - for both sides ."""""""
412028,no_integer_label,"""После выходных, как казалось, инвесторы предпочитают акции."",bond prices fell in an abbreviated "
412029,no_integer_label,"доллар управлялся на четырехмесячных высотах по отношению к иене и фунту.,in currency trading "
412030,no_integer_label,"""Я не знаю, что делать."",copyright ? 2000 dow jones deal"
412031,no_integer_label,"""Я не знаю, что делать."",from reuters and the associated press"
412032,no_integer_label,"""Я не знаю, что делать."",11 / 24 / 2001"
412033,no_integer_label,"""Я не знаю, что делать."",san jose mercury news"
412034,no_integer_label,"""Я не знаю, что делать."",morning final"
412035,no_integer_label,"""Я не знаю, что делать."",2 c"
412036,no_integer_label,"San Jose ртутные новости. Все права защищены.,( c ) copyright 2001 "
412037,no_integer_label,"""Чьи ухудшающиеся беды в пятницу наполнили страх, что сделка может быть пересмотрена или полностью разрушена."",a long weekend of work faced dynegy and proposed acquisition enron "
412038,no_integer_label,"""В то время как обе стороны борются против сокращения запасов энрона, чтобы завершить тщательные финансовые проверки, требуется слияние."",houston - based dynegy and its advisers were expected to spend the weekend reviewing larger cross - town rival enron ' s complex books "
412039,no_integer_label,"Его предложение на энрон стоит около 10 долларов. 85 долларов за долю более чем в два раза больше текущей цены на энрон.,at dynegy ' s current stock price "
412040,no_integer_label,"cc. все зарезервированные права,copyright ? 2000 dow jones & company "
412041,no_integer_label,"""Я не знаю, что делать."",editorial"
412042,no_integer_label,"Опустошенные яйцеклетки,workers "
412043,no_integer_label,"""Я не знаю, что делать."",11 / 24 / 2001"
412044,no_integer_label,"""Я не знаю, что делать."",portland oregonian"
412045,no_integer_label,"""Я не знаю, что делать."",sunrise"
412046,no_integer_label,"""Я не знаю, что делать."",do 7"
412047,no_integer_label,"""Я не знаю, что делать."",( copyright ( c ) the oregonian 2001 )"
412048,no_integer_label,"Трудолюбивые работники эрона разрушены.,meanwhile "
412049,no_integer_label,"""Я не знаю, что делать."",john b . waite milwaukie"
412050,no_integer_label,"белые штучки.,nocera : yeah "
412051,no_integer_label,"""Я не знаю, что делать."",simon : yeah ."
412052,no_integer_label,"Но может ли быть уголовное расследование?,simon : i hate to ask a question like this with just five seconds left "
412053,no_integer_label,"""Я думаю, что будет.. секунда уже кружится вокруг."",nocera : oh "
412054,no_integer_label,"Скотт.,nocera : thank you "
412055,no_integer_label,"cc. все зарезервированные права,copyright ? 2000 dow jones & company "
412056,no_integer_label,"Баррон говорит:,dynegy ' s right to enron pipeline may be disputed "
412057,no_integer_label,"""Я не знаю, что делать."",2001 - 11 - 24 13 : 52 ( new york )"
412058,no_integer_label,"nov. 24 (Brownberg ) - - динаги инк. может иметь тяжёлую форму,houston "
412059,no_integer_label,"""Я не знаю, что делать."",time claiming one of enron corp . ' s pipelines if their merger"
412060,no_integer_label,"поскольку актив был объявлен в качестве,agreement collapses "
412061,no_integer_label,"Баррон сообщил .,collateral for $ 1 billion in bank loans "
412062,no_integer_label,"""Я не знаю, что делать."",dynegy has said its initial investment of $ 1 . 5 billion in"
412063,no_integer_label,"""Я не знаю, что делать."",to acquire northern natural gas co . if the deal falls through ."
412064,no_integer_label,"""Я не знаю, что делать."",northern natural gas pipelines to get $ 1 billion in loans from"
412065,no_integer_label,"""Я не знаю, что делать."",j . p . morgan chase and salomon smith barney inc . dynegy ' s claim to"
412066,no_integer_label,"""Я не знаю, что делать."",the pipeline may be challenged by enron ' s lenders if enron is"
412067,no_integer_label,"Баррон сказал .,forced into bankruptcy "
412068,no_integer_label,"""Я не знаю, что делать."",dynegy may also be concerned about enron affecting its credit"
412069,no_integer_label,"перечислено два,than $ 10 billion and assets worth only $ 2 . 5 billion "
412070,no_integer_label,"""Я не знаю, что делать."",notches above junk status and is on watch for a possible"
412071,no_integer_label,"Еженедельная газета сказала .,downgrade "
412072,no_integer_label,"""Я не знаю, что делать."",barron ' s said renegotiating the purchase in response to a"
412073,no_integer_label,"""Я не знаю, что делать."",recent decline in enron ' s shares might not make sense because the"
412074,no_integer_label,"Сейчас вокруг.,company ' s debt accounts for most of the deal ' s value "
412075,no_integer_label,"""Я не знаю, что делать."",$ 23 billion ."
412076,no_integer_label,"""Я не знаю, что делать."",deal still on as enron shares drop 6 %"
412077,no_integer_label,"""Я не знаю, что делать."",houston chronicle"
412078,no_integer_label,"""Я не знаю, что делать."",by nelson antosh"
412079,no_integer_label,"""Я не знаю, что делать."",staff"
412080,no_integer_label,"""Я не знаю, что делать."",11 / 24 / 01"
412081,no_integer_label,"""Я не знаю, что делать."",the two sides didn ' t offer anything new for worried investors ."
412082,no_integer_label,"""Я не знаю, что делать."",dynegy stuck to its wednesday statement that it is working to accelerate regulatory approvals in order to complete the deal as previously announced ."
412083,no_integer_label,"""Главный исполнительный директор Чак Уотсон сказал, что он был воодушевлен тем, что Энрон закрыл кредитное обеспечение на 450 миллионов долларов и получил продление на 690 миллионов йоу."",on wednesday "
412084,no_integer_label,"""Говорит, источник, близкий к компании."",dynegy remains optimistic that the deal can be done "
412085,no_integer_label,"что может сигнализировать изменения сделки .,enron spokeswoman karen denne said she was unaware of any meetings planned between top executives of the two companies this weekend "
412086,no_integer_label,"с потерей 48% для отпуска - сокращенный период .,this made it the worst performing stock in the standard & poor ' s 500 index for the week "
412087,no_integer_label,"Цена энрона ниже 94%.,it was a bad week for a stock that has come down from a 52 - week high of $ 84 . 87 on dec . 28 last year . for the year to date "
412088,no_integer_label,"Было продано 116 миллионов акций.,more than 40 million shares traded hands friday . on wednesday "
412089,no_integer_label,"""Я не знаю, что делать."",analyst ron barone of ubs warburg said the odds of a reduced exchange ratio in the deal were rising ."
412090,no_integer_label,"что приведет к размыванию неуплаченных в настоящее время акций.,traders also speculated that enron might need to issue more stock to stabilize its finances "
416875,no_integer_label,""", но это не вызвало большого интереса на фондовом рынке ."",the latest u . s . economic data suggested the picture may be brightening somewhat "
416876,no_integer_label,"Опасения в связи с дальнейшей эскалацией конфликта между ираэли и бледно - бледно - жизнями помогли поднять в ближайшем будущем будущее сырую нефть до 65 центов до 20 долларов. 09 баррелей в Нью - Йорке.,in commodities trading "
416877,no_integer_label,""", хотя аналитики сказали, что потери крупных банков по энроновому долгу, скорее всего, будут меньше, чем некоторые инвесторы боятся ."",concern about enron ' s bankruptcy helped send many bank and brokerage stocks lower "
416878,no_integer_label,"и сейчас самый низкий с ноя 14 . 5 - летний урожай t - й год уменьшился до 4% с 4 . 06% .,the 10 - year t - note yield fell to 4 . 69 % from 4 . 75 % friday "
416879,no_integer_label,"""Я не знаю, что делать."",among monday ' s highlights :"
416880,no_integer_label,"""Я не знаю, что делать."",* enron ' s bankruptcy helped pull j . p . morgan chase down $ 1 . 17 to $ 36 . 55 and citigroup down 99 cents to $ 46 . 91 ."
416881,no_integer_label,""", а микромягкие добавляют 56 центов к 64 . 77 ."",* major technology stocks were mixed . chip maker micron technology rose $ 1 . 40 to $ 28 . 56 "
416882,no_integer_label,"""Я не знаю, что делать."",but software giant oracle slipped 33 cents to $ 13 . 70 after merrill lynch lowered its earnings and revenue estimates for the company . the brokerage cited a challenging environment for software spending ."
416883,no_integer_label,"""Я не знаю, что делать."",copyright ? 2000 dow jones financial desk"
416884,no_integer_label,"""Но аналитики говорят, что общее воздействие преувеличено."",banks ' enron losses seen limited bankruptcy : the firm says it owes three major lenders $ 7 . 55 billion "
416885,no_integer_label,"""Я не знаю, что делать."",bloomberg news"
416886,no_integer_label,"""Я не знаю, что делать."",12 / 04 / 2001"
416887,no_integer_label,"""Я не знаю, что делать."",los angeles times"
416888,no_integer_label,"""Я не знаю, что делать."",home edition"
416889,no_integer_label,"""Я не знаю, что делать."",c - 6"
416890,no_integer_label,"""Я не знаю, что делать."",copyright 2001 / the times mirror company"
416891,no_integer_label,". . . . . . . . и банк Нью-Йорка . . . . . . . . . . . . . . . . . . . . . . . . . . . . . . . . . . . . . . . . . . . . . . . . . . . . . . . . . . . . . . . . . . . . . . . . . . . . . . . . . . . . . . . . . . . . . . . . . . . . . . . . . . . . . . . . . . . . . . . . . . . . . . . . . . .,new york - - enron corp . ' s bankruptcy filing says the firm owes citigroup inc . "
416892,no_integer_label,""", поскольку займы были синдицированы среди других кредиторов . Банки обычно продают часть кредитов другим кредиторам, чтобы рассеять риск ."",but analysts say the actual amount owed the big banks may be less than half that "
416893,no_integer_label,"""Но аналитики говорят, что многие из этих ценных бумаг принадлежат клиентам-инвесторам банков ."",the big banks also are listed as holders of enron bonds and other securities "
416894,no_integer_label,"500 млн. долл.,j . p . morgan chase - - which enron says is owed $ 2 . 1 billion - - says its true exposure totals about $ 900 million . of that sum "
416895,no_integer_label,"США в этом году и 3 $16 в следующем году.,that exposure could result in a 15 - cent drop in earnings per share for j . p . morgan chase "
416896,no_integer_label,"Потому что он опережает долги по счетам до банкротства .,citigroup and j . p . morgan chase on monday helped provide $ 1 . 5 billion in debtor - in - possession financing for enron . such new financing is considered low risk once a company is in bankruptcy "
416897,no_integer_label,"""Я не знаю, что делать."",copyright ? 2000 dow jones financial desk"
416898,no_integer_label,"""Я не знаю, что делать."",enron shares trading ; nyse to review status"
416899,no_integer_label,"""Я не знаю, что делать."",tom petruno"
416900,no_integer_label,"""Я не знаю, что делать."",12 / 04 / 2001"
416901,no_integer_label,"""Я не знаю, что делать."",los angeles times"
416902,no_integer_label,"""Я не знаю, что делать."",home edition"
416903,no_integer_label,"""Я не знаю, что делать."",c - 6"
416904,no_integer_label,"""Я не знаю, что делать."",copyright 2001 / the times mirror company"
416905,no_integer_label,""", но большой совет сделал заявление о том, что он рассматривает состояние акций ."",enron corp . shares continued to trade on the new york stock exchange on monday "
416906,no_integer_label,"""Я не знаю, что делать."",the company ' s shares rose 14 cents to close at 40 cents . nearly 168 million shares changed hands ."
416907,no_integer_label,"""Я не знаю, что делать."",enron shares first fell below $ 1 on nov . 28 ."
416908,no_integer_label,"""Я не знаю, что делать."",losing its nyse listing could push enron into the over - the - counter market ."
416909,no_integer_label,"""Я не знаю, что делать."",that ' s where shares of steelmaker ltv inc . now trade . that company filed for bankruptcy protection a year ago ."
416910,no_integer_label,"""Я не знаю, что делать."",copyright ? 2000 dow jones editorial _ pages desk"
416911,no_integer_label,"""Я не знаю, что делать."",enron ' s failure"
416912,no_integer_label,"""Я не знаю, что делать."",12 / 04 / 2001"
416913,no_integer_label,"""Я не знаю, что делать."",los angeles times"
416914,no_integer_label,"""Я не знаю, что делать."",home edition"
416915,no_integer_label,"""Я не знаю, что делать."",b - 12"
416916,no_integer_label,"""Я не знаю, что делать."",copyright 2001 / the times mirror company"
416917,no_integer_label,"""Я не знаю, что делать."",r . w . tolbert"
416918,no_integer_label,"""Я не знаю, что делать."",long beach"
416919,no_integer_label,"""Лучшие умы свободной рыночной экономики и преимущества дерегулирования в республиканской партии будут освобождены от их коммерческой работы, и они смогут пойти в Вашингтон, чтобы помочь направлять политику приватизации социального обеспечения и других крайне неэффективных правительственных программ ."",bankruptcies have their positive side . in the case of the financial collapse of enron "
416920,no_integer_label,"""Я не знаю, что делать."",paul a . myers"
416921,no_integer_label,"""Я не знаю, что делать."",rancho cucamonga"
416922,no_integer_label,"cc. все зарезервированные права,copyright ? 2000 dow jones & company "
416923,no_integer_label,"""Я не знаю, что делать."",houston chronicle"
416924,no_integer_label,"000,enron lays off 4 "
416925,no_integer_label,"""Я не знаю, что делать."",many ex - employees feel betrayed and angry"
416926,no_integer_label,"""Я не знаю, что делать."",by david kaplan and l . m . sixel"
416927,no_integer_label,"""Я не знаю, что делать."",copyright 2001 houston chronicle"
416928,no_integer_label,"США и имели активы только в 49 млрд. долл. США 8 млрд. долл. США.,enron - - once the energy industry ' s crown jewel and the place to work - - filed bankruptcy in new york ' s southern district court on sunday "
416929,no_integer_label,"""Утром в Хьюстоне сотрудники разделились на два лагеря: те, кто остался, и те, кто уехал."",as lawyers for the company began the first steps in seeking chapter 11 protection in a manhattan court "
416930,no_integer_label,"Бывший работник повар Даян сказал позже после обеда.,it was a strange scene "
416931,no_integer_label,"""Я не знаю, что делать."",but their company ' s stock dropped from a high of $ 84 to less than the price of a soda at enron field in a year ' s time ."
416932,no_integer_label,"Захватывающий крах их компании является финансовой и личной трагедией .,for many of the employees "
416933,no_integer_label,"""Я не знаю, что делать."",many feel betrayed and angry ."
416934,no_integer_label,"""Я не знаю, что делать."",one singled out one of their villains ."
416935,no_integer_label,"""Я не знаю, что делать."",employees do have the right to apply for unemployment benefits . they will be paid through friday . medical insurance will be provided through the end of december ."
416936,no_integer_label,"000 уже перечислили свои имена на сайте .,former enron employees are networking . they ' ve created their own web site to help the job search process and stay in touch . about 4 "
416937,no_integer_label,"""Я не знаю, что делать."",many at enron know of colleagues who worked there 30 years and lost $ 1 million or more ."
416938,no_integer_label,"""Я не знаю, что делать."",it was a sweet deal when he could resell at $ 84 a share . but he didn ' t need the money and opted to hold it for retirement when the tax hit wouldn ' t be as big ."
416939,no_integer_label,"""на следующий день после того, как чиновники компании """"Энрон"""" потрясли рынок, заявив, что он берет 1 $. 01 миллиард третьего квартала в качестве платы за свои доходы, чтобы расчистить неприбыльные инвестиции ."",some employees blame enron for a good share of their losses in their retirement plans . the company was changing benefit administrators and froze assets in the plan on oct . 17 "
416940,no_integer_label,"Агрессивная компания когда-либо обрушилась бы на них.,they never imagined that the big "
416941,no_integer_label,"""Я не знаю, что делать."",they weren ' t sophisticated investors and put almost everthing they had into enron stock ."
416942,no_integer_label,"""Я не знаю, что делать."",houston chronicle"
416943,no_integer_label,"""Динеги говорит, что он засудит Энрона."",in tit for tat "
416944,no_integer_label,":: нанесенный ущерб бизнесу,would - be buyer says stock price "
416945,no_integer_label,"""Я не знаю, что делать."",by nelson antosh"
416946,no_integer_label,"""Я не знаю, что делать."",copyright 2001 houston chronicle"
416947,no_integer_label,"""Я не знаю, что делать."",the announcement follows sunday ' s $ 10 billion lawsuit by enron against dynegy for canceling the merger that theoretically would have saved it from bankruptcy ."
416948,no_integer_label,"""Но динективные чиновники жалуются, что Энрон не хочет сдавать ключи от трубопровода или возвращать деньги."",dynegy received an option to buy the pipeline when it invested $ 1 . 5 billion in enron "
416949,no_integer_label,"""Я не знаю, что делать."",dynegy ' s stock has slipped every day since it broke off the merger last wednesday . on monday it lost $ 3 . 18 to close at $ 27 . 17 . it has fallen 34 percent since last tuesday ."
416950,no_integer_label,"""Хотя они и сказали, что костюм Хьюстона над трубопроводом был ускорен для относительно быстрого разрешения."",he was unable to unable to tell the analysts how long it would take for the situation to be resolved "
416951,no_integer_label,"Он сказал.,the ongoing debate isn ' t good for the city or the industry "
416952,no_integer_label,"""Я не знаю, что делать."",likewise analyst curt launer of credit suisse first boston said it was impossible to predict how long the dueling lawsuits would continue . but he noted that the bankruptcy of columbia gas in 1991 took nearly five years to resolve ."
416953,no_integer_label,"Динеги пытается ограничить ущерб и восстановить доверие среди инвесторов .,meanwhile "
416954,no_integer_label,"""но у него не было подробностей. Олсон считает это """"хорошим делом""""."",the company said it will begin marketing chevron / texaco ' s natural gas starting jan . 1 "
416955,no_integer_label,"""Я не знаю, что делать."",dynegy officials late sunday talked to all three credit rating agencies to provide the latest information and try to convince them not to lower the company ' s ratings ."
416956,no_integer_label,"""Уотсон сказал, что отрицательное кредитное наблюдение со стороны агентств - что означает, что они проводят обзор компании с возможностью снижения класса - как ожидается, продолжится."",nonetheless "
416957,no_integer_label,"Он сказал.,the credit rating firms had anticipated a lawsuit by enron and were not surprised by it "
416958,no_integer_label,"""Я не знаю, что делать."",houston chronicle"
416959,no_integer_label,"""Я не знаю, что делать."",pain of bankruptcy to hurt many others"
416960,no_integer_label,"""Я не знаю, что делать."",` we ' re just all shocked '"
416961,no_integer_label,"""Я не знаю, что делать."",by ralph bivins"
416962,no_integer_label,"""Я не знаю, что делать."",copyright 2001 houston chronicle"
416963,no_integer_label,"""Я не знаю, что делать."",but plenty of small houston companies - - firms that can ' t absorb major write - downs without really feeling it - - are getting pinched by enron ' s bankruptcy also ."
416964,no_integer_label,"""Но банкротство может вызвать резкие последствия, которые повредят другим торговцам ."",he said baker ' s has other significant clients and there are no plans for layoffs "
416965,no_integer_label,"Сказал профессор экономики Стивен Крейг из Хьюстонского университета.,most small businesses do not depend on a single client for a majority of revenue . but there will be many companies that will see thinner earnings as enron operates at a leaner level in the future "
416966,no_integer_label,"Видман сказал.,aztec has about 100 hourly workers cleaning the enron buildings . but enron is current with its payments to aztec and company officials hope to continue working with enron "
416967,no_integer_label,"Представительница хостонского разработчика сказала .,the hines real estate development firm is continuing with work on the construction of the enron center south building in downtown and should be completed next year "
416968,no_integer_label,"""Я не знаю, что делать."",houston chronicle"
416969,no_integer_label,"""Я не знаю, что делать."",woes leave enron field ' s name in question"
416970,no_integer_label,"""Я не знаю, что делать."",astros could do without naming rights distraction"
416971,no_integer_label,"""Я не знаю, что делать."",by greg hassell"
416972,no_integer_label,"""Я не знаю, что делать."",copyright 2001 houston chronicle"
416973,no_integer_label,"В 1999 году руководители энрона оттолкнули свое решение понизить 100 миллионов долларов за права на присвоение титулов для бейсбольного парка Хьюстона.,as recently as two months ago "
416974,no_integer_label,"Эндрон рухнул и борется за свое выживание.,but the past 60 days have been a nightmare for the high - tech energy company . with alarming speed "
416975,no_integer_label,"""Одной из многих неопределенностей, окружающих Энрона, является личность его блестящего имени, застрявшего на восточном краю города."",with its future in peril "
416976,no_integer_label,"""Будут ли огромные голубые буквы, описывающие энронное поле, по-прежнему висят на центральной доске?"",when baseball fans file into the stadium for the astros ' season opener april 2 "
416977,no_integer_label,"""Итак, на стадионе есть временный купол в центре Америки."",the rams haven ' t found another company willing to pony up millions "
416978,no_integer_label,"""Я не знаю, что делать."",just how difficult finding a sponsor can be during this recession is underscored by the experience of the texas rangers ."
416979,no_integer_label,"""Астроам будет трудно быстро найти нового корпоративного партнера, чтобы заполнить пустоту."",so if enron backs away from the stadium that was to bear its name for the next 28 years "
416980,no_integer_label,"""Экономика бейсбола может быть жутким предложением для компаний, которые хотят использовать национальную забаву, чтобы купить немного доброй воли ."",in addition to the weak economy and the glut of stadiums chasing after deep - pocketed sponsors "
416981,no_integer_label,"""Я не знаю, что делать."",""gruen takes a less alarmist view of baseball ' s future but agrees that prospective sponsors """""""" will probably want to wait until this labor situation is resolved . """""""""""
416982,no_integer_label,"""Я не знаю, что делать."",which is not all bad . gruen thinks the very worst thing the astros could do is jump into a deal with another company that faces an uncertain future ."
416983,no_integer_label,"""Я не знаю, что делать."",houston chronicle"
416984,no_integer_label,"""Я не знаю, что делать."",enron employees : tell us your stories"
416985,no_integer_label,"""Я не знаю, что делать."",copyright 2001 houston chronicle"
416986,no_integer_label,"Мы хотим услышать твою историю.,if you are - - or were - - employed at enron corp . "
416987,no_integer_label,"""Мы будем публиковать в Интернете лучшее из того, что получим."",the rise and fall of the energy trading company is a remarkable tale "
416988,no_integer_label,"рабочий адрес электронной почты и номер дневного телефона.,send your tales of life at enron via e - mail to enron @ chron . com . please include your name "
416989,no_integer_label,"""Я не знаю, что делать."",we reserve the right to edit all submissions ."
416990,no_integer_label,"2001 год,dec . 4 "
416991,no_integer_label,"""Я не знаю, что делать."",houston chronicle"
416992,no_integer_label,"Но наступает жесткая битва,lenders lining up "
416993,no_integer_label,"""Я не знаю, что делать."",by laura goldberg and david ivanovich"
416994,no_integer_label,"""Я не знаю, что делать."",copyright 2001 houston chronicle"
416995,no_integer_label,"""Но компания сталкивается с трудной борьбой в предстоящие месяцы, когда она пытается восстановить себя."",new york - - enron corp . took steps monday to ensure funding for its day - to - day operations "
416996,no_integer_label,""", давая другим компаниям уверенность в том, что они все еще могут вести дела с Энроном и рассчитывать на оплату."",the goal is to ensure that enron ' s core energy trading business survives as a viable entity "
416997,no_integer_label,"Биенсток сказал . но просто наличие средств облегчает его финансовый стресс .,enron may never need to dip into that extra $ 1 . 5 billion in cash "
416998,no_integer_label,"""Я не знаю, что делать."",lenders who make such financing in a bankruptcy proceeding typically get high priority for repayment and their loans come with high interest rates and high underwriting fees ."
416999,no_integer_label,"""Я не знаю, что делать."",enron also is negotiating with three financial institutions in the hopes of revitalizing its wholesale trading business under a new ownership structure . bienenstock expects those talks to be completed within weeks ."
417000,no_integer_label,"500 человек в виде выходного пособия уволенным работникам.,gonzalez also signed off on a provision to let enron pay up to $ 4 "
417001,no_integer_label,"""США для покрытия путевых и других расходов, которые были понесены, но не возмещены до того, как компания &quot; Энрон &quot; обратилась за защитой к своим кредиторам в соответствии с главой 11 Кодекса о банкротстве."",a small number of employees may be eligible for up to $ 15 "
417002,no_integer_label,"""Я не знаю, что делать."",enron also will be allowed to keep making payments on its $ 219 million office tower that ' s still under construction in downtown houston . enron has already paid $ 180 million toward the construction costs and any buyer of the property would need to complete the work to realize any value from the project ."
417003,no_integer_label,"""Компания &quot; Энрон &quot; и ее кредиторы изучат различные части компании и примут решение о том, будут ли они более ценными, если они будут проданы или сохранены в качестве текущих операций."",as the bankruptcy progresses "
417004,no_integer_label,""", который будет вести переговоры с компанией от имени тех, кому еще причитаются деньги . Должностные лица энрона вернутся в суд по делам о банкротстве на еще одно слушание . 14 ."",enron ' s major creditors will meet on dec . 12 to form a creditors committee "
417005,no_integer_label,"В понедельник в зале суда Гонзалеса было собрано более 125 адвокатов и репортеров.,enron ' s chapter 11 filing is the largest bankruptcy case in u . s . corporate history . not surprisingly "
417006,no_integer_label,"""Я не знаю, что делать."",enron and 13 of its affiliates filed for bankruptcy protection from its creditors after a planned merger with dynegy fell apart and cuts in enron ' s credit rating triggered serious problems for the company ."
417007,no_integer_label,""", хотя он имеет другие долговые обязательства, не указанные в файлах ."",enron listed assets of $ 49 . 8 billion and liabilities of $ 31 . 2 billion "
417008,no_integer_label,"Шансы на это не пойдут.,monday ' s hearing was just the first step in a process that could take a year or more . despite enron ' s statements that it plans to emerge from bankruptcy protection with a rebuilt business of some type "
417009,no_integer_label,"Он сказал.,those that fail - - even those that go in intending to reorganize - - typically end up liquidating all their assets either in the chapter 11 proceeding or converting to a chapter 7 liquidation case "
417010,no_integer_label,"""Я не знаю, что делать."",that includes an opinion on whatever reorganization plan enron files with the court ."
417011,no_integer_label,"""Решать, что ему нужно, чтобы управлять бизнесом, а что нет."",enron is expected to immediately start sorting through its leases and contracts "
417012,no_integer_label,""", что позволит производить платежи за будущие товары и услуги. Компании, имеющие контракты энрона, будут считаться кредиторами."",for those the judge agrees to let enron keep "
417013,no_integer_label,"Даже если будет создано новое торговое совместное предприятие .,several stock analysts expressed doubt that enron will come out of chapter 11 or be able to make its trading operation work again "
417014,no_integer_label,"""Я не знаю, что делать."",""andre meade of commerzbank securities in new york said buyers and sellers of energy """""""" are not going to come back to this new entity in droves . """""""""""
417015,no_integer_label,"""Я не знаю, что делать."",he expects shareholders - - generally at the bottom of the creditor pool in a bankruptcy filing - - will most likely get nothing out of the bankruptcy filing ."
417016,no_integer_label,"""Я не знаю, что делать."",the efforts of shareholders and employees who sued enron will be delayed or halted ."
417017,no_integer_label,"""Я не знаю, что делать."",such lawsuits are stayed and attorneys will have to seek permission of the bankruptcy court to move ahead ."
417018,no_integer_label,"2001 год,dec . 4 "
417019,no_integer_label,"""Я не знаю, что делать."",houston chronicle"
417020,no_integer_label,"""Я не знаю, что делать."",q & a on the enron bankruptcy"
417021,no_integer_label,"""Я не знаю, что делать."",why did enron file for bankruptcy ?"
417022,no_integer_label,"""Я не знаю, что делать."",enron ' s increasing problems - - particularly the reduction in its bond rating to junk bond status - - triggered billions in claims that it could not afford to pay . filing for bankruptcy protection allows it to avoid paying creditors while it works out a plan to reorganize the company ."
417023,no_integer_label,"""Я не знаю, что делать."",how will the company fund its day - to - day business going forward ?"
417024,no_integer_label,"""Я не знаю, что делать."",the two top priorities now are finding a source of financing for its day - to - day operations and getting permission from the bankruptcy court to pay essential expenses - - such as their payroll and the cost of benefits like health insurance ."
417025,no_integer_label,"""Я не знаю, что делать."",at this point why would anyone lend them another penny ?"
417026,no_integer_label,"""Я не знаю, что делать."",who will get paid back ?"
417027,no_integer_label,"""все это подлежит обсуждению комитетами, представляющими стороны в иске."",bankruptcy law sets the priorities in a bankruptcy . first in line are those with debts secured by the company ' s property . at the bottom are common shareholders . in the middle are unsecured creditors . however "
417028,no_integer_label,"Почему акции поднялись?,if common shareholders are the last to get paid "
417029,no_integer_label,"""Я не знаю, что делать."",will enron be able to come back ?"
417030,no_integer_label,"""Я не знаю, что делать."",that depends on whether management can pare this once huge company down to a profitable core . officials within enron have warned the surviving company may be far different than what you see today . often many operations are sold to raise cash to preserve a few key parts ."
417031,no_integer_label,"""Я не знаю, что делать."",houston chronicle"
417032,no_integer_label,"""Я не знаю, что делать."",enron ' s recent troubles"
417033,no_integer_label,"""Я не знаю, что делать."",aug . 14"
417034,no_integer_label,"""Я не знаю, что делать."",oct . 16"
417035,no_integer_label,"""Отчасти это было связано с потерями, понесенными партнерами, возглавляемыми главным финансовым сотрудником и плавкой."",enron reports a $ 638 million third - quarter loss and discloses a $ 1 . 2 billion reduction in shareholder equity "
417036,no_integer_label,"""Я не знаю, что делать."",oct . 22"
417037,no_integer_label,"""Я не знаю, что делать."",enron acknowledges securities and exchange commission inquiry into a possible conflict of interest related to the company ' s dealings with those partnerships ."
417038,no_integer_label,"""Я не знаю, что делать."",oct . 24"
417039,no_integer_label,"""Я не знаю, что делать."",andrew fastow is replaced as chief financial officer by jeff mcmahon ."
417040,no_integer_label,"""Я не знаю, что делать."",oct . 25"
417041,no_integer_label,""", надеясь обеспечить ликвидность и восстановить доверие инвесторов."",enron draws on $ 1 billion credit line "
417042,no_integer_label,"""Я не знаю, что делать."",oct . 31"
417043,no_integer_label,""", позволив ему вызвать в суд улики."",? the securities and exchange commission announces it has begun a formal investigation "
417044,no_integer_label,"""Я не знаю, что делать."",nov . 6"
417045,no_integer_label,"""Я не знаю, что делать."",enron ' s stock price drops below $ 10 a share after reports the financially troubled energy trader was seeking additional financing to shore up confidence ."
417046,no_integer_label,"""Я не знаю, что делать."",nov . 8"
417047,no_integer_label,"в том числе некоторые из них находятся на стадии расследования Комиссией по ценным бумагам и биржам.,enron revises its financial statements for the past five years to account for $ 586 million in losses . the losses are related to a number of complex partnerships "
417048,no_integer_label,"""Я не знаю, что делать."",nov . 9"
417049,no_integer_label,"""Я не знаю, что делать."",dynegy announces an agreement to buy its much - larger crosstown rival for more than $ 8 billion in stock . it promises investments in the near term to stabilize enron ."
417050,no_integer_label,"""Я не знаю, что делать."",nov . 14"
417051,no_integer_label,"""Лос-Анджелес говорит, что он не примет выходного пособия в размере 61 млн. долл."",? after criticism by employees "
417052,no_integer_label,":: использование поступлений для погашения задолженности,? enron says it planned sell business units valued around $ 8 billion over the next year "
417053,no_integer_label,"""Я не знаю, что делать."",nov . 20"
417054,no_integer_label,"""Я не знаю, что делать."",? shares drop 23 percent to $ 6 . 99 after news the company had to restate its third - quarter earnings and would need to pay off or renegotiate a $ 690 million debt after stock was downgraded on nov . 12 . officials from both enron and dynegy say the merger is not in trouble ."
417055,no_integer_label,"""Я не знаю, что делать."",nov . 21"
417056,no_integer_label,"""Я не знаю, что делать."",enron reaches critical agreement to extend the $ 690 million debt obligation ."
417057,no_integer_label,"""Я не знаю, что делать."",nov . 28"
417058,no_integer_label,"""Я не знаю, что делать."",? enron ' s shares plunge to below $ 1 amid the heaviest single - day trading volume ever for a new york stock exchange or nasdaq - listed stock ."
417059,no_integer_label,"""Я не знаю, что делать."",nov . 29"
417060,no_integer_label,"""Я не знаю, что делать."",? a congressional panel launches an investigation into enron ' s business practices ."
417061,no_integer_label,"""Я не знаю, что делать."",dec . 2"
417062,no_integer_label,"""Я не знаю, что делать."",dec . 3"
417063,no_integer_label,"""Я не знаю, что делать."",? dynegy countersues enron over the right to acquire the pipeline ."
417064,no_integer_label,"связанным с этим вопросам пресса,source : houston chronicle files "
417065,no_integer_label,"""Я не знаю, что делать."",houston chronicle"
417066,no_integer_label,"""Я не знаю, что делать."",enron briefs"
417067,no_integer_label,"""Я не знаю, что делать."",copyright 2001 houston chronicle news services"
417068,no_integer_label,"""Я не знаю, что делать."",real amount of bank debt in doubt as risk dispersed"
417069,no_integer_label,"""Я не знаю, что делать."",california customers told they may be out in cold"
417070,no_integer_label,"""Я не знаю, что делать."",enron corp . warned california electricity customers monday that it might be unable to serve them all because of the financial problems that led the houston energy giant to file for bankruptcy ."
417071,no_integer_label,"""Я не знаю, что делать."",wessex water announces it ' s still financially sound"
417072,no_integer_label,"""Я не знаю, что делать."",houston chronicle"
417073,no_integer_label,"""Я не знаю, что делать."",enron tries to resurrect trading"
417074,no_integer_label,"""Я не знаю, что делать."",but former clients staying away"
417075,no_integer_label,"""Я не знаю, что делать."",by michael davis"
417076,no_integer_label,"""Я не знаю, что делать."",copyright 2001 houston chronicle"
417077,no_integer_label,"""Но бывшие клиенты оставались в стороне, когда она начала длительную борьбу за возрождение своего калечного торгового бизнеса ."",enron tried to maintain a veneer of normal trading operations monday "
417078,no_integer_label,"Хьюстонская компания доминировала в оптовой продаже энергии и торговом бизнесе .,before its abrupt slide into bankruptcy "
417079,no_integer_label,"Это приносит около 80 процентов прибыли компании.,in better days this was its main business "
417080,no_integer_label,"""и даже энронские чиновники признали в понедельник, что это будет борьба за возвращение своего бизнеса."",but many of enron ' s traders are circulating r ? sum ? s "
417081,no_integer_label,"""Представитель компании """"Энрон"""" Марк Палмер сказал ."",the trading floor was open mostly to enable traders to close out any positions "
417082,no_integer_label,"""Я не знаю, что делать."",traders at other companies contacted monday said they were keeping their distance ."
417083,no_integer_label,"""Я не знаю, что делать."",the company ' s widely anticipated bankruptcy filing was made sunday . the trading operation is not included in those filings because the company hopes to revive it by moving into an independent new company ."
417084,no_integer_label,""", говоря, что это было в дискуссиях о привлечении инвесторов для рекапитализации их торгового бизнеса ."",enron has posted a message on its internet site to its trading customers "
417085,no_integer_label,"""Я не знаю, что делать."",the scale of such an operation is limited by the capital the company needs to keep on hand to cover possible losses in this volatile business ."
417086,no_integer_label,"""Я не знаю, что делать."",the new trading business would be staffed by enron ' s current trading team ."
417087,no_integer_label,"""Я не знаю, что делать."",companies that once depended on enron traders say it has already lost a key asset ."
417088,no_integer_label,"""Я не знаю, что делать."",the challenge enron faces is winning back customers that have gone elsewhere ."
417089,no_integer_label,"""герцогиня, энергия и тксу."",companies that said they are no longer doing business with enron and have no plans to do so anytime soon include conoco "
417090,no_integer_label,"""Я не знаю, что делать."",most companies shifted to cash - only trading with enron last week before halting business with enron altogether ."
417091,no_integer_label,"Он подал крупнейшее дело о банкротстве за всю историю.,enron was once the biggest energy trader in the world . on sunday "
417092,no_integer_label,"обвинить своего соперника в отзыве предложения о поглощении с целью изъятия конкурента .,it also sued dynegy for $ 10 billion "
417093,no_integer_label,"""Клиенты, которые когда-то у него были, возможно, уже давно исчезли к тому времени, когда все снова станет нормальным."",but even if the company is able to salvage its trading operations "
417094,no_integer_label,"представитель компании Мел Скотт сказал .,el paso energy corp . also has been flooded with r ? sum ? s "
417095,no_integer_label,"""И нет сомнений в том, что некоторые бывшие сотрудники Эрона будут на месте."",el paso is holding its annual job fair this month "
417096,no_integer_label,"Прочие активы,repeat : edf in talks over enron direct "
417097,no_integer_label,"""Я не знаю, что делать."",by sarah wachter and sarah spikes"
417098,no_integer_label,"""Я не знаю, что делать."",12 / 04 / 2001"
417099,no_integer_label,"""Я не знаю, что делать."",dow jones energy service"
417100,no_integer_label,"331 - 4017 - 1740 ; Сара . wachter @ dowjones . com,( copyright ( c ) 2001 "
417101,no_integer_label,"cc. все зарезервированные права,copyright ? 2000 dow jones & company "
417102,no_integer_label,"""Я не знаю, что делать."",enron ' s brazil unit not part of us chapter 11 filing"
417103,no_integer_label,"""Я не знаю, что делать."",12 / 04 / 2001"
417104,no_integer_label,"""Я не знаю, что делать."",dow jones international news"
417105,no_integer_label,"Доу Джонс 55 - 11 3145 - 1481 Адриана . arai @ dowjones . com,( copyright ( c ) 2001 "
417106,no_integer_label,"cc. все зарезервированные права,copyright ? 2000 dow jones & company "
417107,no_integer_label,"""Я не знаю, что делать."",attorney says tender offer for enron is ' off the wall '"
417108,no_integer_label,"""Я не знаю, что делать."",by lynn cowan and todd goren"
417109,no_integer_label,"""Я не знаю, что делать."",of dow jones newswires"
417110,no_integer_label,"""Я не знаю, что делать."",12 / 04 / 2001"
417111,no_integer_label,"""Я не знаю, что делать."",dow jones news service"
417112,no_integer_label,"""Я не знаю, что делать."",""washington - ( dow jones ) - a private illinois company that wants to take over enron corp . ( ene ) is """""""" off the wall """""""" said a chicago bankruptcy attorney monday ."""
417113,no_integer_label,"""Я не знаю, что делать."",munitz and other reorganization specialists said they had never seen a case where someone made a tender offer to shareholders of a company that has already filed for chapter 11 bankruptcy . but that ' s what standard power standard power & light said it anticipates the tender offering price will be under $ 1 a share . enron said only that it had not received the tender offer ."
417114,no_integer_label,"""Он сказал, стандартная мощность 202 - 628 - 9783"",he recently rejoined standard power & light . aside from enron "
417115,no_integer_label,"""Я не знаю, что делать."",lynn . cowan @ dowjones . com"
417116,no_integer_label,"""Я не знаю, что делать."",( todd goren also contributed to this report . )"
417117,no_integer_label,"cc. все зарезервированные права,copyright ? 2000 dow jones & company "
417118,no_integer_label,"""Я не знаю, что делать."",usa : before the bell - futures rise - enron soars 41 percent ."
417119,no_integer_label,"""Я не знаю, что делать."",12 / 04 / 2001"
417120,no_integer_label,"""Я не знаю, что делать."",reuters english news service"
417121,no_integer_label,"""Я не знаю, что делать."",( c ) reuters limited 2001 ."
417122,no_integer_label,"""Dec.4 (Reuters ) - Фьючерсный индекс акций вырос во вторник, когда доля компании &quot; Энрон корп &quot; возросла на 41% в предоткрытой торговле после того, как ошеломленный торговец энергоресурсами подтвердил, что он получил 1 . 5 млрд. долл. в финансировании должника, находящегося во владении."",new york "
417123,no_integer_label,"""Я не знаю, что делать."",mcleodusa inc . fell to 42 cents ahead of the open from 52 cents at the close on monday . the local telephone and data services provider announced a restructuring plan to reduce its debt but warned that it may seek chapter 11 bankruptcy protection ."
417124,no_integer_label,"cc. все зарезервированные права,copyright ? 2000 dow jones & company "
417125,no_integer_label,"Кризисные фонды дают надежду.,india : wrapup 1 - enron assets in play "
417126,no_integer_label,"""Я не знаю, что делать."",by stuart penson"
417127,no_integer_label,"""Я не знаю, что делать."",12 / 04 / 2001"
417128,no_integer_label,"""Я не знаю, что делать."",reuters english news service"
417129,no_integer_label,"""Я не знаю, что делать."",( c ) reuters limited 2001 ."
417130,no_integer_label,""":: обеспечение средств на кризисные ситуации, но потеря основных активов кредиторам и охотникам на сделки ."",amsterdam dec 4 ( reuters ) - fallen energy giant enron hovered between rescue and ruin on tuesday "
417131,no_integer_label,"""Я не знаю, что делать."",in frankfurt its german listing climbed 36 percent to 0 . 64 euros ."
417132,no_integer_label,"""Я не знаю, что делать."",experts said its future remained in the balance ."
417133,no_integer_label,"""Энрон запугал как инвесторов, так и торговых партнеров, когда выяснилось, что неортодоксальные методы бухгалтерского учета удерживали куски задолженности от баланса."",last year a company with $ 1 billion of profits "
417134,no_integer_label,"""Я не знаю, что делать."",the crisis in confidence caused its global empire to collapse amid $ 17 billion of debts last week ."
417135,no_integer_label,"""Группа, базирующаяся в тексасе, подала заявку на главу 11 в объединенных штатах на выходных после получения аналогичной защиты кредиторов в других странах мира, где ее торговые щупальца достигли ."",the houston "
417136,no_integer_label,"""Я не знаю, что делать."",fallout from the crisis and concerns about enron exposure hit the share prices of some of the world ' s top banks last week ."
417137,no_integer_label,"""Инвентарные активы, имеющие любую стоимость и не находящиеся в процессе продажи, в настоящее время находятся в поле зрения конкурентов ."",though the funds offer hope "
417138,no_integer_label,"""Я не знаю, что делать."",most importantly the group faces the loss of its northern natural gas pipeline division to rival dynegy ."
417139,no_integer_label,""", но потребовал контроля за трубопроводом, потому что чрезвычайный кредит, предоставленный им калекой группе, был гарантирован против этого предприятия ."",dynegy pulled out of a $ 10 billion rescue bid for enron last week "
417140,no_integer_label,"""Я не знаю, что делать."",enron and dynegy are already engaged in a legal battle over both dynegy ' s abandonment of the takeover and the pipeline issue ."
417141,no_integer_label,"""Я не знаю, что делать."",buyers circle"
417142,no_integer_label,"""Похоже, что разрыв также продолжается."",outside the united states "
417143,no_integer_label,"""Я не знаю, что делать."",acquisitive state - owned power group electricite de france said it was in talks to buy its european retail arm . industry sources say it is also the object of other trading companies ' attention ."
417144,no_integer_label,"""Источники, знакомые с ситуацией, заявили, что Энрон ведет переговоры, которые могут привести к продаже других торговых предприятий."",in the united states "
417145,no_integer_label,"""Эндрон был занят продажей активов, чтобы укрепить свои финансы . Эти изъятия продолжались на этой неделе ."",even before its troubles engulfed it "
417146,no_integer_label,"""Гигантская королевская оболочка с голландской энергией сказала, что она хочет купить 65 процентов своего дабхолского сжиженного природного газа."",in bombay on tuesday "
417147,no_integer_label,"""Я не знаю, что делать."",emergency funds"
417148,no_integer_label,"j. p. morgan oging и citigroup .,the emergency funds secured on monday are being provided by two of enron ' s major creditors "
417149,no_integer_label,"""Я не знаю, что делать."",enron will have immediate access to $ 250 million which helps it pay salaries and pay for goods and services needed to continue its trading operations ."
417150,no_integer_label,"""Я не знаю, что делать."",an extra $ 250 million would be given to enron as soon as the company provides the lenders with a satisfactory business plan . the $ 1 . 0 billion balance would be on the table once j . p . morgan chase and citigroup can successfully syndicate or redistribute the loan among other lenders ."
417151,no_integer_label,"""Я не знаю, что делать."",new buyer ?"
417152,no_integer_label,"""Я не знаю, что делать."",a new potential suitor also emerged on monday with a view to acquiring the whole enron group ."
417153,no_integer_label,"cc. все зарезервированные права,copyright ? 2000 dow jones & company "
417154,no_integer_label,"сокращение 20 процентов персонала,enron receives financing to operate "
417155,no_integer_label,"""Я не знаю, что делать."",12 / 04 / 2001"
417156,no_integer_label,"""Я не знаю, что делать."",associated press newswires"
417157,no_integer_label,"""Я не знаю, что делать."",copyright 2001 . the associated press . all rights reserved ."
417158,no_integer_label,"""Но $1 . 5 миллиардов, которые они потратили на то, чтобы помочь сломанному энергетическому гиганту, может быть недостаточно для того, чтобы заманить торговцев обратно."",houston ( ap ) - two banks have agreed to be enron corp . ' s short - term rescuers "
417159,no_integer_label,"""Я не знаю, что делать."",enron told a new york bankruptcy judge monday that the company had arranged up to $ 1 . 5 billion in financing to keep operating as it reorganizes under chapter 11 bankruptcy protection ."
417160,no_integer_label,"который будет частично использован для погашения долга по трансзападному трубопроводу Энрона.,enron would get another $ 1 billion from j . p . morgan and citigroup "
417161,no_integer_label,"""Я не знаю, что делать."",- - -"
417162,no_integer_label,"""Я не знаю, что делать."",enron employees try to move on after losing jobs"
417163,no_integer_label,"""Род Джордан подумал, что последние три года, которые он провел с Enron Corp .. будут его последней работой. Он ожидал удобного выхода на пенсию."",houston ( ap ) - at 63 years of age "
417164,no_integer_label,"""Я не знаю, что делать."",jordan was one of many employees on monday who filed out of enron ' s 50 - story mirrored glass tower headquarters in downtown houston with their personal belongings stuffed in cardboard boxes ."
417165,no_integer_label,"""Въезжая в устойчивый и медленный поток автомобилей, которые прибыли в сцену, напоминающую похоронную процессию ."",they waited for rides home outside one of the building ' s entrances on a narrow side street "
417166,no_integer_label,"500 выходных пособий до вынесения решения судом по делам о банкротстве Манхэттена.,an information sheet distributed to laid - off employees said each would receive a $ 4 "
417167,no_integer_label,"""Я не знаю, что делать."",uk : update 1 - pwc says u . s . finance deal will not affect euro units ."
417168,no_integer_label,"""Я не знаю, что делать."",12 / 04 / 2001"
417169,no_integer_label,"""Я не знаю, что делать."",reuters english news service"
417170,no_integer_label,"""Я не знаю, что делать."",( c ) reuters limited 2001 ."
417171,no_integer_label,"""Я не знаю, что делать."",enron europe ' s trading operations were placed into administration on november 29 after funding for day - to - day operations from its u . s . parent were cut ."
417172,no_integer_label,""", хотя ряд других участников также заинтересованы в этом."",french electricity group electricite de france ( edf ) said on tuesday it was in talks with pwc about buying enron direct "
417173,no_integer_label,"""Ирландская индейка также находились вне зоны действия европейского административного приказа, потому что они удерживались Enron Corp в Хьюстоне."",enron ' s interests in power stations in poland "
417174,no_integer_label,"cc. все зарезервированные права,copyright ? 2000 dow jones & company "
417175,no_integer_label,"""Я не знаю, что делать."",enron europe pulp co up for sale - enron ' s administrator"
417176,no_integer_label,"""Я не знаю, что делать."",12 / 04 / 2001"
417177,no_integer_label,"""Я не знаю, что делать."",dow jones international news"
417178,no_integer_label,"Доу Джонс + 44 - 20 - 7842 - 9248 ; Джастин . коричневый @ dowjones . com,( copyright ( c ) 2001 "
417179,no_integer_label,"cc. все зарезервированные права,copyright ? 2000 dow jones & company "
417180,no_integer_label,"сокращение 20 процентов персонала,bankrupt enron corp . receives financing to operate "
417181,no_integer_label,"""Я не знаю, что делать."",by kristen hays"
417182,no_integer_label,"""Я не знаю, что делать."",associated press writer"
417183,no_integer_label,"""Я не знаю, что делать."",12 / 04 / 2001"
417184,no_integer_label,"""Я не знаю, что делать."",associated press newswires"
417185,no_integer_label,"""Я не знаю, что делать."",copyright 2001 . the associated press . all rights reserved ."
417186,no_integer_label,"""Я не знаю, что делать."",enron employees filed out of the company ' s 50 - story mirrored glass tower headquarters in downtown houston on monday with their personal belongings stuffed in cardboard boxes . several employees reported they were given 30 minutes to clear out ."
417187,no_integer_label,"""Я не знаю, что делать."",the disclosure caused its credit rating to collapse and led dynegy inc . to scrap a $ 8 . 4 billion buyout of enron ."
417188,no_integer_label,"""Я не знаю, что делать."",enron told a new york bankruptcy judge monday that the company had arranged up to $ 1 . 5 billion in financing to keep operating as it reorganizes ."
417189,no_integer_label,"""Я не знаю, что делать."",enron would get another $ 1 billion from the lenders to be used in part to pay debt on one of its pipelines ."
417190,no_integer_label,"""Я не знаю, что делать."",but some analysts warned that the financing still may not be enough to entice traders back into its fold ."
417191,no_integer_label,"не может восстановить свой основной торговый бизнес .,fitch said that enron would emerge from chapter 11 a much smaller company - or completely liquidated "
417192,no_integer_label,"США в активах и 31 млрд. долл. США в пассивах . . . . . . . является одним из крупнейших корпоративных банкротств в истории . . . . . .,in the bankruptcy filing "
417193,no_integer_label,"""""""Энрон"""" утверждает, что динаргия не имеет права приобретать трубопровод в обмен на инвестиции в размере 1 5 млрд. долл."",the legal battle between enron and dynegy was shaping up to be a contentious one "
417194,no_integer_label,"""- предъявление иска в отношении нескольких дочерних предприятий, не включенных в дело о банкротстве по трубопроводу ."",dynegy returned the punch "
417195,no_integer_label,"Энергон продавался около 85 долларов.,enron shares were up 14 cents to close 40 cents a share in trading monday on the new york stock exchange . a year ago "
417196,no_integer_label,"""Я не знаю, что делать."",many employees who lost their jobs following the layoffs have also seen their retirement benefits take a hit as the stock plummeted ."
417197,no_integer_label,""", которые инвестировались в акции ."",""jordan said he lost """""""" a good five figures """""""" through the enron stock he had bought and through the company 401 ( k ) plan """
417198,no_integer_label,"500 выходных пособий до вынесения решения судом по делам о банкротстве Нью-Йорка.,an information sheet distributed to laid - off employees said each would receive a $ 4 "
417199,no_integer_label,"""Я не знаю, что делать."",- - -"
417200,no_integer_label,"""Я не знаю, что делать."",on the net :"
417201,no_integer_label,"""Я не знаю, что делать."",http : / / www . enron . com"
417202,no_integer_label,"""Я не знаю, что делать."",http : / / www . dynegy . com"
417203,no_integer_label,"ap графический энрон банкрот,ap photos djpl 04111 "
417204,no_integer_label,"cc. все зарезервированные права,copyright ? 2000 dow jones & company "
417205,no_integer_label,"""Я не знаю, что делать."",enron takes lst steps in bid to negotiate bankruptcy ( update 3 )"
417206,no_integer_label,"""Я не знаю, что делать."",2001 - 12 - 04 08 : 03 ( new york )"
417207,no_integer_label,"""Я не знаю, что делать."",enron takes lst steps in bid to negotiate bankruptcy ( update 3 )"
417208,no_integer_label,"см. {top nrg} .. добавляет инстинет цену,( for more enron news "
417209,no_integer_label,"""Я не знаю, что делать."",in sixth paragraph . )"
417210,no_integer_label,"Dec. 4 (Brownberg) - - Энрон Корп . работает над,new york "
417211,no_integer_label,"выстраивайся а,survive history ' s biggest chapter 11 reorganization "
417212,no_integer_label,"получить разрешение тратить деньги на хранение,$ 1 . 5 billion loan "
417213,no_integer_label,"- 1000 рабочих.,operating and firing 4 "
417214,no_integer_label,"""Я не знаю, что делать."",an enron attorney told u . s . bankruptcy judge arthur gonzalez"
417215,no_integer_label,"""Я не знаю, что делать."",the company is talking with backers to revive its energy - trading"
417216,no_integer_label,"Самая большая,business under new ownership . the operation "
417217,no_integer_label,"""Раскрылась после компании, базирующейся в Октобере."",profitable "
417218,no_integer_label,"""Я не знаю, что делать."",posted a third - quarter loss of $ 1 . 01 billion ."
417219,no_integer_label,"конкуренты,while the loan eliminated an immediate threat "
417220,no_integer_label,"""Я не знаю, что делать."",buying enron assets as the company raises money . trading partners"
417221,no_integer_label,"control Dynegy Inc . пытается захватить,are hard to find "
417222,no_integer_label,"""Я не знаю, что делать."",enron pipeline and federal authorities are investigating what sent"
417223,no_integer_label,"""Я не знаю, что делать."",the biggest energy trader to court protection ."
417224,no_integer_label,"""Я не знаю, что делать."",` ` we do not today have every ` i ' dotted and every ` t '"
417225,no_integer_label,"""Я не знаю, что делать."",enron ' s attorney martin bienenstock said in court yesterday ."
417226,no_integer_label,"""Я не знаю, что делать."",in an indication unsecured creditors don ' t expect to be"
417227,no_integer_label,"""Вакансии, подлежащие продаже в 2003 году"",repaid in full "
417228,no_integer_label,"в соответствии с данными Brownberg .,around 24 cents on the dollar "
417229,no_integer_label,"""Я не знаю, что делать."",shares of enron rose 15 cents to 54 cents on instinet ."
417230,no_integer_label,"""Я не знаю, что делать."",shareholders are last in line to be paid in chapter 11 cases and"
417231,no_integer_label,"""Я не знаю, что делать."",typically get nothing if other creditors aren ' t fully reimbursed ."
417232,no_integer_label,"""Я не знаю, что делать."",business challenges"
417233,no_integer_label,"Цитигруппа,enron is talking with j . p . morgan chase & co . "
417234,no_integer_label,"""Я не знаю, что делать."",inc . ' s salomon smith barney and ubs ag about a possible joint"
417235,no_integer_label,"""Я не знаю, что делать."",venture that would pump money into the energy - trading operations "
417236,no_integer_label,"""ссылаясь на людей, знакомых с"",the wall street journal said "
417237,no_integer_label,"""Я не знаю, что делать."",matter . the venture may lead to one of the banks controlling a new"
417238,no_integer_label,"В газете приводились слова людей.,trading company "
417239,no_integer_label,"""Я не знаю, что делать."",european companies began scrutinizing enron ' s assets . suez is"
417240,no_integer_label,"""Я не знаю, что делать."",spokesman for its energy unit . glencore international ag yesterday"
417241,no_integer_label,"""Я не знаю, что делать."",said it was considering enron ' s metals - trading business ."
417242,no_integer_label,"""Веб-сайт, который когда-то охватывал 2 8 млрд. долл. США"",at enrononline "
417243,no_integer_label,"""Я не знаю, что делать."",doubts that enron will be able to rescue the business . enron"
417244,no_integer_label,"""Я не знаю, что делать."",customers such as mirant corp . and aquila inc . have taken business"
417245,no_integer_label,"""Я не знаю, что делать."",elsewhere ."
417246,no_integer_label,"Я не знаю.,` ` until we ' ve seen the fallout from this bankruptcy "
417247,no_integer_label,"""Я не знаю, что делать."",think you ' re going to find a lot of entities that are prepared to"
417248,no_integer_label,"""Я не знаю, что делать."",owns utilities in five states ."
417249,no_integer_label,"""Я не знаю, что делать."",legal threats"
417250,no_integer_label,"""Я не знаю, что делать."",enron ' s woes come at a time when the u . s . economy is in its"
417251,no_integer_label,"""Я не знаю, что делать."",first recession in about a decade and the world ' s two other top"
417252,no_integer_label,"""Я не знаю, что делать."",a record 224 publicly traded companies had filed for bankruptcy"
417253,no_integer_label,"web-сайт на базе Бостона.,bankruptcydata . com "
417254,no_integer_label,"""Я не знаю, что делать."",bethlehem steel corp . to polaroid corp ."
417255,no_integer_label,"""Я не знаю, что делать."",lawsuits and federal investigations are adding to enron ' s"
417256,no_integer_label,"""Я не знаю, что делать."",difficulties . the u . s . department of justice has started a"
417257,no_integer_label,"дневник на Уолл-стрит,criminal probe of enron ' s dealings "
417258,no_integer_label,""", ссылаясь на неизвестные источники ."",reported monday "
417259,no_integer_label,"""Я не знаю, что делать."",dynegy is suing in a texas court to gain control of enron ' s"
417260,no_integer_label,"""Я не знаю, что делать."",northern natural gas co . pipeline . enron went to court first "
417261,no_integer_label,"""Я не знаю, что делать."",seeking $ 10 billion over its rival ' s withdrawal of a $ 23 billion"
417262,no_integer_label,"""Я не знаю, что делать."",bid to purchase the energy trader ."
417263,no_integer_label,"""Я не знаю, что делать."",enron ' s nosedive - - its shares have lost 99 percent of their"
417264,no_integer_label,"::,value - - has also placed a spotlight on arthur andersen llp "
417265,no_integer_label,"""Я не знаю, что делать."",company ' s auditor . enron said last month it overstated its 1998"
417266,no_integer_label,"""Я не знаю, что делать."",income by $ 113 million . the securities and exchange commission is"
417267,no_integer_label,"""Я не знаю, что делать."",investigating ."
417268,no_integer_label,"""Я не знаю, что делать."",enron workers are suing over losses to their retirement"
417269,no_integer_label,"""Я не знаю, что делать."",accounts ."
417270,no_integer_label,"""Я не знаю, что делать."",bankruptcy"
417271,no_integer_label,"энтрон,with just $ 500 million left to fund operations "
417272,no_integer_label,"""Я не знаю, что делать."",yesterday won gonzalez ' s permission to draw $ 250 million of the"
417273,no_integer_label,"""Я не знаю, что делать."",$ 1 . 5 billion in chapter 11 financing from a bank group led by j . p ."
417274,no_integer_label,"""Я не знаю, что делать."",morgan chase and citigroup inc . ' s citibank . a hearing to approve"
417275,no_integer_label,"""Я не знаю, что делать."",use of the full amount was set for jan . 7 ."
417276,no_integer_label,"""Я не знаю, что делать."",the company will use more than a third of the $ 1 . 5 billion"
417277,no_integer_label,"550 млн. долл. США,credit line to repay an earlier "
417278,no_integer_label,"""Я не знаю, что делать."",j . p . morgan chase and citibank to enron ' s transwestern pipeline"
417279,no_integer_label,"""Я не знаю, что делать."",unit ."
417280,no_integer_label,"""Я не знаю, что делать."",the new loan would be paid out ahead of all previous debts ."
417281,no_integer_label,"""Я не знаю, что делать."",the unit will likely file for bankruptcy once its debts have been"
417282,no_integer_label,"""Я не знаю, что делать."",chase ."
417283,no_integer_label,"""Я не знаю, что делать."",enron also got gonzalez ' s permission to spend as much as $ 40"
417284,no_integer_label,"""Я не знаю, что делать."",million to complete construction of its office tower in houston"
417285,no_integer_label,"""Я не знаю, что делать."",and as much as $ 8 million for internet access and other expenses"
417286,no_integer_label,"""Я не знаю, что делать."",critical to trading energy ."
417287,no_integer_label,"""Я не знаю, что делать."",firing workers"
417288,no_integer_label,"более половины персонала компании.,houston headquarters "
417289,no_integer_label,"""около пятой в США, а остальная часть в других частях"",the u . s . "
417290,no_integer_label,"100 рабочих на прошлой неделе.,the world . it fired 1 "
417291,no_integer_label,"""Я не знаю, что делать."",judge gonzalez approved enron ' s request to pay fired"
417292,no_integer_label,"""Я не знаю, что делать."",enron chairman and chief executive officer kenneth lay said"
417293,no_integer_label,"""Я не знаю, что делать."",he will try to keep workers who are running trading operations "
417294,no_integer_label,"""Я не знаю, что делать."",which used to provide 97 percent of enron ' s revenue ."
417295,no_integer_label,"""Я не знаю, что делать."",enron and at least 13 units declared bankruptcy sunday "
417296,no_integer_label,"""Я не знаю, что делать."",listing total assets of $ 49 . 8 billion and debts of $ 31 . 2 billion ."
417297,no_integer_label,"""Я не знаю, что делать."",the company ' s enron gas liquids inc . unit on monday filed for"
417298,no_integer_label,":: добавление дополнительных активов в дело.,bankruptcy "
417299,no_integer_label,"""Я не знаю, что делать."",gonzalez more company units will file for bankruptcy in the days"
417300,no_integer_label,"""Я не знаю, что делать."",ahead ."
417301,no_integer_label,"""Я не знаю, что делать."",- - jeff st . onge in new york ( 202 ) 624 - 1917 or jstonge @ bloomberg . net"
417302,no_integer_label,"""Я не знаю, что делать."",enron plans to sell asia power assets amid bankruptcy ( updatel )"
417303,no_integer_label,"""Я не знаю, что делать."",2001 - 12 - 04 05 : 33 ( new york )"
417304,no_integer_label,"""Я не знаю, что делать."",enron plans to sell asia power assets amid bankruptcy ( updatel )"
417305,no_integer_label,"""Филиппины """""",( adds details on india in fifth paragraph "
417306,no_integer_label,"""Я не знаю, что делать."",national power corp . ' s comments in 14 th to last . )"
417307,no_integer_label,"""Dec. 4 (Brownberg) - - Enron Corp. - сказал, что банкротство"",singapore "
417308,no_integer_label,"""Я не знаю, что делать."",hasn ' t yet interrupted a two - year - old program to sell fixed assets"
417309,no_integer_label,"""Я не знаю, что делать."",in asia such as power stations and develop its trading business ."
417310,no_integer_label,"""Я не знаю, что делать."",the plan led enron to sell all of its assets in china except"
417311,no_integer_label,"""Я не знаю, что делать."",a 51 percent stake in a power plant in the city of chengdu in the"
417312,no_integer_label,"""Я не знаю, что делать."",country ' s central sichuan province . enron also has one power plant"
417313,no_integer_label,"один в Индии и два в филиппинах.,in guam "
417314,no_integer_label,"""такие, как u. s . - на основе"",attract the attention of some enron creditors "
417315,no_integer_label,"""Я не знаю, что делать."",mirant corp ."
417316,no_integer_label,"""Я не знаю, что делать."",` ` our instructions are that we will continue as if nothing"
417317,no_integer_label,"""Я не знаю, что делать."",has changed and continue negotiations to divest ourselves of these"
417318,no_integer_label,":: равное совместное предприятие в гуаме с японским томеном власти Corp.,co . "
417319,no_integer_label,"""Я не знаю, что делать."",` ` it ' s not affecting the operation of the power generating"
417320,no_integer_label,"""Я не знаю, что делать."",facilities in guam . ' '"
417321,no_integer_label,"""Я не знаю, что делать."",enron sought court protection sunday from lenders that are"
417322,no_integer_label,"""Я не знаю, что делать."",owed $ 31 . 2 billion in the largest - ever bankruptcy filing in the"
417323,no_integer_label,"Эндрон закрыл свой офис в Сеуле и назначил,u . s . in asia "
417324,no_integer_label,"""Я не знаю, что делать."",sale its stake in a venture to distribute natural gas with oil"
417325,no_integer_label,"""Я не знаю, что делать."",refiner sk corp . energy trading operations in australia and"
417326,no_integer_label,"""Я не знаю, что делать."",singapore may fold ."
417327,no_integer_label,"Продажа энроном бесфабричной электростанции Dabhol может осуществляться,in india "
417328,no_integer_label,"""Я не знаю, что делать."",delayed because buyers would have to wait for a bankruptcy"
417329,no_integer_label,"один из кредиторов дабхола,manager with state bank of india "
417330,no_integer_label,"""Я не знаю, что делать."",power co ."
417331,no_integer_label,"""Я не знаю, что делать."",the bankruptcy could also slow the sale of assets in guam and"
417332,no_integer_label,"""Я не знаю, что делать."",the philippines ."
417333,no_integer_label,"""Я не знаю, что делать."",mirant"
417334,no_integer_label,"""Я не знаю, что делать."",marianas in guam employs about 50 people to operate an 80 -"
417335,no_integer_label,"дизельная электростанция и продать энергию гуаму,megawatt "
417336,no_integer_label,"Эрон имеет 100% а,power authority . in the philippines "
417337,no_integer_label,"""Я не знаю, что делать."",fired plant in olongapo city ."
417338,no_integer_label,"""Я не знаю, что делать."",atlanta - based mirant corp . may be among the companies looking"
417339,no_integer_label,"""Я не знаю, что делать."",to buy some of enron ' s assets in asia . mirant announced at the end"
417340,no_integer_label,"Нефтяное топливо,of last month that it had bought two 26 . 5 - megawatt "
417341,no_integer_label,"Электрический блок &quot; хавай &quot;,generators in guam from hei power corp . "
417342,no_integer_label,"""Я не знаю, что делать."",industries inc . mirant also has interests in five power plants in"
417343,no_integer_label,"""Я не знаю, что делать."",the philippines ."
417344,no_integer_label,"""Я не знаю, что делать."",the company has said it plans to increase its asian"
417345,no_integer_label,"""Я не знаю, что делать."",by 2005 ."
417346,no_integer_label,"""Я не знаю, что делать."",corporate communications manager in hk for mirant asia - pacific"
417347,no_integer_label,"""Я не знаю, что делать."",ltd . ` ` to the extent that any of these opportunities ( emerge ) "
417348,no_integer_label,"""мы бы пересмотрели нашу стратегию. """""",enron or others "
417349,no_integer_label,"""Я не знаю, что делать."",mirant has said it faces losses of no more than $ 60 million"
417350,no_integer_label,"""Я не знаю, что делать."",from the collapse of enron ."
417351,no_integer_label,"что ' собирается открыться,` ` whenever there ' s a distressed sale "
417352,no_integer_label,"""Я не знаю, что делать."",at nomura international ltd . in hong kong . ` ` people that come to"
417353,no_integer_label,"""Я не знаю, что делать."",mind are china light & power that bought the portfolio of powergen"
417354,no_integer_label,"""Я не знаю, что делать."",in asia . ' '"
417355,no_integer_label,"""Я не знаю, что делать."",spent $ 843 million on powergen ' s asian assets this year ."
417356,no_integer_label,"""Я не знаю, что делать."",philippines"
417357,no_integer_label,"""Я не знаю, что делать."",said it may buy out the supply and plant contracts of the local"
417358,no_integer_label,"если энергетическая компания предлагает им меньше,unit of enron "
417359,no_integer_label,"""Я не знаю, что делать."",than the value of the projects ."
417360,no_integer_label,"""Я не знаю, что делать."",enron power philippines corp . has a contract to operate the"
417361,no_integer_label,"""Я не знаю, что делать."",power plant in batangas until 2003 and in zambales until 2009 ."
417362,no_integer_label,""""""""""" сказал секретарь по энергетике"",` ` we ' re not worried about enron "
417363,no_integer_label,"который также служит заместителем председателя национальной власти.,vincent perez "
417364,no_integer_label,""":: имели место некоторые случаи, когда"",` ` prior to the filing for bankruptcy "
417365,no_integer_label,"""Я не знаю, что делать."",discussions and it ' s a matter of finding an acceptable discount"
417366,no_integer_label,"""Я не знаю, что делать."",rate . ' '"
417367,no_integer_label,"Энтрон имел право,under an agreement with the philippines "
417368,no_integer_label,"""Я не знаю, что делать."",to build and operate the plants and would sell the facilities to"
417369,no_integer_label,"""Я не знаю, что делать."",the government at a specified date . before enron filed for"
417370,no_integer_label,"""компания, базирующаяся в Хьюстоне, предложила продать"",bankruptcy protection "
417371,no_integer_label,"""Я не знаю, что делать."",the contracts to national power at a 12 percent discount rate "
417372,no_integer_label,"""Не говоря уже о том, сколько стоили бы электростанции."",perez said "
417373,no_integer_label,"Перес сказал . . . . . . . . . . . . . . .,contract "
417374,no_integer_label,"""Я не знаю, что делать."",available to comment ."
417375,no_integer_label,"""Я не знаю, что делать."",- - thomas hogue in singapore ( 65 ) 212 1554 or thogue @ bloomberg . net"
417376,no_integer_label,"""Я не знаю, что делать."",arthur andersen ceo calls for accounting review after enron"
417377,no_integer_label,"""Я не знаю, что делать."",2001 - 12 - 04 08 : 17 ( new york )"
417378,no_integer_label,"Dec. 4 (Brownberg) - - Артур Андерсен,new york "
417379,no_integer_label,"""Я не знаю, что делать."",executive joe berardino in a wall street journal opinion - page"
417380,no_integer_label,"""Я не знаю, что делать."",article said that a range of broader accounting and financial -"
417381,no_integer_label,"""Я не знаю, что делать."",reporting issues must be addressed in the wake of its client enron"
417382,no_integer_label,"""Я не знаю, что делать."",corp . ' s collapse ."
417383,no_integer_label,"""Я не знаю, что делать."",accounting rules should be based on the concept of risk and"
417384,no_integer_label,"""требование о том, чтобы компании перечислили больше активов и"",reward "
417385,no_integer_label,"Берардино написал,liabilities that are at risk on the balance sheet "
417386,no_integer_label,"""Я не знаю, что делать."",in a piece entitled ` ` enron : a wake - up call . ' ' current rules have"
417387,no_integer_label,""":: правовое мышление, которое иногда является более"",fostered a ` ` technical "
417388,no_integer_label,"Берардино сказал .,concerned with form than with substance "
417389,no_integer_label,"""Я не знаю, что делать."",bankruptcy protection after posting a third - quarter loss of $ 1 . 01"
417390,no_integer_label,"""Я не знаю, что делать."",billion in october . the houston - based company used off - balance -"
417391,no_integer_label,"""Я не знаю, что делать."",sheet financing vehicles that enabled it to boost leverage without"
417392,no_integer_label,"""Я не знаю, что делать."",reporting to investors the increased debt on its balance sheet ."
417393,no_integer_label,"в которой подчеркивается,the u . s . financial reporting model "
417394,no_integer_label,"было,historical information and a single earnings - per - share number "
417395,no_integer_label,"когда большинство активов были материальными,created in the 1930 s "
417396,no_integer_label,"""Я не знаю, что делать."",were no derivatives or off - balance - sheet financing . it needs to be"
417397,no_integer_label,"""Я не знаю, что делать."",updated to take into account new complex financial structures and"
417398,no_integer_label,"Берардино сказал.,beyond earnings - per - share "
417399,no_integer_label,"""Я не знаю, что делать."",berardino also said that it takes too long to set new"
417400,no_integer_label,"""Я не знаю, что делать."",standards because regulatory responsibilities are shared by too"
417401,no_integer_label,"""Я не знаю, что делать."",many agencies . ` ` responsibility for administering discipline is"
417402,no_integer_label,"""Я не знаю, что делать."",too diffuse and punishment is not sufficiently certain to promote"
417403,no_integer_label,"Берардино написал.,confidence in the profession "
417404,no_integer_label,"""Я не знаю, что делать."",edf says it ' s in talks to buy enron ' s european retail unit"
417405,no_integer_label,"""Я не знаю, что делать."",2001 - 12 - 04 09 : 01 ( new york )"
417406,no_integer_label,"""Я не знаю, что делать."",edf says it ' s in talks to buy enron ' s european retail unit"
417407,no_integer_label,"""Говорит, что это на переговорах о покупке"",largest power company "
417408,no_integer_label,"Энергетика,european retail energy business of enron corp . "
417409,no_integer_label,"""Я не знаю, что делать."",trader that filed for bankruptcy protection ."
417410,no_integer_label,"000,france ' s state - owned electricity company would gain 150 "
417411,no_integer_label,"""Я не знаю, что делать."",acquisition of enron direct . it is talking to"
417412,no_integer_label,"Сказал представитель, about a purchase "
417413,no_integer_label,"которые отказались быть названными.,electricite de france "
417414,no_integer_label,"""Я не знаю, что делать."",` ` enron direct would fit well with our london electricity"
417415,no_integer_label,"Говорил рейтеру раньше.,french company "
417416,no_integer_label,"""Я не знаю, что делать."",history ' s biggest chapter 11 reorganization . it ' s lining up a $ 1 . 5"
417417,no_integer_label,"получить разрешение тратить деньги на продолжение операций,billion loan "
417418,no_integer_label,"- 1000 рабочих.,and firing 4 "
417419,no_integer_label,"Txu Corp.,centrica plc and innogy holdings plc of the u . k "
417420,no_integer_label,"или,- - brooke nelson in the madrid newsroom ( 34 91 ) 700 - 9602 "
417421,no_integer_label,"""Я не знаю, что делать."",enron lines up $ 1 . 5 billion in bankruptcy financing ( update 5 )"
417422,no_integer_label,"""Я не знаю, что делать."",2001 - 12 - 03 21 : 02 ( new york )"
417423,no_integer_label,"""Я не знаю, что делать."",enron lines up $ 1 . 5 billion in bankruptcy financing ( update 5 )"
417424,no_integer_label,"условия кредитования в,( adds attorney ' s comments in fifth paragraph "
417425,no_integer_label,"см. {верхний nrg} . . ),sixth paragraph . for more enron news "
417426,no_integer_label,"1 долл. США 5,filing the biggest bankruptcy case in u . s . history "
417427,no_integer_label,"""Я не знаю, что делать."",billion in chapter 11 financing from banks led by j . p . morgan"
417428,no_integer_label,"""Я не знаю, что делать."",chase & co . and citigroup inc . ' s citibank ."
417429,no_integer_label,"""Я не знаю, что делать."",u . s . bankruptcy judge arthur gonzalez in manhattan let enron"
417430,no_integer_label,"""Я не знаю, что делать."",draw $ 250 million from the credit line to keep its energy trading"
417431,no_integer_label,"""Я не знаю, что делать."",and other operations running while it tries to reorganize . seeking"
417432,no_integer_label,"более половины его персонала там.,headquarters "
417433,no_integer_label,"Энрон может продолжать,` ` with this financing in place "
417434,no_integer_label,"""Я не знаю, что делать."",business and move forward to implement the first steps of its"
417435,no_integer_label,"в заявлении .,executive officer "
417436,no_integer_label,"""Я не знаю, что делать."",gonzalez scheduled a jan . 7 hearing to consider giving enron"
417437,no_integer_label,"""Я не знаю, что делать."",access to the full $ 1 . 5 billion line of credit . the company was"
417438,no_integer_label,"Сказал,down to its last $ 500 million in cash without the new funds "
417439,no_integer_label,"""Я не знаю, что делать."",gonzalez at a hearing that lasted into the evening ."
417440,no_integer_label,"Дневник сказал после,` ` this will improve things "
417441,no_integer_label,"""Я не знаю, что делать."",hearing . ` ` it shows the company has credit . ' '"
417442,no_integer_label,"""Я не знаю, что делать."",courting investors"
417443,no_integer_label,"""Я не знаю, что делать."",the company will use $ 550 million of the $ 1 . 5 billion credit"
417444,no_integer_label,"""Я не знаю, что делать."",line to repay $ 550 million owed by its transwestern pipeline unit ."
417445,no_integer_label,"""Я не знаю, что делать."",once transwestern ' s debt is paid the pipeline operator will"
417446,no_integer_label,"j. p. morgan,likely file for bankruptcy as part of enron ' s case "
417447,no_integer_label,"""Я не знаю, что делать."",chase ' s attorney donald s . bernstein told gonzalez ."
417448,no_integer_label,"""Я не знаю, что делать."",enron sought bankruptcy protection to rescue and revive its"
417449,no_integer_label,"долл. США 8 млрд.,trading business "
417450,no_integer_label,"Говорит биенсток.,in revenue last year "
417451,no_integer_label,"""Я не знаю, что делать."",shares of enron rose 14 cents to 39 cents . the stock traded"
417452,no_integer_label,"""Я не знаю, что делать."",as high as $ 90 . 75 last year . the company ' s 6 3 / 8 percent bonds due"
417453,no_integer_label,"в соответствии с банком Deutsche .,2003 traded around 24 cents "
417454,no_integer_label,"""Я не знаю, что делать."",enron corp . is courting investors to revive its crippled"
417455,no_integer_label,"""Даже когда он теряет клиентов, которые боятся компании"",trading business "
417456,no_integer_label,"""Я не знаю, что делать."",will be unable to make good on its obligations . the company is in"
417457,no_integer_label,"""Я не знаю, что делать."",talks with financial institutions to fund the wholesale trading"
417458,no_integer_label,"Главный оперативный офицер,business ` ` under new ownership "
417459,no_integer_label,"""Я не знаю, что делать."",greg whalley said in a statement ."
417460,no_integer_label,"""Я не знаю, что делать."",enron and at least 13 units declared bankruptcy yesterday "
417461,no_integer_label,"""Я не знаю, что делать."",listing total assets of $ 49 . 8 billion and debts of $ 31 . 2 billion ."
417462,no_integer_label,"""Я не знаю, что делать."",the company ' s enron gas liquids inc . unit today filed for"
417463,no_integer_label,"""Я не знаю, что делать."",bankruptcy and was added to the case ."
417464,no_integer_label,"""Я не знаю, что делать."",dynegy suit"
417465,no_integer_label,"""Я не знаю, что делать."",enron also is suing dynegy inc . for $ 10 billion for its"
417466,no_integer_label,"""Я не знаю, что делать."",rival ' s about - face in withdrawing a $ 23 billion bid to acquire"
417467,no_integer_label,"""иски в тексасском суде, чтобы получить"",enron . today dynegy retaliated "
417468,no_integer_label,"""Я не знаю, что делать."",control of enron ' s northern natural gas co . pipeline ."
417469,no_integer_label,"""Я не знаю, что делать."",bienenstock said the company had less than a week since"
417470,no_integer_label,"""Я не знаю, что делать."",dynegy canceled its takeover to obtain temporary financing ."
417471,no_integer_label,"""Я не знаю, что делать."",he said ."
417472,no_integer_label,"""Я не знаю, что делать."",enron ' s trading business plummeted after the company in mid -"
417473,no_integer_label,"""Я не знаю, что делать."",october reported a third - quarter loss of $ 1 . 01 billion "
417474,no_integer_label,"В торговом справочнике энрона содержится,bienenstock said . before that "
417475,no_integer_label,"долл. США до 7 долл. США,value of $ 12 billion . today "
417476,no_integer_label,"Он сказал.,billion "
417477,no_integer_label,"""Я не знаю, что делать."",` ` we do not today have every ` i ' dotted and every ` t '"
417478,no_integer_label,"""Я не знаю, что делать."",said . more enron affiliates will file for bankruptcy protection"
417479,no_integer_label,"""Я не знаю, что делать."",arthur andersen"
417480,no_integer_label,"""Я не знаю, что делать."",enron ' s nosedive - - its shares have lost 99 percent of their"
417481,no_integer_label,"::,value - - has also placed a spotlight on arthur andersen llp "
417482,no_integer_label,"""Я не знаю, что делать."",company ' s auditor . enron said last month it overstated its 1998"
417483,no_integer_label,"""586 млн. долл. США, которые компания сократила"",income by $ 113 million "
417484,no_integer_label,"""Я не знаю, что делать."",from its profits since 1997 . the securities and exchange"
417485,no_integer_label,"""Я не знаю, что делать."",commission is investigating ."
417486,no_integer_label,"Я не знаю.,` ` until we ' ve seen the fallout from this bankruptcy "
417487,no_integer_label,"""Я не знаю, что делать."",think you ' re going to find a lot of entities that are prepared to"
417488,no_integer_label,"""Я не знаю, что делать."",owns utilities in five states . ` ` anyone who thinks this will be a"
417489,no_integer_label,"""Я не знаю, что делать."",quick bankruptcy is deluding themselves . ' '"
417490,no_integer_label,"2000 работников на конец,the company had about 21 "
417491,no_integer_label,"100 работников,the rest in other parts of the world . it fired 1 "
417492,no_integer_label,"""Я не знаю, что делать."",the u . k . last week ."
417493,no_integer_label,"""Я не знаю, что делать."",severance"
417494,no_integer_label,"""Я не знаю, что делать."",workers streamed out of enron ' s sleek glass office tower in"
417495,no_integer_label,":: ношение коробок с личным имуществом и,downtown houston today "
417496,no_integer_label,"""Я не знаю, что делать."",saying their goodbyes . police officers on horseback helped direct"
417497,no_integer_label,"""Я не знаю, что делать."",traffic on nearby streets ."
417498,no_integer_label,"""Я не знаю, что делать."",employees said they were separated at the office into two"
417499,no_integer_label,"""Я не знаю, что делать."",groups . one was told to leave and check enron voice - mail for"
417500,no_integer_label,"""Я не знаю, что делать."",updates on their status . others were told they will be kept and"
417501,no_integer_label,"""Я не знаю, что делать."",were ordered to stay on the job ."
417502,no_integer_label,"""Я не знаю, что делать."",` ` the worst thing was the ones they are going to keep were"
417503,no_integer_label,"""Я не знаю, что делать."",whisked away into a room like they were having champagne and"
417504,no_integer_label,"""Я не знаю, что делать."",steel and forest products . ` ` they always preached respect "
417505,no_integer_label,"""Я не знаю, что делать."",upheld . ' '"
417506,no_integer_label,"500 в,enron won gonzalez ' s permission to pay a minimum of $ 4 "
417507,no_integer_label,"расходовать до 40 млн. долл.,severance to fired employees "
417508,no_integer_label,"""Я не знаю, что делать."",complete construction of its office tower in houston and up to $ 8"
417509,no_integer_label,"""Я не знаю, что делать."",million for internet access and other expenses critical to its"
417510,no_integer_label,"""Я не знаю, что делать."",trading operation ."
417511,no_integer_label,"""Я не знаю, что делать."",enron ' s lay said he will try to keep workers who are key to"
417512,no_integer_label,"которая обеспечивала 97%,running trading operations "
417513,no_integer_label,"""Я не знаю, что делать."",enron ' s revenue ."
417514,no_integer_label,"""Я не знаю, что делать."",- - jeff st . onge and jim polson in new york with andy pratt in"
417515,no_integer_label,"""Я не знаю, что делать."",enron ' s collapse may have repercussions throughout houston"
417516,no_integer_label,"""Я не знаю, что делать."",2001 - 12 - 03 19 : 48 ( new york )"
417517,no_integer_label,"""Я не знаю, что делать."",enron ' s collapse may have repercussions throughout houston"
417518,no_integer_label,"Dec. 3 (Brownberg) - - Enron Corp.,houston "
417519,no_integer_label,"""Я не знаю, что делать."",the newly re - elected mayor said there are no specific plans for"
417520,no_integer_label,"""Я не знаю, что делать."",assistance ."
417521,no_integer_label,"Мэр Ли Браун сказал,the impact to houston should be minimal "
417522,no_integer_label,"""Я не знаю, что делать."",a press conference on his first working day after narrowly winning"
417523,no_integer_label,"""Я не знаю, что делать."",an election run - off saturday ."
417524,no_integer_label,"""Я не знаю, что делать."",` ` seattle didn ' t disappear after boeing decided it would"
417525,no_integer_label,"Коричневый сказал . . . . . . . . . . . . . . . . . . . . . .,move "
417526,no_integer_label,"""Я не знаю, что делать."",one company ' s problems will not impact the other strong companies"
417527,no_integer_label,"""Я не знаю, что делать."",we have . ' '"
417528,no_integer_label,"""Я не знаю, что делать."",state officials were more forthcoming . texas governor rick"
417529,no_integer_label,"""Я не знаю, что делать."",perry directed the texas workforce commission to send rapid"
417530,no_integer_label,"""Я не знаю, что делать."",response teams to houston to begin assistance programs for fired"
417531,no_integer_label,"Представительский ген-акуна сказал .,workers "
417532,no_integer_label,"самый большой,enron filed yesterday for bankruptcy protection "
417533,no_integer_label,"""после того, как бизнес начал разваливаться"",such filing in u . s . history "
417534,no_integer_label,"""Я не знаю, что делать."",october because it wrote off more than $ 1 billion in failed"
417535,no_integer_label,"""Я не знаю, что делать."",investments amid a $ 1 . 2 billion loss in shareholder equity ."
417536,no_integer_label,"""Я не знаю, что делать."",investors continued to lose confidence in the company when it"
417537,no_integer_label,"""Я не знаю, что делать."",restated more than four years of earnings . enron sought to merge"
417538,no_integer_label,"""Я не знаю, что делать."",forcing the largest energy trader to seek reorganization in"
417539,no_integer_label,"""Я не знаю, что делать."",bankruptcy court ."
417540,no_integer_label,"на 10 млрд. долл. США.,cents to 40 cents . dynegy "
417541,no_integer_label,"долл. США 17,percent "
417542,no_integer_label,"""Я не знаю, что делать."",tide of loss"
417543,no_integer_label,"""Я не знаю, что делать."",the tide of employees that emerged from enron ' s glass"
417544,no_integer_label,"когда компания велела большинству своих рабочих уйти,building monday "
417545,no_integer_label,"может иметь последствия,home and await word on their jobs "
417546,no_integer_label,""", затрагивающие проекты новых отделений"",throughout houston ' s downtown area "
417547,no_integer_label,"Хьюстоны сказали .,as well as small businesses "
417548,no_integer_label,"между энроном и большим,the gateway newsstand "
417549,no_integer_label,"""потеряет около 30% своего бизнеса, если"",parking garage "
417550,no_integer_label,"Владелец Нор Кэмдар сказал .,energy trader were to cut all of its jobs "
417551,no_integer_label,"""Я не знаю, что делать."",enron workers on lunch break usually crowd the shop for"
417552,no_integer_label,"Нефтяные напитки и бутерброды.,cigarettes "
417553,no_integer_label,"""Я не знаю, что делать."",kamdar said . ` ` i guess we will have to find a new crowd . ' '"
417554,no_integer_label,"""Я не знаю, что делать."",houston ' s downtown has been the focus of an intense"
417555,no_integer_label,"в качестве жилых разработчиков,revitalization effort in recent years "
417556,no_integer_label,"""Я не знаю, что делать."",build expensive loft apartments and commercial builders construct"
417557,no_integer_label,"""Я не знаю, что делать."",four new office complexes ."
417558,no_integer_label,"Директор по вопросам развития предпринимательства в интересах экономического развития,ness "
417559,no_integer_label,"""Я не знаю, что делать."",group central houston inc . the number of people living downtown"
417560,no_integer_label,"""и, как ожидается, увеличится на 15 процентов"",grew 4 . 5 percent in 2001 "
417561,no_integer_label,"Она сказала.,annually for the next five years "
417562,no_integer_label,"""Я не знаю, что делать."",office projects"
417563,no_integer_label,"""Я не знаю, что делать."",enron is completing a second office tower to match its"
417564,no_integer_label,"при этом,mirrored headquarters . work on the project continues "
417565,no_integer_label,"""Я не знаю, что делать."",estate company that ' s developing the project . enron today received"
417566,no_integer_label,"""Я не знаю, что делать."",permission from a bankruptcy judge to spend as much as $ 40 million"
417567,no_integer_label,"""Я не знаю, что делать."",to finish the tower ."
417568,no_integer_label,"""Я не знаю, что делать."",that will put about a million square feet of office space on"
417569,no_integer_label,"""Я не знаю, что делать."",broker staubach & co . ' s houston office ."
417570,no_integer_label,"""'"""""",` ` it ' ll definitely create a little more vacancy downtown "
417571,no_integer_label,"""которые, по оценкам, могут подняться до 10 процентов"",bellow said "
417572,no_integer_label,"""Предполагается, что в здании Эрона будут находиться"",from 5 percent now . still "
417573,no_integer_label,"""Я не знаю, что делать."",high demand in a market lacking large blocks of space for major"
417574,no_integer_label,"""Я не знаю, что делать."",new entrants ."
417575,no_integer_label,"""Я не знаю, что делать."",` ` there are several large companies in this city who have"
417576,no_integer_label,"""Я не знаю, что делать."",already expressed interest in one or more of the buildings if they"
417577,no_integer_label,"Сказали:,come available "
417578,no_integer_label,"""Я не знаю, что делать."",other major downtown office projects under construction are"
417579,no_integer_label,"""Я не знаю, что делать."",pre - leased to anchor tenants that include energy traders reliant"
417580,no_integer_label,"""Говорит, что да."",inc . and calpine corp . "
417581,no_integer_label,"""Я не знаю, что делать."",development postponed"
417582,no_integer_label,"""Я не знаю, что делать."",work on all the projects continues . trammel crow co . "
417583,no_integer_label,"""Я не знаю, что делать."",because of uncertainty about the impact enron ' s collapse will have"
417584,no_integer_label,"""Я не знаю, что делать."",on demand ."
417585,no_integer_label,"""Я не знаю, что делать."",perhaps the most visible loss to houston will be the prestige"
417586,no_integer_label,"который украшает город,associated with the company ' s name "
417587,no_integer_label,"Эронное поле. Торговец входит в число трёх городов.,ballpark "
417588,no_integer_label,"""Я не знаю, что делать."",most visible employers to hit hard times . layoffs were announced"
417589,no_integer_label,"где спрос,earlier this year at continental airlines inc . "
417590,no_integer_label,"и в,dropped following the attacks in new york and washington "
417591,no_integer_label,"Которую покупает Хьюлетт - Пакард,compaq computer corp . "
417592,no_integer_label,"""Я не знаю, что делать."",co ."
417593,no_integer_label,"Ты вылетаешь из игры,` ` if you ' re the ( chamber of commerce ) "
417594,no_integer_label,"""Я не знаю, что делать."",university of houston and director of the institute for regional"
417595,no_integer_label,"""Я не знаю, что делать."",forecasting . ` ` enron was the icon for houston for the new energy"
417596,no_integer_label,"""Я не знаю, что делать."",economy . ' '"
434290,no_integer_label,"""Я не знаю, что делать."",computer screens went dark nationwide wednesday as the widely used enrononline internet - based trading system shut down ."
434291,no_integer_label,"""Скачок акций Энрона менее чем на половину суммы в 10 долларов 41 $, которую динаги первоначально согласились заплатить . . . . . . . . . . . . . . . . . . . . . . . . . . . . . . . . . . . . . . . . . . . . . . . . . . . . . . . . . . . . . . . . . . . . . . . . . ."",wall street had been saying no for days "
434292,no_integer_label,"""зная, что они, вероятно, вынесли смертный приговор."",the deal ' s lack of credibility with stock and bond investors prompted the top two rating agencies - - standard & poor ' s and moody ' s investors service - - to cut their ratings on enron "
434293,no_integer_label,"аналитики сказали.,the ratings downgrade triggered clauses in enron loan agreements that require the company to immediately pay its creditors some $ 3 . 9 billion - - money that it doesn ' t have "
434294,no_integer_label,"""отмечая, что соперники уже вступили в бизнес с торговыми партнерами, которые слишком нервничали, чтобы продолжать иметь дело с Энроном."",energy market experts are split on the long - term effects of enron ' s collapse . some say the fallout will be slight "
434295,no_integer_label,"""Я не знаю, что делать."",copyright ? 2000 dow jones financial desk"
434296,no_integer_label,"""Я не знаю, что делать."",enron failure ' s ripple effects analysis : observers say consequences could be severe for energy prices as well as banks and other investors . firm ' s trading rivals see opportunities ."
434297,no_integer_label,"""Я не знаю, что делать."",james flanigan ; chris kraul"
434298,no_integer_label,"""Я не знаю, что делать."",times staff writers"
434299,no_integer_label,"""Я не знаю, что делать."",11 / 29 / 2001"
434300,no_integer_label,"""Я не знаю, что делать."",los angeles times"
434301,no_integer_label,"""Я не знаю, что делать."",home edition"
434302,no_integer_label,"""Я не знаю, что делать."",c - 1"
434303,no_integer_label,"""Я не знаю, что делать."",copyright 2001 / the times mirror company"
434304,no_integer_label,"""Рынки торговли энергоресурсами были спокойными по мере того, как конкуренты-энроны подхватили слабый режим, в то время как они искали возможности для создания или расширения своих собственных торговых операций и приобретения энронных активов."",however "
434305,no_integer_label,"""В настоящее время Комиссия по ценным бумагам и биржам проводит расследование в отношении бухгалтерской фирмы, утвердившей финансовые ведомости компании &quot; Энрон &quot; ."",major lawsuits against enron claiming lack of loyalty and prudence in dealing with its employees are among scores of lawsuits now confronting the company and arthur andersen "
434306,no_integer_label,"""В торговле энергоресурсами царил большой оптимизм. Энронские конкуренты с таким же энтузиазмом относились к возможностям купить части энрона, как и опасались последствий краха крупного торговца."",and yet as enron ' s crisis approached a possible bankruptcy filing "
434307,no_integer_label,"В США и за рубежом.,baum added that sempra could be interested in acquiring several enron assets "
434308,no_integer_label,"""В последние годы фирма взяла на себя долгосрочные обязательства по удовлетворению всех энергетических потребностей таких гигантских организаций, как калифорнийский университет, или по поставке 10-летнего природного газа по фиксированной цене на электростанцию."",still "
434309,no_integer_label,"""Я не знаю, что делать."",problems could arise because long - term contracts typically become encrusted with related transactions that hedge against price movements over time or the interest cost of financing . such complexity could make it difficult for other firms to pick up enron ' s long - term contracts ."
434310,no_integer_label,"долл. США в год в виде контрактов на производство электроэнергии и природного газа и нефтяного топлива.,one major factor reducing the effect of an enron collapse on markets and energy supplies is the growth in recent years of energy trading into a broad industry "
434311,no_integer_label,"""в этой отрасли будут созданы две основные группы, на которые можно будет положиться."",if sempra and other companies acquire and operate enrononline "
434312,no_integer_label,""", что, по всей вероятности, приведет к более строгому регулированию торговли контрактами на энергетику в целях более широкого раскрытия информации об условиях и рисках."",however "
434313,no_integer_label,"""Я не знаю, что делать."",*"
434314,no_integer_label,"""Я не знаю, что делать."",flanigan reported from los angeles and kraul from houston . times staff writer jerry hirsch contributed to this report ."
434315,no_integer_label,"""Я не знаю, что делать."",graphic : fallout on wall street / los angeles times ;"
434316,no_integer_label,"""Я не знаю, что делать."",copyright ? 2000 dow jones financial desk"
434317,no_integer_label,"""Я не знаю, что делать."",from times staff and wire reports"
434318,no_integer_label,"""Я не знаю, что делать."",11 / 29 / 2001"
434319,no_integer_label,"""Я не знаю, что делать."",los angeles times"
434320,no_integer_label,"""Я не знаю, что делать."",home edition"
434321,no_integer_label,"""Я не знаю, что делать."",c - 4"
434322,no_integer_label,"""Я не знаю, что делать."",copyright 2001 / the times mirror company"
434323,no_integer_label,"""Я не знаю, что делать."",losers topped winners by about 2 to 1 on the new york stock exchange and on nasdaq ."
434324,no_integer_label,"""Надежды на то, что в начале следующего года бизнес улучшится, стимулируют рынок."",analysts noted that many investors aren ' t convinced the economy will improve in the first half of 2002 . for weeks "
434325,no_integer_label,"""Многие аналитики сказали, что продажа акций на этой неделе не является чем - то особенным."",still "
434326,no_integer_label,"""Я не знаю, что делать."",hyman and other analysts were actually pleased to see investors take a cautious step back after fearing that the market was rising too much and too quickly ."
434327,no_integer_label,"""Я не знаю, что делать."",investors were selling most utility stocks wednesday . the dow utilities average fell 2 . 9 % to a 52 - week low of 279 . 95 ."
434328,no_integer_label,""", и Citigroup упала на 2 $75-47 $. 80 . оба находятся в доу ."",financial stocks were slammed on worries about spillover from an enron collapse . j . p . morgan chase sank $ 2 . 30 to $ 37 . 50 "
434329,no_integer_label,""", подтвердил свои прогнозы поступлений на последние три месяца года."",technology also was weaker as investors fear there is still too much inventory and not enough demand . chip equipment maker altera fell $ 1 . 83 to $ 21 . 83 ahead of its update on business in the fourth quarter . after the market closed "
434330,no_integer_label,"Но это было не так к концу недели.,what was bad for stocks normally would be good for bonds "
434331,no_integer_label,"""После того, как правительство распродало самые большие за последние два года банкноты, рынок был затоплен долгами."",yields fell early in the day "
434332,no_integer_label,"выше 4 . 92%,the five - year t - note yield ended unchanged at 4 . 29 % . the 10 - year t - note ended at 4 . 93 % "
434333,no_integer_label,"""Я не знаю, что делать."",copyright ? 2000 dow jones bankruptcy expected"
434334,no_integer_label,"""Я не знаю, что делать."",by laura goldberg"
434335,no_integer_label,"""Я не знаю, что делать."",copyright 2001 houston chronicle"
434336,no_integer_label,""", наиболее вероятным вариантом для энрона является защита от банкротства ."",after dynegy pulled out of its deal to buy enron corp . wednesday morning "
434337,no_integer_label,""", что предполагает ликвидацию или продажу всех активов."",mcmahon said enron wasn ' t considering a chapter 7 bankruptcy filing "
434338,no_integer_label,"""но сказал, что предпочитает починить Энрона без банкротства."",he declined to describe what the options are "
434339,no_integer_label,"""Компания """"Эндрон"""" заявила, что она приостановила платежи, помимо тех, которые необходимы для поддержания основных коммерческих операций, и она работает над удержанием работников, необходимых для ее торговли и других основных энергетических предприятий."",earlier wednesday "
434340,no_integer_label,"""Я не знаю, что делать."",dynegy swooped in to rescue enron when the two companies agreed to a merger deal nov . 9 . but continuing bad news surrounding enron put pressure on that deal ."
434341,no_integer_label,"""Похоже, что Энрон и Динеги нашли способ спасти слияние, изменив его условия ."",until wednesday morning "
434342,no_integer_label,"""Уотсон сказал, что он не ожидал больше никаких сюрпризов о финансовом состоянии Энрона . но сделка включала в себя положения о побеге на всякий случай ."",when the companies inked the deal on nov . 9 "
434343,no_integer_label,"""Я не знаю, что делать."",""among reasons dynegy cited for ending the merger were """""""" breaches of representations """""""" by enron . it also invoked an escape provision that let dynegy to walk away if enron had a """""""" material adverse change """""""" in its business ."""
434344,no_integer_label,"""в день, когда Энрон подала 10 q в регуляторы ценных бумаг ... компании должны представлять свои 10 q каждый квартал с подробной информацией о своих доходах и балансе в секунду."",watson traced the beginning of the end to nov . 19 "
434345,no_integer_label,"Уотсон сказал.,dynegy was hit by surprise when enron disclosed it would have to pay off a specific debt obligation worth $ 690 million almost immediately and when it saw that enron ' s cash situation wasn ' t what it expected "
434346,no_integer_label,"""Я не знаю, что делать."",sources told the chronicle that j . p . morgan chase other firms reassuring investors"
434347,no_integer_label,"""Я не знаю, что делать."",another jolt"
434348,no_integer_label,"""Я не знаю, что делать."",by michael davis"
434349,no_integer_label,"""Я не знаю, что делать."",copyright 2001 houston chronicle"
434350,no_integer_label,"""Торговец энергией Чарли Санчез наблюдал, как торговый бизнес компании просто исчез с экрана компьютера."",shortly after enron corp . ' s bond ratings were cut to junk status wednesday "
434351,no_integer_label,"""После этого был закрыт онлайн-торговый бизнес Энрона, а затем было объявлено, что динаги отменили сделку на покупку Энрона."",the downgrade of enron ' s debt was the first domino to fall wednesday "
434352,no_integer_label,"""Я не знаю, что делать."",the commodities markets appeared to weather the event . but the shutdown of the company that was by far the biggest player in the market led other companies that regularly dealt with enron to hastily issue statements assuring investors they were not going to be dragged down as well ."
434353,no_integer_label,"""Многие торговцы вынуждены были вновь обратиться к многочисленным источникам для того, чтобы выяснить, что делает рынок, а не просто забрать на энрононлайн и нажать на одну вкладку, чтобы расширить рынок, где они хотят торговать."",with enrononline down "
434354,no_integer_label,"""Я не знаю, что делать."",""one trader described enron as """""""" a needle in a haystack in terms of the total long - term capital markets . """""""""""
434355,no_integer_label,"В ходе брифинга в Белом доме было объявлено о необходимости более пристального наблюдения.,nonetheless "
434356,no_integer_label,"""Я не знаю, что делать."",u . s . treasury department officials kept a close eye on the credit and energy markets wednesday but discerned no upheavals from the troubles at enron ."
434357,no_integer_label,"""Я не знаю, что делать."",the market appeared more worried about possible losses connected with enron ."
434358,no_integer_label,"""Я не знаю, что делать."",""el paso corp . ' s stock took a beating wednesday - - down $ 3 . 59 to close at $ 44 . 91 - - over concerns that it had too much exposure to enron through its trading business . the company issued a statement saying it had """""""" systematically reduced its trading with enron """""""" over the past few weeks ."""
434359,no_integer_label,"""отмечая, что она также начала ограничивать свой риск воздействия в начале того, что она назвала """"генронным кризисом""""."",atlanta - based mirant said its exposure to enron is $ 50 million to $ 60 million "
434360,no_integer_label,"""Это означает, что то, что энрон должен кальпийну за торговлю газом и электроэнергией, компенсируется обязательствами кальпина перед энроном."",""calpine corp . said it had no """""""" net exposure """""""" to enron """
434361,no_integer_label,"""Они либо требовали большего залога, чтобы он поставлялся по торговле, либо ограничивали сделки с компанией, базирующейся в Хьюстоне."",enron faced a cash crunch in part because some trading partners lost confidence the company would have the cash to pay bills . as a result "
434362,no_integer_label,"""Я не знаю, что делать."",the flood of large orders out of enron caused the near - month futures contract on the new york mercantile exchange to spike up and then fall off just as quickly in late morning trading ."
434363,no_integer_label,""", многие из которых относятся к долгосрочным периодам, таким, как 10-15 лет."",enron reportedly has been working over the past few weeks to line up alternate parties to hand off their thousands of contracts the company handles daily "
434364,no_integer_label,"""Я не знаю, что делать."",houston chronicle"
434365,no_integer_label,"""Я не знаю, что делать."",bankruptcy filing by enron could be largest ever"
434366,no_integer_label,"""Я не знаю, что делать."",by tom fowler"
434367,no_integer_label,"""Я не знаю, что делать."",copyright 2001 houston chronicle"
434368,no_integer_label,""", что могло бы включать в себя энроновый акционерный капитал, который использовался для поддержки некоторых сложных небалансовых финансовых партнерств, которые привели к текущим проблемам компании . Учитывая постоянные сюрпризы вокруг этих партнерств и резкое падение цен на акции компании, которые сейчас стоят меньше чем чашечку кофе, 1 миллиард долларов также подозревается ."",""the company also counts $ 7 . 1 billion in investments and advances to """""""" unconsolidated affiliates """""""" as assets """
434369,no_integer_label,"""Но в среду они заявили, что временно приостанавливают все платежи кредиторам, кроме тех, которые необходимы для поддержания основных операций по торговле энергоресурсами."",company officials say they ' re still reviewing options "
434370,no_integer_label,"""Кредиторы заранее договариваются о том, как будет разделена между ними продажа активов компании. Это позволит всем сторонам сэкономить невыразимые миллионы денег на оплату юридических услуг, которые будут потрачены на борьбу за компанию, обеспечивая при этом по крайней мере некоторое возмещение их инвестиций."",in a prepackaged bankruptcy "
434371,no_integer_label,""", включая определение действительности требований в исках ."",chapter 11 bankruptcy has the added benefit of freezing the many lawsuits that have been filed by angry shareholders . those lawsuits would eventually be handled by the bankruptcy court "
434372,no_integer_label,"""Я не знаю, что делать."",houston chronicle"
434373,no_integer_label,"""Я не знаю, что делать."",ballpark place project stopped dead in tracks"
434374,no_integer_label,"""Я не знаю, что делать."",by ralph bivins"
434375,no_integer_label,"""Я не знаю, что делать."",copyright 2001 houston chronicle"
434376,no_integer_label,"""Поднимаясь на левое поле на стадионе """"Энрон""""."",the $ 108 million ballpark place was expected to be a dominant skyline feature "
434377,no_integer_label,"Оставив вопросы о новой башне из 1 миллиона квадратных футов.,but dynegy ' s plans to buy enron fell apart wednesday "
434378,no_integer_label,"""Я не знаю, что делать."",trammell crow has not abandoned its plans for ballpark place ."
437078,no_integer_label,"""'"""""",they ' ve got to go out and get the power from somebody else "
437079,no_integer_label,"""Я не знаю, что делать."",which is becoming more difficult and expensive because of the"
437080,no_integer_label,"Макнамара сказал.,company ' s credit problems "
437081,no_integer_label,"""Я не знаю, что делать."",lowering exposure"
437082,no_integer_label,"""Я не знаю, что делать."",some partners have long - term contracts with enron and don ' t"
437083,no_integer_label,"""Я не знаю, что делать."",want it to fail until they can find alternative suppliers or hedge"
437084,no_integer_label,"Торговцы говорят .,existing contracts "
437085,no_integer_label,"""Я не знаю, что делать."",` ` most people want enron to survive for a certain amount of"
437086,no_integer_label,"""* Энергокомпания, имеющая офисы в Хьюстоне."",vitol sa "
437087,no_integer_label,"""Я не знаю, что делать."",` ` we continue to trade with enron cautiously . ' '"
437088,no_integer_label,"""Я не знаю, что делать."",companies that are buying from enron may be doing so to"
437089,no_integer_label,"a Метод.,offset agreements to sell back to the company later "
437090,no_integer_label,"""Я не знаю, что делать."",for reducing the potential losses if a partner fails to meet its"
437091,no_integer_label,"Торговцы сказали .,obligations "
437092,no_integer_label,"""Я не знаю, что делать."",shares declined"
437093,no_integer_label,"""Я не знаю, что делать."",enron shares have fallen 95 percent this year as the"
437094,no_integer_label,"""Я не знаю, что делать."",investors questioned whether the company was using affiliated"
437095,no_integer_label,"и некоторые кредиторы прекратили,partnerships to hide losses and debt "
437096,no_integer_label,"""Я не знаю, что делать."",providing enron with cash ."
437097,no_integer_label,"""нисходя из высоты,"",enron shares rose 13 cents to $ 4 . 14 today "
437098,no_integer_label,"вниз 4 . 3,of $ 84 . 63 on dec . 28 . dynegy rose $ 1 . 64 to $ 40 . 89 "
437099,no_integer_label,"""Я не знаю, что делать."",percent from nov . 9 when the merger was announced . shares of"
437100,no_integer_label,"""Я не знаю, что делать."",$ 85 . 62 ."
437101,no_integer_label,"""компания сказала, что акционерный капитал был снижен"",in october "
437102,no_integer_label,"""Я не знаю, что делать."",by $ 1 . 2 billion because it used stock to pay off a partnership ' s"
437103,no_integer_label,"Компания снизила доходы до 1997 года на 586 долл. США,debt . on nov . 8 "
437104,no_integer_label,"""Я не знаю, что делать."",million to reflect losses incurred by the partnerships ."
437105,no_integer_label,"""Эндрон сказал, что он может быть вынужден заплатить 690 млн. долл. США"",last week "
437106,no_integer_label,"""Я не знаю, что делать."",note owed by one of the partnerships and may write off $ 700"
437107,no_integer_label,"""Я не знаю, что делать."",million in the fourth quarter to reflect a debt it is backing for"
437108,no_integer_label,"""Я не знаю, что делать."",another partnership with stock ."
437109,no_integer_label,"""Я не знаю, что делать."",debt"
437110,no_integer_label,"""Я не знаю, что делать."",enron is trying to renegotiate more than $ 9 billion in debt"
437111,no_integer_label,""", а также в равной степени"",payments owed before the end of 2002 "
437112,no_integer_label,"""Я не знаю, что делать."",$ 2 billion from outside investors who will take a stake in the"
437113,no_integer_label,"""Энрону может не хватать наличных денег, которые ему нужны."",company . without more money "
437114,no_integer_label,"аналитики говорят.,to guarantee trades "
437115,no_integer_label,"масло,credit concerns prompted magnum hunter resources inc . "
437116,no_integer_label,"""Я не знаю, что делать."",enron from the largest producing property it controls in the gulf"
437117,no_integer_label,"""Я не знаю, что делать."",of mexico ."
437118,no_integer_label,"""Я не знаю, что делать."",the company is still selling gas to enron from two smaller"
437119,no_integer_label,"""Я не знаю, что делать."",because enron was one of the few companies willing to give small"
437120,no_integer_label,"цены на нефть и газ,companies credit a few years ago "
437121,no_integer_label,"""Я не знаю, что делать."",low ."
437122,no_integer_label,"""Я не знаю, что делать."",` ` we have always appreciated them standing by us when"
437123,no_integer_label,"Сказал охотник за магнутами,commodity prices were low "
437124,no_integer_label,"""Я не знаю, что делать."",officer chris tong ."
437125,no_integer_label,"""Я не знаю, что делать."",some large industrial natural gas and electricity users are"
437126,no_integer_label,"промышленности,avoiding signing long - term contracts with enron "
437127,no_integer_label,"""Я не знаю, что делать."",consultants said ."
437128,no_integer_label,"""Я не знаю, что делать."",` ` why would you go with a supplier where there ' s uncertainty "
437129,no_integer_label,"""Я не знаю, что делать."",when you can go with one where there ' s certainty ? ' ' asked mark"
437130,no_integer_label,"Главный оперативный сотрудник служб энергообеспечения на высшем уровне,boyer "
437131,no_integer_label,"""Я не знаю, что делать."",companies on their energy - purchasing decisions ."
437132,no_integer_label,"""( 713 ) 353 - 4876"""""",- - eileen o ' grady in houston "
449187,embedded_header,"текст,label"
